-- phpMyAdmin SQL Dump
-- version 4.1.11
-- http://www.phpmyadmin.net
--
-- Хост: localhost
-- Время создания: Дек 10 2014 г., 12:53
-- Версия сервера: 5.5.36-34.0-632.precise
-- Версия PHP: 5.3.29

SET SQL_MODE = "NO_AUTO_VALUE_ON_ZERO";
SET time_zone = "+00:00";


/*!40101 SET @OLD_CHARACTER_SET_CLIENT=@@CHARACTER_SET_CLIENT */;
/*!40101 SET @OLD_CHARACTER_SET_RESULTS=@@CHARACTER_SET_RESULTS */;
/*!40101 SET @OLD_COLLATION_CONNECTION=@@COLLATION_CONNECTION */;
/*!40101 SET NAMES utf8 */;

--
-- База данных: `cl308670_dino`
--

-- --------------------------------------------------------

--
-- Структура таблицы `app_block_content`
--

CREATE TABLE IF NOT EXISTS `app_block_content` (
  `id_app_block_content` int(8) NOT NULL AUTO_INCREMENT,
  `name` varchar(255) NOT NULL COMMENT 'Название',
  `explanation` varchar(255) DEFAULT NULL COMMENT 'Объяснение',
  `state` tinyint(1) NOT NULL DEFAULT '0' COMMENT 'Видимость',
  `text_ru` longtext COMMENT 'Обычный текст по русски',
  `text_en` longtext COMMENT 'Обычный текст по английски',
  `html_ru` longtext COMMENT 'html контент по русски',
  `html_en` longtext COMMENT 'html контент по английски',
  PRIMARY KEY (`id_app_block_content`)
) ENGINE=InnoDB  DEFAULT CHARSET=utf8 COMMENT='Блоки контента' AUTO_INCREMENT=8 ;

--
-- Дамп данных таблицы `app_block_content`
--

INSERT INTO `app_block_content` (`id_app_block_content`, `name`, `explanation`, `state`, `text_ru`, `text_en`, `html_ru`, `html_en`) VALUES
(2, 'header_phones', 'Телефоны в шапке сайта', 1, '', '', '<div class="phones">\r\n<div class="phone">+7(967) 050-00-47</div>\r\n<div class="phone">+7(912) 378-99-93</div>\r\n</div>', '<div class="phones">\r\n<div class="phone">+7(967) 050-00-47</div>\r\n<div class="phone">+7(912) 378-99-93</div>\r\n</div>'),
(3, 'about_main_page', 'Блок О компании на главной', 1, '', '', '<p>Здравствуйте уважаемые гости!</p>\r\n<p>Мы рады приветствовать всех кто любит путешествовать, открывать для себя новые города и даже миры! Наша компания &laquo;Вятка-ДиноТур&raquo; занимается туризмом и путешествиями по Кировской области. Наши туры необычные и отличаются эксклюзивными предложениями, они могут рассказать и показать вам нечто загадочное и чудесное&hellip;</p>\r\n<p>Мы приглашаем посетить таинственный и древний город Котельнич, а так же не менее интересные его окрестности. Вы получите массу приятных впечатлений!</p>\r\n<p>Котельнич был основан в 1181 году новгородцами на месте захваченного марийского городка Кокшарова. Пять раз город сгорал дотла и возрождался на том же самом месте, как Феникс из пепла. Если верить легенде под городом располагаются настоящие подземные улицы с выходом к реке Вятке. Древний город стоит на крутом берегу, прорезанном с севера на юг огромным оврагом &ndash; котловиной.</p>\r\n<p>Всемирную известность город Котельнич получил благодаря единственному в мире местонахождению древних звероящеров вымерших 260 млн. лет назад и прекрасно сохранившихся на данной территории. Вы перенесётесь на миллионы лет во времена древних рептилий, побываете на раскопках динозавров, посетите аномальную зону, а так же загадочные места, где пребывают яркие следы последствий ледникового периода.</p>\r\n<p>Для туристов мы предлагаем несколько тематических экскурсий, с которыми вы можете познакомиться на нашем сайте в разделе &laquo;<a href="/tour/" class="post-a">НАШИ ТУРЫ</a>&raquo;. Кроме того мы предлагаем индивидуальные экскурсии, где вы можете сами выбрать наиболее интересные туристические объекты для показа изучив их в разделе &laquo;<a href="/interesting/" class="post-a">ЭТО ИНТЕРЕСНО</a>&raquo;.</p>\r\n<p>Уникальность нашего предложения заключается в посещении МЕСТА СИЛЫ, которое обладает сильной энергетикой и влияет на подсознание человека раскрывая его, дает необходимую информацию, поднимает дух, а также исцеляет физическое тело.<br /> Вятская земля таит в себе множество интересных туристических мест, о которых можно прочитать в отдельных ссылках. Желаем увлекательной экскурсии по нашему сайту! Приглашаем в гости!</p>', '<p>English content</p>'),
(4, 'yandex_map', 'Яндекс карта', 1, '', '', '<script type="text/javascript" charset="utf-8" src="http://api-maps.yandex.ru/services/constructor/1.0/js/?sid=Rd5OaFhtVh2od2pleD21FYiW8NKyHaS6&amp;width=100%&amp;height=260"></script>', '<script type="text/javascript" charset="utf-8" src="http://api-maps.yandex.ru/services/constructor/1.0/js/?sid=Rd5OaFhtVh2od2pleD21FYiW8NKyHaS6&amp;width=100%&amp;height=260"></script>'),
(5, 'fb_link', 'Ссылка на фейсбук', 1, 'https://www.facebook.com/dinotur.kotelnich', 'https://www.facebook.com/dinotur.kotelnich', '', ''),
(6, 'vk_link', 'Ссылка на вконтакте', 1, 'https://vk.com/dinotour1', 'https://vk.com/dinotour1', '', ''),
(7, 'header_email', 'Email в шапке', 1, 'info@dinotour.ru', 'info@dinotour.ru', '', '');

-- --------------------------------------------------------

--
-- Структура таблицы `app_contact`
--

CREATE TABLE IF NOT EXISTS `app_contact` (
  `id_app_contact` int(8) NOT NULL AUTO_INCREMENT,
  `content_ru` longtext NOT NULL COMMENT 'Содержание',
  `content_en` longtext COMMENT 'Содержание тура (по английски)',
  PRIMARY KEY (`id_app_contact`)
) ENGINE=InnoDB  DEFAULT CHARSET=utf8 COMMENT='Контакты' AUTO_INCREMENT=2 ;

--
-- Дамп данных таблицы `app_contact`
--

INSERT INTO `app_contact` (`id_app_contact`, `content_ru`, `content_en`) VALUES
(1, '<div class="row">\r\n<div class="col-md-6">\r\n<p><span class="contact-subtitle">Наш адрес:</span></p>\r\n<p><span class="contact-p">Кировская обл., г. Котельнич</span></p>\r\n<p class="contact-p">(<a href="#box-map" class="js-map-popup contact-a">База на карте</a>)</p>\r\n<p class="contact-p"></p>\r\n<p class="contact-subtitle">Телефон:</p>\r\n<p class="contact-p">+7 (8332) 250-148, 8-912-378-99-93</p>\r\n<p class="contact-p"></p>\r\n<p class="contact-p">Электронная почта:</p>\r\n<p class="contact-a"><a href="mailto:info@dino-tur.ru">info@dinotour.ru</a></p>\r\n<img src="/useruploads/images//ico-vk-white-27x27.png" width="27" height="27" style="vertical-align: middle;" />&nbsp; &nbsp;<a href="https://vk.com/dinotour1" target="_blank" class="contact-a"><span class="contact-a">vk.com/dinotour1</span></a>\r\n<p class="contact-p contact-a"></p>\r\n<p><span class="contact-subtitle">Лицензия:</span></p>\r\n<p class="contact-p">ТД № 0032103 Рег.номер 43-аф-04880 от 18.11.2005г.</p>\r\n</div>\r\n<div class="col-md-6">\r\n<p><span class="contact-subtitle">Наш адрес в Москве:</span></p>\r\n<p><span style="font-family: Arial, sans-serif; font-size: 15px; line-height: 21.503999710083px;">г. Москва, Окружной проезд 5 строение 1,&nbsp;ст.метро Черкизовская.</span></p>\r\n<p class="contact-p">(<a href="#box-map" class="js-map-popup-moscow contact-a">Офис на карте</a>)</p>\r\n<p class="contact-p"></p>\r\n<p class="contact-subtitle">Телефон:</p>\r\n<p class="contact-p">+7 (967) 050-00-47</p>\r\n<p class="contact-p"></p>\r\n</div>\r\n</div>\r\n<script type="text/javascript">// <![CDATA[\r\nymaps.ready(function  () {\r\n        $(''.js-map-popup-moscow'').fancybox({\r\n            minWidth: "90%",\r\n            maxWidth: "90%",\r\n            minHeight: ''90%'',\r\n            fitToView: false,\r\n            scrolling: ''no'',\r\n            helpers: {  overlay: { locked: false } },\r\n            beforeLoad: function() {\r\n\r\n                myMap = new ymaps.Map("box-map", {\r\n                        center: [55.79743228, 37.74482750],\r\n                        zoom: 15\r\n                    }),\r\n                    myPlacemark = new ymaps.Placemark(myMap.getCenter(),\r\n                        {\r\n                            balloonContentBody: "<img style=''vertical-align: middle'' src=''/content/touch-icon-ipad.png''> <span style=''vertical-align: middle''>Офис в Москве</span>",\r\n                            iconContent: "Дино Тур",\r\n                            hintContent: "Дино Тур"\r\n                        },\r\n                        {preset: ''islands#blackStretchyIcon''});\r\n\r\n                myMap.geoObjects.add(myPlacemark);\r\n                myMap.controls.add(''zoomControl'', { left: 5, top: 5 })\r\n            },\r\n            beforeClose: function (){\r\n                myMap.destroy();\r\n                myMap = null;\r\n            }\r\n        });\r\n    });\r\n// ]]></script>\r\n<script type="text/javascript">// <![CDATA[\r\nymaps.ready(function  () {\r\n        $(''.js-map-popup'').fancybox({\r\n            minWidth: "90%",\r\n            maxWidth: "90%",\r\n            minHeight: ''90%'',\r\n            fitToView: false,\r\n            scrolling: ''no'',\r\n            helpers: {  overlay: { locked: false } },\r\n            beforeLoad: function() {\r\n\r\n                myMap = new ymaps.Map("box-map", {\r\n                        center: [58.30613348,48.35332277],\r\n                        zoom: 14\r\n                    }),\r\n                    myPlacemark = new ymaps.Placemark(\r\n                        [58.30613348,48.35332277],\r\n                        {\r\n                            balloonContentBody: "<img style=''vertical-align: middle'' src=''/content/touch-icon-ipad.png''> <span style=''vertical-align: middle''>&laquo;Дино Тур&raquo; Город Котельнич</span>",\r\n                            iconContent: "Дино Тур",\r\n                            hintContent: "Дино Тур"\r\n                        },\r\n                        {preset: ''islands#blackStretchyIcon''});\r\n\r\n                myMap.geoObjects.add(myPlacemark);\r\n                myMap.controls.add(''zoomControl'', { left: 5, top: 5 })\r\n            },\r\n            beforeClose: function (){\r\n                myMap.destroy();\r\n                myMap = null;\r\n            }\r\n        });\r\n    });\r\n// ]]></script>', '');

-- --------------------------------------------------------

--
-- Структура таблицы `app_form_callback`
--

CREATE TABLE IF NOT EXISTS `app_form_callback` (
  `id_app_form_callback` int(8) NOT NULL AUTO_INCREMENT,
  `name` varchar(255) NOT NULL COMMENT 'Ваше имя',
  `phone` varchar(255) NOT NULL COMMENT 'Ваш телефон',
  `datetime` int(10) unsigned DEFAULT NULL COMMENT 'Дата отправки',
  PRIMARY KEY (`id_app_form_callback`)
) ENGINE=InnoDB  DEFAULT CHARSET=utf8 COMMENT='Форма заказа звонка' AUTO_INCREMENT=60 ;

--
-- Дамп данных таблицы `app_form_callback`
--

INSERT INTO `app_form_callback` (`id_app_form_callback`, `name`, `phone`, `datetime`) VALUES
(45, 'ndrt', 'rtndrt', 1412235648),
(46, 'weht', 'srth', 1412236465),
(47, 'dfb', 'dfb', 1412236611),
(48, 'trh', 'rsth', 1412236708),
(49, 'rthj', 'drthdr', 1412236760),
(50, 'fdvd', 'dfv', 1412237186),
(51, 'erg', 'erg', 1412237264),
(52, 'rnd', 'ryhdrt', 1412237776),
(53, 'михаил', '89670500047', 1413401432),
(54, 'Дест заказа звонка', 'на адрес info@dinotour.ru', 1413461333),
(55, 'вап', 'вапва', 1413464698),
(56, 'кервк', 'вкер', 1413469792),
(57, 'михаил', '89670500047', 1413827066),
(58, 'михаил', '89670500047', 1413916944),
(59, 'rgeg', '&lt;script&gt;alert(1);&lt;/script&gt;', 1416581047);

-- --------------------------------------------------------

--
-- Структура таблицы `app_form_feedback`
--

CREATE TABLE IF NOT EXISTS `app_form_feedback` (
  `id_app_form_feedback` int(8) NOT NULL AUTO_INCREMENT,
  `name` varchar(255) NOT NULL COMMENT 'Ваше имя',
  `phone` varchar(255) DEFAULT NULL COMMENT 'Ваш телефон',
  `email` varchar(255) NOT NULL COMMENT 'Ваш e-mail',
  `text` longtext NOT NULL COMMENT 'Текст сообщения',
  `datetime` int(10) unsigned DEFAULT NULL COMMENT 'Дата отправки',
  PRIMARY KEY (`id_app_form_feedback`)
) ENGINE=InnoDB  DEFAULT CHARSET=utf8 COMMENT='Форма обратной связи' AUTO_INCREMENT=11 ;

--
-- Дамп данных таблицы `app_form_feedback`
--

INSERT INTO `app_form_feedback` (`id_app_form_feedback`, `name`, `phone`, `email`, `text`, `datetime`) VALUES
(1, 'sths', 'stbhsdrt', 'awef@rfgr.er', 'sfgndfgn', NULL),
(2, 'rynhedt', 'rthdrt', 'fg@gse.ee', 'erherth', 1412238295),
(3, 'rther', 'rethrt', 'rth@stg.rr', 'rtherth', 1412238318),
(4, 'михаил', '78789809090789', '250-148@mail.ru', 'проверкадбьт.дь.ь.ьб.б', 1413401406),
(5, 'ыкер', '3652356', 'sdf@sdf.df', 'рвкервкер', 1413469691),
(6, 'вторнв', 'веноваен', 'sdf@sdf.df', 'кервкер', 1413469828),
(7, 'Михаил', '89670500047', '250-148@mail.ru', 'проверка', 1413827124),
(8, 'Михаил', '89670500047', '250-148@mail.ru', 'Проверка с айфона', 1414227032),
(9, 'Orlando9Dof', '123456', 'orlando9bag@mail.ru', 'Вот эта компания - это молодая компания, появившаяся на рынке товаров для кормящих матерей в 2005 году. Но вам лишь стоит взглянуть на эту ссылку <a href=http://pipstyle.com/ru/o-kompanii >одежда для кормления </a>, чтобы увидеть всё качество предоставляемых товаров\r\n', 1414324853),
(10, 'Dominic78Frof', '123456', 'domini78ctror@mail.ru', 'Мощные гильдии собрались на FireCrush.ru, чтобы испытать общие навыки и оставить лепту в истории &lt;a href=http://firecrush.ru&gt;Lineage 2&lt;/a&gt;. А игроки, читающие &lt;a href=http://igrochamp.ru&gt;новости игровой индустрии 2014&lt;/a&gt;, вступили на земли нового мира La2 Gracia Epilogue  и начали последнюю баталию в истории королевства Элмор. Источник &lt;a href=http://gludio.net&gt;сайта&lt;/a&gt; и &lt;a href=http://mmo-play.ru&gt;тут&lt;/a&gt;; &lt;a href=http://windstrike.ru/&gt;анонс серверов ла2&lt;/a&gt;\r\n', 1416797712);

-- --------------------------------------------------------

--
-- Структура таблицы `app_interesting`
--

CREATE TABLE IF NOT EXISTS `app_interesting` (
  `id_app_interesting` int(8) NOT NULL AUTO_INCREMENT,
  `main_image` int(8) NOT NULL COMMENT 'Главная картинка',
  `name_ru` varchar(255) NOT NULL COMMENT 'Название',
  `name_en` varchar(255) DEFAULT NULL COMMENT 'Название (по английски)',
  `alias` varchar(255) NOT NULL COMMENT 'В адресной строке',
  `content_short_ru` longtext NOT NULL COMMENT 'Краткое содержание',
  `content_short_en` longtext COMMENT 'Кратное содержание (по английски)',
  `content_ru` longtext NOT NULL COMMENT 'Содержание',
  `content_en` longtext COMMENT 'Содержание (по английски)',
  `visible` tinyint(1) NOT NULL DEFAULT '1' COMMENT 'Видимость',
  `page_title` varchar(255) DEFAULT NULL COMMENT 'Заголовок <title>',
  `meta_keywords` longtext COMMENT 'Ключевые слова <meta name="keywords">',
  `meta_description` longtext COMMENT 'Описание <meta name="description">',
  PRIMARY KEY (`id_app_interesting`),
  UNIQUE KEY `alias` (`alias`)
) ENGINE=InnoDB  DEFAULT CHARSET=utf8 COMMENT='Это интересно' AUTO_INCREMENT=15 ;

--
-- Дамп данных таблицы `app_interesting`
--

INSERT INTO `app_interesting` (`id_app_interesting`, `main_image`, `name_ru`, `name_en`, `alias`, `content_short_ru`, `content_short_en`, `content_ru`, `content_en`, `visible`, `page_title`, `meta_keywords`, `meta_description`) VALUES
(1, 134, 'Котельничский палеонтологический музей', 'Kotelnichskiy Paleontological Museum', 'kotelnichskij_paleontologicheskij_muzej', 'Расположен в районном центре Кировской области — городе Котельниче, здесь представлена уникальная экспозиция, рассказывающая о результатах многолетних научно-исследовательских работ, проводимых сотрудниками музея на государственном памятнике природы \r\n«Котельничское местонахождение парейазавров», протянувшемся вдоль правого берега реки Вятки почти на 25 км. от г. Котельнича до посёлка Вишкиль.', '', '<p class="post-text">Расположен в районном центре Кировской области &mdash; городе Котельниче, здесь представлена уникальная экспозиция, рассказывающая о результатах многолетних научно-исследовательских работ, проводимых сотрудниками музея на государственном памятнике природы &laquo;Котельничское местонахождение парейазавров&raquo;, протянувшемся вдоль правого берега реки Вятки почти на 25 км. от г. Котельнича до посёлка Вишкиль.</p>\r\n<p class="post-text">Палеонтологический музей был открыт 24 ноября 1994 года, в его фондах представлены уникальные экспонаты, многие из которых не имеют аналогов в мире. Весь комплекс работ, связанных с поиском находок, их раскопками, лабораторной обработкой, подготовкой к экспонированию и научному описанию, производят сотрудники музея. Палеонтологи работают в тесном контакте с ведущими российскими и зарубежными учеными. В изучении ископаемой фауны, флоры и геологии местонахождения принимают участие специалисты из Австралии, Канады, Англии, ЮАР, КНР, Германии, Италии, ряда других стран.</p>\r\n<p class="post-image"><a href="/useruploads/files//full/mus_6.jpg" class="js-popup-img"><img src="/useruploads/images//Layer-46.jpg" width="462" height="308" alt="Котельничский палеонтологический музей" title="Котельничский палеонтологический музей" class="post-image-img" /></a>&nbsp;<a href="/useruploads/files//full/mus_14.jpg" class="js-popup-img"><img src="/useruploads/files//Layer-47.jpg" width="462" height="308" alt="Котельничский палеонтологический музей" title="Котельничский палеонтологический музей" class="post-image-img" /></a></p>\r\n<p class="post-image"></p>\r\n<p class="post-text">Два зала общей площадью 90 кв.м. задействованы под размещение экспонатов и информационных модулей, представляющих многообразие ископаемых животных и растений пермского периода. Здесь можно увидеть многочисленные скелетные остатки древних парарептилий парейазавров, растительноядных зверообразных рептилий дицинодонтов и суминий, хищных рептилий горгонопсов и тероцефалов, множество других существ, населявших Землю за миллионы лет до появления динозавров.</p>\r\n<p class="post-text">Специально для новой экспозиции скульптором Андреем Скворцовым изготовлена масштабированная реконструкция палеоландшафта с уменьшенными примерно в 10 раз животными и растениями, представляющая мир таким, каким мы бы его увидели 260 миллионов лет назад, окажись мы в том месте, где сейчас расположен город Котельнич.</p>\r\n<p class="post-image"><a href="/useruploads/files//full/0002.jpg" class="js-popup-img"><img src="/useruploads/files//0002-1.jpg" alt="Котельничский палеонтологический музей" title="Котельничский палеонтологический музей" class="post-image-img" /></a>&nbsp;<a href="/useruploads/files//full/IMG_0023.JPG" class="js-popup-img"><img src="/useruploads/files//IMG_0023-1.jpg" alt="Котельничский палеонтологический музей" title="Котельничский палеонтологический музей" class="post-image-img" /></a>&nbsp;</p>', '', 1, NULL, '', ''),
(3, 142, 'Котельничское местонахождение парейазавров', NULL, 'kotelnichskoe_mestonahozhdenie_pareyazavrov', 'На Вятской Земле есть уникальное место не имеющее аналогов в мире!\r\nМиллионы лет назад на территории Котельничского района обитали древние рептилии – парейазавры, горгонопсы, децинодонты, суминии и.др. Их костными остатками «усыпан» берег реки Вятки в районе города Котельнича. ', '', '<p class="post-text">На Вятской Земле есть уникальное место не имеющее аналогов в мире! Миллионы лет назад на территории Котельничского района обитали древние рептилии &ndash; парейазавры, горгонопсы, децинодонты, суминии и.др. Их костными остатками &laquo;усыпан&raquo; берег реки Вятки в районе города Котельнича. Это природный объект - крупнейшее в Евразии местонахождение ископаемых остатков древних животных пермского периода (255-260 миллионов лет!). Дело в том, что в основании берегового обнажения имеется слой, содержащий многочисленные останки древних животных. Наиболее известными представителями данной фауны являются парейазавры.</p>\r\n<p class="post-text">Древние "щекастые ящеры" обитали на заливных поймах и в дельтах рек в самом конце позднепермской эпохи. Несмотря на обилие ископаемого материала из многочисленных местонахождений, парейазавры очень плохо изучены, и до сих пор не ясны многие детали их строения, способ питания и размножения. Поскольку парейазавры были очень специализированными животными, занимавшими строго определенную экологическую нишу, их вымирание, вероятно, связано с глобальным осушением климата в конце пермского периода.</p>\r\n<p class="post-image"><a href="/useruploads/files//full/0002-0.jpg" class="js-popup-img"><img src="/useruploads/files//0002-11.jpg" width="450" height="300" alt="Котельничское местонахождение парейазавров" title="Котельничское местонахождение парейазавров" class="post-image-img" /></a>&nbsp;<a href="/useruploads/files//full/mus_10.jpg" class="js-popup-img"><img src="/useruploads/files//mus_10-1.jpg" alt="Котельничское местонахождение парейазавров" title="Котельничское местонахождение парейазавров" class="post-image-img" /></a></p>\r\n<p class="post-text post-image"></p>\r\n<p></p>\r\n<p class="post-text">Некоторые поздние виды парейазавров достигали в длину до 4 - 6 метров, а, судя по находкам изолированных костей, могли достигать и гораздо больших размеров.&nbsp;На Котельничском местонахождении найдены наиболее древние и примитивные из известных науке парейазавров, описанные как Deltavjatia vjatkensis. Они были небольшого размера (до 2 метров в длину). Кожные окостенения (остеодермы), являющиеся характерной особенностью парейазавров, у них были менее развиты, чем у более поздних своих сородичей - северодвинских скутозавров. В отличие от последних котельничские дельтавьятии имели более грацильное строение тела, и, следовательно, могли свободно передвигаться по суше, что, по мнению некоторых ученых, не могли себе позволить скутозавры.</p>\r\n<p><span class="post-text">В большинстве случаев, на Котельничском местонахождении находят абсолютно полные скелеты парейазавров, часто в прижизненной позе - спиной вверх. Их гибель, вероятно, связана с увязанием в топком илистом грунте, когда после проливных дождей уровень воды резко поднимался, а топкий субстрат превращался в заиленное болото.</span><br /><span class="post-text">В результате этого животные, хорошо приспособленные к плаванию и к передвижению по суше, попадали в естественные ловушки, когда уровень воды не позволял еще плыть, а грунт становился слишком топким, чтобы ходить. В дальнейшем останки уже погибших животных замывались вновь принесенным осадком. При таком типе захоронения сохранились не только мельчайшие кости пальцевых фаланг конечностей и хвостовые позвонки, но и кожные окостенения</span>.</p>\r\n<p class="post-image"><a href="/useruploads/files//full/digs_56.jpg" class="js-popup-img"><img src="/useruploads/files//digs_56-1.jpg" width="450" height="338" alt="Котельничское местонахождение парейазавров" title="Котельничское местонахождение парейазавров" class="post-image-img" /></a>&nbsp;<a href="/useruploads/files//full/mus_5.jpg" class="js-popup-img"><img src="/useruploads/files//mus_5-1.jpg" width="450" height="338" alt="Котельничское местонахождение парейазавров" title="Котельничское местонахождение парейазавров" class="post-image-img" /></a></p>\r\n<p class="post-text">Раскопки в районе Котельнича осуществляемые в течение 20 лет энтузиастами - палеонтологами принесли сенсационные результаты и позволили собрать уникальную коллекцию находок, насчитывающих более 20 ранее не известных науке видов рептилий. Местонахождение посетили учёные из: Австралии, Новой Зеландии, США, Китая, Германии, Австрии, Англии, Финляндии, Канады и других стран мира. По их оценкам результаты находок являются сенсационными. В мире имеется лишь один аналог Котельничского местонахождения - плато Кару в Южной Африке, но сохранность материала там на много порядков ниже, чем в Котельниче.</p>\r\n<p class="post-text">Первое описание Котельничского геологического разреза было сделано в 1893 году геологом П.И. Кротовым. В 1933 году С.Г.Каштановым под Котельничем были найдены первые два скелета парейазавров. И.А.Ефремов и Б.П.Вьюшков отметили, что к 1955 году было зарегистрировано до 15 находок более или менее полных скелетов парейазавров. С 1962 года местонахождение объявлено охраняемой зоной областного значения, а в 1995 году - государственным памятником природы.</p>\r\n<p class="post-text">В 1934 - 1936 годах А.П.Гартман-Вейнберг сообщает о находке скелетов парейазавров и описывает котельничские формы, как новые виды южноафриканских родов. Восемь скелетов, раскопанные отрядом Палеонтологического института АН СССР в 1948 - 1949 годах, не были вовремя отпрепарированы и погибли.</p>\r\n<p class="post-text">Новый этап исследования местонахождения начался в 1990 году, когда начала энергично действовать небольшая группа палеонтологов во главе с Д.Л.Суминым - выпускником кафедры палеонтологии МГУ. С 1992 года исследования производит экспедиционный отряд, состоящий из местных кадров. На базе обширной коллекции ископаемых с Котельничского местонахождения в 1994 году в Котельниче был открыт палеонтологический музей.</p>\r\n<p class="post-text">На данный момент ископаемая фауна Котельнича представляет особый интерес для исследователей, так как объединяет представителей самых разных систематических групп животных, находимых ранее в разновозрастных отложениях на разных местонахождениях Восточной Европы, Китая и Южной Африки. &nbsp;</p>\r\n<p class="post-text">Уникальность и исключительность Котельничского местонахождения парейазавров, позволила стать этому объекту и местом паломничества и отдыха для российских и зарубежных туристов. Вы тоже можете стать свидетелем и даже участником раскопок древних рептилий и почувствовать себя настоящим палеонтологом!</p>\r\n<p class="post-text"><iframe width="425" height="350" style="display: block; margin-left: auto; margin-right: auto;" src="http://www.youtube.com/embed/-1TbZpbuiS4" frameborder="0"></iframe></p>', '', 1, NULL, '', ''),
(4, 145, 'Пойменная дубовая роща – природное сокровище Котельнича', 'Floodplain oak grove - a natural treasure Kotelnich', 'poymennaya_dubovaya_roscha', 'Самая северная в России дубовая роща – это кое-что уникальное! Это удивительно красивое место – один из редких ныне участков древних дубрав, когда-то занимавших огромные территории. Ценный ботанический памятник природы и место природной силы  – сокровище Котельнича, которое необходимо беречь.', '', '<p><em><strong>Самая северная в России дубовая роща &ndash; это кое-что уникальное! Это удивительно красивое место &ndash; один из редких ныне участков древних дубрав, когда-то занимавших огромные территории. Ценный ботанический памятник природы и место природной силы &nbsp;&ndash; сокровище Котельнича, которое необходимо беречь.</strong></em></p>\r\n<p><a href="/useruploads/files//interesno/dubrovaya_rowa/full/ГЛАВНОЕ%20ФОТО.JPG" class="js-popup-img"><img src="/useruploads/files//interesno/dubrovaya_rowa/1.jpg" width="460" height="300" class="post-image-img" alt="Пойменная дубовая роща &ndash; природное сокровище Котельнича" title="Пойменная дубовая роща &ndash; природное сокровище Котельнича" /></a>&nbsp;<a href="/useruploads/files//interesno/dubrovaya_rowa/full/CAM_3372.JPG" class="js-popup-img"><img src="/useruploads/files//interesno/dubrovaya_rowa/CAM_3372.jpg" width="460" height="300" class="post-image-img" alt="Пойменная дубовая роща &ndash; природное сокровище Котельнича" title="Пойменная дубовая роща &ndash; природное сокровище Котельнича" /></a></p>\r\n<p>Котельничская пойменная дубовая роща &ndash; известное заповедное место Кировской области. С высокого берега реки Вятки в городе Котельниче открывается прекрасный вид на заречную дубраву. &nbsp;Роща эта известна на всю область, её любят включать в краеведческие туристические маршруты. А положение самой северной дубовой рощи России выделяет её из прочих.</p>\r\n<p>В историческое время граница произрастания дуба в Кировской области сместилась к югу на 100 &mdash; 120 км, в результате чего состав лесов сильнее изменился, величественные дубравы почти исчезли. Поэтому вятские дубовые рощи так привлекательны сегодня для истинных любителей природы.</p>\r\n<p>Расположена Котельничская дубовая роща в пойме левого берега реки Вятки &ndash; это значит, что весной её заливает талыми водами, что создаёт особую экосистему с настоящим буйством жизни, редкими растениями и пойменными озёрами. Место это &ndash; природный заповедник, охраняется законом. Лесничество Котельничского лесхоза взяло под охрану 17 кварталов общей площадью 1546 га (где из 993,4 га лесного массива дуб занимает 528,1 га). Кроме дубовых лесов (средневозрастных, спелых и перестойных дубняков), здесь есть мелколиственные березо-осиновые и сосновые леса, различные кустарники. Котельничане любят отдыхать здесь, а туристы вполне могут вообразить, что попали в старинную русскую сказку.</p>\r\n<p><a href="/useruploads/files//interesno/dubrovaya_rowa/full/CAM_3375.JPG" class="js-popup-img"><img src="/useruploads/files//interesno/dubrovaya_rowa/CAM_3375.jpg" width="460" height="300" class="post-image-img" alt="Пойменная дубовая роща &ndash; природное сокровище Котельнича" title="Пойменная дубовая роща &ndash; природное сокровище Котельнича" /></a>&nbsp;<a href="/useruploads/files//interesno/dubrovaya_rowa/full/CAM_3378.JPG" class="js-popup-img"><img src="/useruploads/files//interesno/dubrovaya_rowa/CAM_3378.jpg" width="460" height="300" class="post-image-img" alt="Пойменная дубовая роща &ndash; природное сокровище Котельнича" title="Пойменная дубовая роща &ndash; природное сокровище Котельнича" /></a></p>\r\n<p>Дубовые рощи издревле считались священными местами силы, культ дуба в той или иной форме был распространен по всей территории Европы. Под дубом приносились жертвы божествам, дубы запрещалось рубить, а из упавших деревьев вырезались идолы. Символ мудрости, долголетия, могущества, дуб в традиционной культуре славян был самым почитаемым деревом. По поверьям, это изначальное Мировое древо, связанное с богом-громовержцем Перуном и символизирующее силу, крепость и мужское начало. Поэтому дуб часто использовался в обрядах при рождении мальчика и в обрядах для усиления мужественности. Дуб &ndash; это и любимое место обитания разных мифологических существ: русалок, чудо-змеев, древесных духов, сказочных животных. Дуб не зря присутствует в традиционных заговорах знахарей, а разные его части постоянно использовались в народной медицине &ndash; наши предки верили, что это дерево связывает миры и его сила способна победить любую хворь. И сегодня многим известно, как полезен отвар дубовой коры, а листья дуба незаменимы для домашних солений.</p>\r\n<p>Но и простые прогулки по Котельничской дубовой роще принесут неоценимую пользу здоровью и доставят много радости. Не так уж много таких заповедных уголков осталось в наше время.</p>\r\n<p>Весной нежная зелень молодых листочков напоит воздух целебным ароматом &ndash; ведь листья дуба выделяют фитонциды, оздоравливающие наши лёгкие. Кроме того, воздух дубрав благотворно влияет на сердце и особенно полезен гипертоникам. Проснувшиеся после зимы деревья щедро поделятся с вами своей энергией &ndash; ведь дуб всегда считался у славян деревом огромной жизненной силы. А растущие под дубами калина, рябина, крушина, жимолость и шиповник очаруют весенним цветением. Поэтому весенние прогулки здесь придают сил и пробуждают от зимней спячки ослабленный долгими холодами организм.</p>\r\n<p>Таинственный летний полумрак под густой листвой скрывает целую сокровищницу целебных трав: зверобой, мята, иван-чай и множество других. Лесной ландыш в дубовой роще сегодня, увы, стал большой редкостью, но его всё ещё можно найти. На кустах созревает малина и другие ягоды, расцветает золотистая липа, можжевельник смолистым ароматом наполняет воздух. Роща звенит голосами птиц, белки носятся по стволам &ndash; ведь здесь растут грибы и орешник.</p>\r\n<p><a href="/useruploads/files//interesno/dubrovaya_rowa/full/IMG_2658.JPG" class="js-popup-img"><img src="/useruploads/files//interesno/dubrovaya_rowa/IMG_2658.jpg" width="460" height="300" class="post-image-img" alt="Пойменная дубовая роща &ndash; природное сокровище Котельнича" title="Пойменная дубовая роща &ndash; природное сокровище Котельнича" /></a>&nbsp;<a href="/useruploads/files//interesno/dubrovaya_rowa/full/IMG_3562.JPG" class="js-popup-img"><img src="/useruploads/files//interesno/dubrovaya_rowa/IMG_3562.jpg" width="460" height="300" class="post-image-img" alt="Пойменная дубовая роща &ndash; природное сокровище Котельнича" title="Пойменная дубовая роща &ndash; природное сокровище Котельнича" /></a>&nbsp;<a href="/useruploads/files//interesno/dubrovaya_rowa/full/CAM_3415.JPG" class="js-popup-img"><img src="/useruploads/files//interesno/dubrovaya_rowa/CAM_3415.jpg" width="460" height="300" class="post-image-img" alt="Пойменная дубовая роща &ndash; природное сокровище Котельнича" title="Пойменная дубовая роща &ndash; природное сокровище Котельнича" /></a>&nbsp;<a href="/useruploads/files//interesno/dubrovaya_rowa/full/CAM_3422.JPG" class="js-popup-img"><img src="/useruploads/files//interesno/dubrovaya_rowa/CAM_3422.jpg" width="460" height="300" class="post-image-img" alt="Пойменная дубовая роща &ndash; природное сокровище Котельнича" title="Пойменная дубовая роща &ndash; природное сокровище Котельнича" /></a></p>\r\n<p></p>\r\n<p>Осенью, когда золото листвы сияет под солнцем, сухие листья шуршат под ногами, а жёлуди падают сверху, так приятно прийти сюда на &laquo;грибную охоту&raquo;. Во мху краснеет брусника, над рекой летят на юг птицы, а воздух &ndash; пряный и насыщенный. Это прекрасное место, чтобы насладиться красотой засыпающей природы и набраться здоровья на зиму.</p>\r\n<p>А кроме массы великолепных дубов и изобилия лесной растительности, здесь есть и другое природное чудо &ndash; цепочка озёр-стариц. Эти остатки древнего русла реки Вятки, крупные и мелкие, покрытые кувшинками и водяными лилиями, протянулись на несколько километров. Наиболее крупные озёра &ndash; это Старица, Духовое, Черемуховое, Булдаково. Многочисленные малые озёра летом сильно зарастают.</p>\r\n<p><a href="/useruploads/files//interesno/dubrovaya_rowa/full/CAM_3424.JPG" class="js-popup-img"><img src="/useruploads/files//interesno/dubrovaya_rowa/CAM_3424.jpg" width="460" height="300" class="post-image-img" alt="Пойменная дубовая роща &ndash; природное сокровище Котельнича" title="Пойменная дубовая роща &ndash; природное сокровище Котельнича" /></a>&nbsp;<a href="/useruploads/files//interesno/dubrovaya_rowa/full/Изображение%20237.jpg" class="js-popup-img"><img src="/useruploads/files//interesno/dubrovaya_rowa/Изображение-237.jpg" width="460" height="300" class="post-image-img" alt="Пойменная дубовая роща &ndash; природное сокровище Котельнича" title="Пойменная дубовая роща &ndash; природное сокровище Котельнича" /></a></p>\r\n<p>К сожалению, человеческий фактор ощущается и здесь &ndash; жители близлежащего посёлка Затон незаконно рубят деревья для своих нужд, скот забредает в рощу, несознательные туристы оставляют после себя мусор. Конечно, всё не безнадёжно &ndash; Котельничская пойменная дубовая роща в перспективе может быть переведена в категорию объектов республиканского значения и её охрана усилится. А пока &ndash; давайте будем восхищаться красотой заповедного уголка и не забывать о том, что от нас зависит, чтобы его увидели и наши потомки!</p>\r\n<p><em><strong>Это прекрасное, сказочное место заслуживает и восхищения, и самого бережного отношения, ведь его красота и энергетика так необходима горожанам, чтобы хотя бы на время восстановить связь с природой.</strong></em></p>', '', 1, NULL, 'Котельничская пойменная дубовая роща, дубовая роща, дубрава, дубовый лес, дубняк, дуб, ботанический памятник природы, место природной силы, Котельнич, заповедное место, Кировская область, река Вятка, самая северная дубовая роща России, краеведческие туристические маршруты, талые воды, экосистема, природный заповедник, лесничество Котельничского лесхоза, березо-осиновые леса, сосновые леса, кустарники, Котельничане, туристы, священные места силы, культ дуба, Европа, жертвы божествам, идолы, символ, традиционная культура славян, дерево, Мировое древо, бог-громовержец Перун, мужское начало, обряды, мужественность, место обитания, мифологические существа, дубовая кора, листья дуба, народная медицина, традиционные заговоры знахарей, заповедные уголки, целебный, фитонциды, воздух дубрав, сердце, лёгкие, гипертоник, энергия, славяне, жизненная сила, калина, рябина, крушина, жимолость, шиповник, целебные травы, зверобой, мята, иван-чай, лесной ландыш, малина, ягоды, липа, можжевельник, птицы, белки, грибы, орешник, листья, жёлуди, грибная охоту, мох, брусника, здоровье, растительность, природное чудо, озёра-старицы, русло реки Вятки, кувшинки, водяные лилии, озёра, Старица, Духовое, Черемуховое, Булдаково, человеческий фактор, посёлок Затон, деревья, туристы, объект республиканского значения, энергетика, природа', 'Пойменная дубовая роща – природное сокровище Котельнича');
INSERT INTO `app_interesting` (`id_app_interesting`, `main_image`, `name_ru`, `name_en`, `alias`, `content_short_ru`, `content_short_en`, `content_ru`, `content_en`, `visible`, `page_title`, `meta_keywords`, `meta_description`) VALUES
(5, 148, 'Яранск - живая история провинциальной России', 'Yaransk - a living history of provincial Russia', 'yaransk___zhivaya_istoriya_provintsialnoy_rossii', 'В чём неповторимое очарование небольших старинных городов российской глубинки? В особой атмосфере, где история продолжает жить среди древних церквей и домов – вы словно попадаете в другое время. В святынях и местах силы, в удивительных открытиях. Таков город Яранск. ', '', '<p class="cf"><em><strong>В чём неповторимое очарование небольших старинных городов российской глубинки? В особой атмосфере, где история продолжает жить среди древних церквей и домов &ndash; вы словно попадаете в другое время. В святынях и местах силы, в удивительных открытиях. Таков город Яранск. </strong></em></p>\r\n<p class="cf">Поездка в Яранск &ndash; как путешествие во времени: церкви 17-18 веков и многочисленные купеческие дома соседствуют с архитектурой советского периода, а техногенный 21-й век ощущается совсем мало. При въезде в центр города открывается вид на купола и колокольни над рекой Яранью.&nbsp;</p>\r\n<p class="cf">Любителям духа старины понравятся колоритные переулки и подворотни, деревянные дома и тротуары, а также старинные каменные и каменно-деревянные фасады исторического центра города с балконами, колоннами и лепниной &ndash; они были такими и двести лет назад. Искателей православных святынь и паломников привлечёт архитектура древних храмов (среди них есть уникальный, с двумя колокольнями), святые источники и особенно &ndash; часовня на могиле преподобного чудотворца Матфея Яранского. Ностальгирующих по советскому детству порадуют здания в характерном стиле советского конструктивизма, улицы и магазины с вывесками в стиле тех времён. Всё это можно увидеть в Яранске, одном из интереснейших городов Кировской области.</p>\r\n<p></p>\r\n<p><a href="/useruploads/files//interesno/yaransk/2.jpg" class="js-popup-img"><img src="/useruploads/files//interesno/yaransk/2.jpg" width="460" height="300" class="post-image-img" alt="Яранск - живая история провинциальной России" title="Яранск - живая история провинциальной России" /></a>&nbsp;<a href="/useruploads/files//interesno/yaransk/full/LKr0mB6KHDU.jpg" class="js-popup-img"><img src="/useruploads/files//interesno/yaransk/LKr0mB6KHDU.jpg" width="460" height="300" class="post-image-img" alt="Яранск - живая история провинциальной России" title="Яранск - живая история провинциальной России" /></a></p>\r\n<p><a href="/useruploads/files//interesno/yaransk/full/IMG_2203.JPG" class="js-popup-img"><img src="/useruploads/files//interesno/yaransk/IMG_2203.jpg" width="460" height="300" alt="Яранск - живая история провинциальной России" title="Яранск - живая история провинциальной России" class="post-image-img" /></a>&nbsp;<a href="/useruploads/files//interesno/yaransk/full/IMG_3179.JPG" class="js-popup-img"><img src="/useruploads/files//interesno/yaransk/IMG_3179.jpg" width="460" height="300" alt="Яранск - живая история провинциальной России" title="Яранск - живая история провинциальной России" class="post-image-img" /></a></p>\r\n<p></p>\r\n<p class="post-subtitle">В истории Яранска есть уникальные факты</p>\r\n<p>Начинался он в 1584 году как русская военная крепость для колонизации земель черемисов-марийцев (ныне невдалеке &ndash; граница с Марий Эл и священные места марийцев: рощи и источники). А с начала 17-го века стал местом ссылок &ndash; иногда и очень важных персон. Сюда Борис Годунов сослал дядю будущего царя Михаила Федоровича &ndash; боярина Василия Романова (в Яранске есть Романовская гора), затем и сам царь Михаил Романов &ndash; свою невесту, боярскую дочь Марию Хлопову. А Пётр I в 1711 году, когда Россия воевала со Швецией, сослал в Яранск 500 пленных шведов.</p>\r\n<p><br />Именно Яранск можно назвать родиной автопромышленности &ndash; уроженец Яранска, изобретатель Леонтий Шамшуренков, в 1752 году впервые в мире смастерил &laquo;самобеглую коляску&raquo;, ставшую прообразом автомобиля.</p>\r\n<p>В 18-м веке город стал купеческим, в нём проводились крупные ярмарки (здесь есть даже своя Красная площадь!), с 18-го по 20-й век были построены разнообразные &nbsp;промышленные фабрики. В период революции в Яранске состоялся первый съезд РКСМ.&nbsp;</p>\r\n<p></p>\r\n<p class="post-subtitle">Святые места Яранска</p>\r\n<p><a href="/useruploads/files//interesno/yaransk/full/5giXxeCuLzY.jpg" class="js-popup-img"><img src="/useruploads/files//interesno/yaransk/5giXxeCuLzY.jpg" width="300" height="401" class="post-image-img" style="float: left; margin-left: 10px; margin-right: 10px;" alt="Яранск - живая история провинциальной России" title="Яранск - живая история провинциальной России" /></a></p>\r\n<p>Удивительно, но большинство религиозных зданий города пережило все потрясения 20-го века! Соборная площадь с расположенным на ней зданием Духовного училища &ndash; идеальное начало паломничества.</p>\r\n<p>Центральный Троицкий собор (собор Троицы Живоначальной) построен 1851 году в русско-византийском стиле архитектором К. Тоном &ndash; создателем храма Христа Спасителя в Москве. Уникален своими двумя колокольнями &ndash; вторая, Старо-Троицкая колокольня, была построена около 1689 года как часть Старо-Троицкой церкви, на чьём фундаменте возвели Троицкий собор.&nbsp;</p>\r\n<p>Эта колокольня и Благовещенская церковь (1652 год) &ndash; два самых древних строения Яранска. Изящная Благовещенская церковь за городским садом, посаженным в конце 19-го века, раньше принадлежала Вознесенскому монастырю города Яранска и называлась церковью Михаила Архангела. В настоящее время она восстановлена и действует.&nbsp;</p>\r\n<p>Успенский собор (собор Успения Пресвятой Богородицы) построен в конце 18-го века по проекту архитектора Ф.М. Рослякова. Единственный из всех храмов города никогда не закрывался.</p>\r\n<p>Часовня на могиле преподобного Матфея Яранского &ndash; объект паломничества со всей России. Иеромонах Матфей в 19-м веке подвизался в Анно-Пророчицком монастыре близ Яранска и прославился как чудотворец, явивший много прозрений и исцелений. После его кончины чудеса продолжились на его могиле &ndash; очевидцами зафиксированы случаи исцеления. Плакат с портретом Яранского чудотворца на перекрестке улиц Кирова и Революции указывает путь к часовне.</p>\r\n<p>Святой источник Покрова Божией Матери рядом с рекой Уртмой и деревней Горушки знаменит тем, что в годы Великой Отечественной войны здесь несколько раз являлась Пресвятая Божия Матерь. Этой водой промывали раны солдат в госпиталях, в наше время также зафиксированы неоднократные случаи исцеления от различных недугов.</p>\r\n<p>Святой источник Николая Чудотворца на берегу реки Лум, близ деревни Мари-Ушем, издавна почитается марийцами как священный и исцеляющий. Его активно посещали даже в советский период, а сегодня ежегодно 3 июня сотни паломников из Кировской и Нижегородской областей, а также из Марий Эл собираются на марийский праздник &laquo;Оленин день&raquo;. Неподалёку находится священная роща марийцев.</p>\r\n<p>Часовни-голубцы или голбцы &ndash; особый вид часовен. Их можно увидеть в заброшенных деревнях Яранского района: Благово и Халтурино.</p>\r\n<p class="post-subtitle">Природные памятники Яранска</p>\r\n<p>Городской сад и набережная реки Ярани по улице Набережной &ndash; здесь вы можете отдохнуть от осмотра достопримечательностей и насладиться прекрасными видами. А яранская берёзовая роща, заложенная в 1912 году, удивит великолепными деревьями &ndash; это государственный памятник природы областного значения.</p>\r\n<p>Одно из красивейших мест под Яранском &ndash; Никулятское озеро, интересный природный объект, единственное материковое озеро в районе.</p>\r\n<p><a href="/useruploads/files//interesno/yaransk/full/681.jpg" class="js-popup-img"><img src="/useruploads/files//interesno/yaransk/681.jpg" width="460" height="300" alt="Яранск - живая история провинциальной России" title="Яранск - живая история провинциальной России" class="post-image-img" /></a>&nbsp;<a href="/useruploads/files//interesno/yaransk/full/DSCN9620.JPG" class="js-popup-img"><img src="/useruploads/files//interesno/yaransk/DSCN9620.jpg" width="460" height="300" alt="Яранск - живая история провинциальной России" title="Яранск - живая история провинциальной России" class="post-image-img" /></a></p>\r\n<p><em><strong>Итак, почему стоит посетить Яранск? Гости города говорят, что это &ndash; очень атмосферный город, &nbsp;душевный образец российской глубинки, живой музей под открытым небом. Неудивительно, ведь многие века его охраняют святыни &ndash; языческие и православные.&nbsp;</strong></em></p>', '', 1, 'Яранск', 'российская глубинка, святыни, места силы, церкви 17-18 веков, купеческие дома, архитектура советского периода, колокольня,  река Ярань, каменно-деревянные фасады, православные святыни, паломники, архитектура древних храмов, \r\nКировская область, часовня на могиле преподобного Матфея Яранского, советский конструктивизм, святые источники, военная крепость, марийцы, Марий Эл, священные места марийцев, священные рощи, источники, место ссылок,  Борис Годунов, царь Михаил Федорович, боярин Василий Романов, Романовская гора, царь Михаил Романов, \r\nПётр I, самобеглая коляска, изобретатель Леонтий Шамшуренков, родина автопромышленности, купеческий, Красная площадь, первый съезд РКСМ, промышленные фабрики, Соборная площадь, Духовное училище, паломничество,\r\nТроицкий собор, собор Троицы Живоначальной, архитектор К. Тон, храм Христа Спасителя, Старо-Троицкая колокольня, Старо-Троицкая церковь, Благовещенская церковь, городской сад, Вознесенский монастырь, церковь Михаила Архангела, \r\nУспенский собор, собор Успения Пресвятой Богородицы, иеромонах Матфей,\r\nАнно-Пророчицкий монастырь, чудотворец, Яранский чудотворец, святой источник Покрова Божией Матери, река Уртма, деревня Горушки, святой источник Николая Чудотворца, река Лум, деревня Мари-Ушем, паломники, марийский праздник «Оленин день», священная роща марийцев, часовни-голубцы, голбцы, заброшенные деревни Яранского района, Благово, Халтурино, природные памятники, городской сад,набережная реки Ярани, яранская берёзовая роща, памятник природы, материковое озеро, \r\nНикулятское озеро, языческие святыни.\r\n\r\n\r\n\r\n', 'российская глубинка, святыни, места силы, церкви 17-18 веков, купеческие дома, архитектура советского периода, колокольня,  река Ярань, каменно-деревянные фасады, православные святыни, паломники, архитектура древних храмов, \r\nКировская область, часовня на могиле преподобного Матфея Яранского, советский конструктивизм, святые источники, военная крепость, марийцы, Марий Эл, священные места марийцев, священные рощи, источники, место ссылок,  Борис Годунов, царь Михаил Федорович, боярин Василий Романов, Романовская гора, царь Михаил Романов, \r\nПётр I, самобеглая коляска, изобретатель Леонтий Шамшуренков, родина автопромышленности, купеческий, Красная площадь, первый съезд РКСМ, промышленные фабрики, Соборная площадь, Духовное училище, паломничество,\r\nТроицкий собор, собор Троицы Живоначальной, архитектор К. Тон, храм Христа Спасителя, Старо-Троицкая колокольня, Старо-Троицкая церковь, Благовещенская церковь, городской сад, Вознесенский монастырь, церковь Михаила Архангела, \r\nУспенский собор, собор Успения Пресвятой Богородицы, иеромонах Матфей,\r\nАнно-Пророчицкий монастырь, чудотворец, Яранский чудотворец, святой источник Покрова Божией Матери, река Уртма, деревня Горушки, святой источник Николая Чудотворца, река Лум, деревня Мари-Ушем, паломники, марийский праздник «Оленин день», священная роща марийцев, часовни-голубцы, голбцы, заброшенные деревни Яранского района, Благово, Халтурино, природные памятники, городской сад,набережная реки Ярани, яранская берёзовая роща, памятник природы, материковое озеро, \r\nНикулятское озеро, языческие святыни.\r\n\r\n\r\n\r\n'),
(6, 166, 'Легенды лежнинского озера', 'Legends lezhninskogo lake', 'legendy_lezhninskogo_ozera', 'Озёр в Кировской области много, но Лежнинское – особое! Природа создала его прямо на глазах у людей – и сейчас это самое глубокое карстовое озеро в области. Это место силы и священных ритуалов, затонувших храмов, целебной живой воды и таинственных легенд… и просто отличной рыбалки, дайвинга и водного туризма!   ', '', '<p><em><strong>Озёр в Кировской области много, но Лежнинское &ndash; особое! Природа создала его прямо на глазах у людей &ndash; и сейчас это самое глубокое карстовое озеро в области. Это место силы и священных ритуалов, затонувших храмов, целебной живой воды и таинственных легенд&hellip; и просто отличной рыбалки, дайвинга и водного туризма!</strong></em></p>\r\n<p>Лежнинское озеро невелико &ndash; всего 250 м в длину и 200 м в ширину. Но его необычность заставляет забыть о размерах. Почти правильный овал зеркала озера скрывает глубокую карстовую воронку-провал &ndash; здесь обрушилась внутрь вершина холма. Высокие (до 10 м) берега уходят вниз, а &nbsp;с 15 м глубина круто возрастает и доходит до 36 метров.</p>\r\n<p><a href="/useruploads/files//interesno/legninskoe_ozero/full/diving_29.jpg" class="js-popup-img"><img src="/useruploads/files/interesno/legninskoe_ozero//diving_29.jpg" width="460" height="300" style="font-size: 13px; line-height: 18.2000007629395px;" class="post-image-img" alt="Легенды лежнинского озера" title="Легенды лежнинского озера" /></a>&nbsp;<a href="/useruploads/files//interesno/legninskoe_ozero/full/diving_3.jpg" class="js-popup-img"><img src="/useruploads/files//interesno/legninskoe_ozero/diving_3.jpg" width="460" height="300" class="post-image-img" alt="Легенды лежнинского озера" title="Легенды лежнинского озера" /></a></p>\r\n<p><br />Находится озеро в Пижанском районе - 13 км от посёлка Пижанка и 5 км от села Обухово С 1990 года признано памятником природы регионального значения. Но рыбаки и туристы освоили его намного раньше. А вскоре и дайверы - именно они измерили точную глубину озёрной впадины. Всех тянет сюда удивительная красота Лежнинского и его тайны.</p>\r\n<p><br /><span class="post-subtitle">Возникновение Лежнинского озера</span></p>\r\n<p>Около 400 лет назад озера не было. На холмах стояли две деревни &ndash; Лежнино и Мокрецы. Как-то ночью жителей деревни Лежнино разбудил оглушительный грохот: земля буквально разверзлась у них под ногами и поглотила деревенскую часовню и несколько домов. Прямо возле деревни образовался гигантский провал-кратер, на дне бурлила мутная вода. Не успели люди опомниться, как вода поднялась и затопила всю котловину. Новое озеро и по сей день поражает приезжих своим расположением &ndash; на вершине холма.</p>\r\n<p>Именно так и возникают карстовые озёра: под землей в известковых горных породах образуются пустоты, свод истончается и рушится, иногда гигантский объём земли падает вниз. Карстовая воронка наполняется грунтовыми водами.</p>\r\n<p>Местные старожилы рассказывают про строения на дне озера &ndash; особенно про затонувшую церковь на глубине. Говорят, из озера и теперь доносится колокольный звон. Раньше рыбаки не раз вылавливали сетями почерневшие обтёсанные бревна. Есть легенда и об озёрном монахе, служителе провалившейся часовни и хранителе этого места. Он живёт в озере, но каждую ночь выходит из воды и обходит свои владения. Показывается на глаза он лишь тем, кто ведёт праведную жизнь. Вот такие собственные Светлояр и Китеж-град есть у нас на Вятской земле.</p>\r\n<p class="post-subtitle">Марийские легенды</p>\r\n<p>Глубокое и чистое Лежнинское озеро всегда считалось святым у марийского народа. Историки установили, что здесь в старину часто проводились марийские языческие обряды. Сюда собирались марийцы не только из ближайших сел, но и из далеких южных районов - лечиться от &laquo;болезней живота&raquo; и глазных болезней. И это неудивительно &ndash; озёрная вода и впрямь целебная, так как сильно насыщена минералами.</p>\r\n<p>Святым считался и источник неподалёку от озера &ndash; он бьёт из-под правого берега речки Елёвки, напротив развалин деревни Мокрецы.<br />И в наше время местное марийское население относится к озеру и источнику с большим уважением как к местам силы.</p>\r\n<p class="post-subtitle">Дайвинг</p>\r\n<p>Дайверы обожают это место и приезжают сюда издалека. Да, на Вятской земле есть свой маленький дайверский рай! Есть куда углубляться &ndash; в этом маленьком озере целых 36,6 метра глубины, в нём скрылся бы 12-этажный дом. А прибавить к этому чистейшую воду с почти постоянной температурой (около 4 градусов, лишь летом верхние слои прогреваются до 16) &ndash; и получим идеальные условия для погружения</p>\r\n<p><a href="/useruploads/files//interesno/legninskoe_ozero/full/diving_32.jpg" class="js-popup-img"><img src="/useruploads/files//interesno/legninskoe_ozero/diving_32.jpg" width="460" height="300" class="post-image-img" alt="Легенды лежнинского озера" title="Легенды лежнинского озера" /></a>&nbsp;<a href="/useruploads/files//interesno/legninskoe_ozero/full/diving_4.jpg" class="js-popup-img"><img src="/useruploads/files//interesno/legninskoe_ozero/diving_4.jpg" width="460" height="300" class="post-image-img" alt="Легенды лежнинского озера" title="Легенды лежнинского озера" /></a></p>\r\n<p>В гидрокостюме или просто с маской и трубкой &ndash; подводное плавание здесь приносит массу впечатлений, поэтому многие возвращаются сюда снова. Прозрачность воды даёт видимость от 3 до 11 метров в разное время года на глубинах до 7 метров. В 9 метрах глубины видимость снижается, и нужен мощный фонарь.</p>\r\n<p>Дайверы и сейчас любят искать на дне затонувшую деревню.</p>\r\n<p class="post-subtitle">Рыбацкие легенды</p>\r\n<p>Рыбаков тянет сюда как магнитом. Вдоль берега до глубины 7 метров &ndash; много водорослей, там отлично ловятся щука и сорога (плотва). На дне прибрежной полосы живут разноцветные раки.</p>\r\n<p>Местные жители рассказывают о встречах с громадной двухметровой щукой &ndash; с &nbsp;тех пор местные рыбаки не любят резиновые лодки. А щука ещё и рвёт сети - рыбаки не раз доставали сети с дырами, как от торпеды.</p>\r\n<p class="post-subtitle">Живая вода</p>\r\n<p><a href="/useruploads/files//interesno/legninskoe_ozero/full/xxb.JPG" class="js-popup-img"><img src="/useruploads/files//interesno/legninskoe_ozero/xxb.jpg" width="300" height="400" style="float: right; margin: 10px;" class="post-image-img" alt="Легенды лежнинского озера" title="Легенды лежнинского озера" /></a></p>\r\n<p>Вода здесь чистая, необыкновенного зеленовато-синего цвета &ndash; как морская волна, даже на глубине. На мелководье она почти бирюзовая, сквозь неё ясно видно песчаное дно, местами с тонким слоем светлого известковистого ила, в котором ползают раки.</p>\r\n<p>В Лежнинском просто невозможно утонуть! Его вода держит и выталкивает на поверхность, как морская. Местные жители утверждают, что никто и никогда не тонул в Лежнинском &ndash; и это при огромной глубине!</p>\r\n<p>Всё дело в том, что вода озера - сильно минерализованная. Отсюда и её выталкивающие свойства, и целебные. Она очень чиста и приятна на вкус, её можно спокойно пить без кипячения.</p>\r\n<p>Удивительный факт: уровень воды Лежнинского озера на 8 м выше уровня ближней речки Елёвки и всех окрестных рек.</p>\r\n<p class="post-subtitle">Речка Елёвка</p>\r\n<p>Эта речка, что течёт из озера и впадает в реку Пижму, замечательна и сама по себе. Она по пути делает много живописных изгибов, есть даже напоминающие знак "Инь-Янь". Также на её берегу - священный источник, почитаемый марийцами.</p>\r\n<p class="post-subtitle">Окрестности</p>\r\n<p>По всему периметру озера - еловые и сосновые посадки, оборудованы места для костров и палаток, спуск к воде, есть и пункт проката лодок.</p>\r\n<p>Неподалёку &ndash; археологические раскопки. На левом берегу реки Иж, притока Пижмы, в 7&ndash;8 км к западу от озера - Ижевское городище, содержит слои раннего железного века. В 8&ndash;9 км к северо-западу от озера &ndash; Горское городище со слоями раннего железного века и средневековья.</p>\r\n<p><em><strong>Лежнинское озеро &ndash; уникальный памятник природы, красивейшее место силы, полное древних тайн. И в то же время &ndash; популярная рекреационная зона, рай для любителей природы и водного туризма.</strong></em></p>', '', 1, NULL, 'Кировская область, озеро, карстовое озеро, древние тайн, тайны, священные ритуалы, целебный, живая вода, рыбалка, дайвинг,  водный туризм, посёлок Пижанка, село Обухово, Пижанский район, памятник природы регионального значения, туристы, рыбаки, глубина озёрной впадины, вершина холма, провал-кратер, часовня, котловина, карстовые озёра, карстовая воронка, грунтовые воды, затонувшая церковь, затонувшая деревня, дно озера, сети, монах, хранитель места, Светлояр, Китеж-град, Вятская земля, метеоритное происхождение, марийские легенды, марийский народ, святой, марийские языческие обряды,  марийцы, минералы, источник, речка Елёвка, деревня Лежнино, деревня Мокрецы, марийское население, место силы, дайвинг, дайверы, дайверский, глубина, погружение, гидрокостюм, маска, видимость,\r\nдно, мелководье, подводное плавание, рыбацкие легенды, рыбаки, щуки, сороги, плотва, раки, легенда, русалка, живая вода, уровень воды, речка Елёвка, места для костров , пункт проката лодок, археологические раскопки, река Иж, Пижма, Ижевское городище, Горское городище, средневековье, ранний железный век, место силы, рекреационная зона', 'Кировская область, озеро, карстовое озеро, древние тайн, тайны, священные ритуалы, целебный, живая вода, рыбалка, дайвинг,  водный туризм, посёлок Пижанка, село Обухово, Пижанский район, памятник природы регионального значения, туристы, рыбаки, глубина озёрной впадины,\r\nвершина холма, провал-кратер, часовня, котловина, карстовые озёра, карстовая воронка, грунтовые воды, затонувшая церковь, затонувшая деревня, дно озера, \r\nсети, монах, хранитель места, Светлояр, Китеж-град, Вятская земля, метеоритное происхождение, марийские легенды, марийский народ, святой, марийские языческие обряды,  марийцы, минералы, источник, речка Елёвка, деревня Лежнино, деревня Мокрецы, марийское население, место силы,\r\nдайвинг, дайверы, дайверский, глубина, погружение, гидрокостюм, маска, видимость,\r\nдно, мелководье, подводное плавание,\r\nрыбацкие легенды, рыбаки, щуки, сороги, плотва, раки, легенда, русалка,\r\nживая вода, уровень воды, речка Елёвка, места для костров , пункт проката лодок,\r\nархеологические раскопки, река Иж, Пижма, Ижевское городище, Горское городище ,\r\nсредневековье, ранний железный век, место силы, рекреационная зона.\r\n');
INSERT INTO `app_interesting` (`id_app_interesting`, `main_image`, `name_ru`, `name_en`, `alias`, `content_short_ru`, `content_short_en`, `content_ru`, `content_en`, `visible`, `page_title`, `meta_keywords`, `meta_description`) VALUES
(7, 310, 'Валуны в Котельниче – последствия Ледникового периода', 'Boulders in Kotelnich - the consequences of the Ice Age', 'valuny_v_kotelniche__posledstviya_lednikovogo_perioda', 'Многие ли знают что именно в непосредственной близости от города Котельнич есть такое место, где уже многие века и даже тысячилетия живут Валуны – камни шаровидной правильной формы, которые так искусно обработал Ледниковый период. \r\n', '', '<p><em><strong>Казалось бы такое местонахождение должно быть у всех на устах, как знаменитая северная Земля Франца Иосива или местонахождение валунов в Японии, но многие ли знают что именно в непосредственной близости от города <a href="/ru/interesting/kotelnich/" target="_blank">Котельнич</a> есть такое место, где уже многие века и даже тысячилетия живут Валуны &ndash; камни шаровидной правильной формы, которые так искусно обработал Ледниковый период.</strong></em></p>\r\n<p>Оказывается, в Кировской области есть своя Земля Франца Иосифа с идеально круглыми валунами исполинских размеров. И если вы все еще не знаете, где находится подобное место, самое время познакомиться с ним!</p>\r\n<p><a href="/useruploads/files//interesno/valuni/full/IMG_2386.JPG" class="js-popup-img"><img src="/useruploads/files//interesno/valuni/IMG_2386.jpg" width="460" height="300" class="post-image-img" style="margin-top: 2px; margin-bottom: 2px;" alt="Валуны в Котельниче &ndash; последствия Ледникового периода" title="Валуны в Котельниче &ndash; последствия Ледникового периода" /></a>&nbsp;<a href="/useruploads/files//interesno/valuni/full/IMG_2390.JPG" class="js-popup-img"><img src="/useruploads/files//interesno/valuni/IMG_2390.jpg" width="460" height="300" class="post-image-img" style="margin-top: 2px; margin-bottom: 2px;" alt="Валуны в Котельниче &ndash; последствия Ледникового периода" title="Валуны в Котельниче &ndash; последствия Ледникового периода" /></a></p>\r\n<p></p>\r\n<p class="post-subtitle">Жуковлянские карьер &ndash; &nbsp; местонахождения валунов</p>\r\n<p>К сожалению, уже не жилая деревенька Жуковляне находится среди бескрайних &nbsp;полей заросших малорослым ивняком в близи села Александровское, &nbsp;в 25 км от Котельнича. Когда то неподалеку от этих мест строили железную дорогу, а места глухие все изрезаны оврагами и холмами. Для того чтоб горизонт дороги был относительно ровный необходимо было делать песчаную отсыпку. Вот поблизости советские геологи и обнаружили карьер с казалось бы идеальным песком для работы и, видимо, никто внимания не обратил что за странные крупные кочки покрытые мхом и лишайником выглядывают в дремучем лесу. Начались работы пригнали технику, вырубили лес где необходимо, разрыли котлован и начали добычу. Но что такое! Началась ломаться техника, то и дело лопались шланги высокого давления от невозможности поднять что-то тяжелое. Специалисты сделали проверку грунта и обнаружили крупные подземные камни, после чего было принято решение окапывать их вокруг и тогда уже выкорчевывать, по крайней мере технику сберечь. И удивлению не было предела когда обнаружили в этом карьере целую кладезь огромных многотонных шаров. Только вот &nbsp;некогда было проводить PR компании и &nbsp;заниматься регистрацией уникального места, надо было ЖД дорогу строить, поэтому помаялись-помаялись да и поехали другое местонахождение разрабатывать, а про это благополучно забыли.</p>\r\n<p><a href="/useruploads/files//interesno/valuni/full/IMG_2393.JPG" class="js-popup-img"><img src="/useruploads/files//interesno/valuni/IMG_2393.jpg" width="460" height="300" class="post-image-img" style="margin-top: 2px; margin-bottom: 2px;" alt="Валуны в Котельниче &ndash; последствия Ледникового периода" title="Валуны в Котельниче &ndash; последствия Ледникового периода" /></a>&nbsp;<a href="/useruploads/files//interesno/valuni/full/IMG_2398.JPG" class="js-popup-img"><img src="/useruploads/files//interesno/valuni/IMG_2398.jpg" width="460" height="300" class="post-image-img" style="margin-top: 2px; margin-bottom: 2px;" alt="Валуны в Котельниче &ndash; последствия Ледникового периода" title="Валуны в Котельниче &ndash; последствия Ледникового периода" /></a>&nbsp;<a href="/useruploads/files//interesno/valuni/full/IMG_2401.JPG" class="js-popup-img"><img src="/useruploads/files//interesno/valuni/IMG_2401.jpg" width="460" height="300" class="post-image-img" style="margin-top: 2px; margin-bottom: 2px;" alt="Валуны в Котельниче &ndash; последствия Ледникового периода" title="Валуны в Котельниче &ndash; последствия Ледникового периода" /></a>&nbsp;<a href="/useruploads/files//interesno/valuni/full/IMG_2418.JPG" class="js-popup-img"><img src="/useruploads/files//interesno/valuni/IMG_2418.jpg" width="460" height="300" class="post-image-img" style="margin-top: 2px; margin-bottom: 2px;" alt="Валуны в Котельниче &ndash; последствия Ледникового периода" title="Валуны в Котельниче &ndash; последствия Ледникового периода" /></a></p>\r\n<p></p>\r\n<p>Валуны в Котельниче, в отличие от аналогичных камней на Земле Франца Иосифа, не состоят на учете в ЮНЕСКО, что дает отличную возможность беспрепятственного знакомства с ними! Но так же дает возможность и вандалам покушаться на красоту, оставленную глобальным Ледником</p>\r\n<p>Жуковлянские камни &ndash; это уникальный природный заповедник, находящийся рядом с заброшенной деревней Жуковляне всего в 20 километрах от Котельнича. Весьма необычное явление, позволяющее по-новому взглянуть на туризм в Кировской области: необычные объекты в нашем регионе есть, и к их числу следует отнести &nbsp;валуны в Котельниче.</p>\r\n<p class="post-subtitle">Жуковлянские камни: откуда и почему?</p>\r\n<p>Валуны в Котельниче &ndash; это настоящая тайна, покрытая мраком, вокруг которой ведется немало споров. Первый момент, который не удалось установить до сих пор &ndash; точный возраст этих валунов. Кто-то говорит, что камням более 253 миллионов лет, кто-то называет эту цифру неоправданной высокой. Ясно одно что образовались данные породы в результате огромного отрезка времени в результате наслоения осадочных пород на дне огромного озера, далее происходило длительное осушение этого водоема, окаменизация пород и растрескивание на сегменты. А по прошествии многих, лет ледник неся свои льды и талые воды отшлифовал края спрессованных глыб!</p>\r\n<p>Вообщем, возраст жуковлянских камней впечатляет &ndash; эти объекты определенно точно отсчитывают свою историю далеко до начала нашей эры.</p>\r\n<p><a href="/useruploads/files//interesno/valuni/full/IMG_2421.JPG" class="js-popup-img"><img src="/useruploads/files//interesno/valuni/IMG_2421.jpg" width="460" height="300" class="post-image-img" alt="Валуны в Котельниче &ndash; последствия Ледникового периода" title="Валуны в Котельниче &ndash; последствия Ледникового периода" /></a>&nbsp;<a href="/useruploads/files//interesno/valuni/full/IMG_2429.JPG" class="js-popup-img"><img src="/useruploads/files//interesno/valuni/IMG_2429.jpg" width="460" height="300" class="post-image-img" alt="Валуны в Котельниче &ndash; последствия Ледникового периода" title="Валуны в Котельниче &ndash; последствия Ледникового периода" /></a></p>\r\n<p>Второй немаловажный вопрос &ndash; откуда они взялись здесь?. Наиболее вероятная причина появления таких валунов &ndash; ледниковая. Суда по всему, глобальный ледник принес эти камни сюда, замыл их на достаточно низкой точке местности , а так же собрал более мелкие частицы в виде песка, поэтому и получился карьер. Через некоторое время земля вытолкнула их и валуны оказались на поверхности. Ну естественно помог и антропогенный фактор в виде человека: во время добычи песка нашлось немало валунов &ndash; они даже отодвигались в сторону экскаваторами, ввиду чего ряд камней имеют трещины и расколы.</p>\r\n<p class="post-subtitle">Валуны в Котельниче: необъяснимый магнетизм</p>\r\n<p>Многие из тех, кому уже удалось побывать на месте расположения жуковлянских камней, отмечают немало интересных особенностей:</p>\r\n<ul>\r\n<li><span style="line-height: 1.4em;">Поверхность валунов гладкая, прохладная, обладающая приятными тактильными качествами;&nbsp;</span></li>\r\n<li><span style="line-height: 1.4em;">Практически все камни идеально ровные, имеющие шарообразную форму;</span></li>\r\n<li><span style="line-height: 1.4em;">Валуны излучают необъяснимую энергию, как будто они живые: то ли сказывается дух прошлого, то ли местность&hellip;</span></li>\r\n<li><span style="line-height: 1.4em;">Каждый камень имеет свою форму и характер, если прислушаться то можно услышать даже какой то странный разнообразный шум напоминающий дыхание</span></li>\r\n<li><span style="line-height: 1.4em;">Камни двигаются, они живые. Да это правда, каждый год на несколько сантиметров они перемещаются по долине и у каждого своя траектория.</span></li>\r\n</ul>\r\n<p>Сколько всего камней подобного типа находится здесь?</p>\r\n<p><a href="/useruploads/files//interesno/valuni/full/IMG_2431.JPG" class="js-popup-img"><img src="/useruploads/files//interesno/valuni/IMG_2431.jpg" width="460" height="300" class="post-image-img" alt="Валуны в Котельниче &ndash; последствия Ледникового периода" title="Валуны в Котельниче &ndash; последствия Ледникового периода" /></a>&nbsp;<a href="/useruploads/files//interesno/valuni/full/IMG_2435.JPG" class="js-popup-img"><img src="/useruploads/files//interesno/valuni/IMG_2435.jpg" width="460" height="300" class="post-image-img" alt="Валуны в Котельниче &ndash; последствия Ледникового периода" title="Валуны в Котельниче &ndash; последствия Ледникового периода" /></a></p>\r\n<p>По предварительном подсчетам в районе деревни Жуковляне было почти 1 330 валунов, не считая тех, которые все еще покоятся под землей. Но сейчас осталось меньше почни в двое, куда они делись мало кто знает, но есть легенда, о которой мы расскажем когда вы решите узнать больше об этом уникальном местонахождении последствий Ледникового периода. Наверное каждый из нас смотрел русскую народную сказку как одна колдунья превращала в камней добрых молодцов которые приходили освободить светлую принцессу заточенную в замке. Многие, очень многие камни по своей форме так похожи на людей&hellip;</p>\r\n<p>Каждый человек должен &nbsp;хотя бы раз в жизни оказаться в подобном месте, чтобы на себе ощутить этот магнетизм, мистичность, тысячелетнюю загадку хранящую ключ к многим ответам а также услышать древнее дыхание живого камня! И кто знает может именно тебе будет дан секрет как сказка становиться былью&hellip;</p>\r\n<p><a href="/useruploads/files//interesno/valuni/full/slide002.jpg" class="js-popup-img"><img src="/useruploads/files//interesno/valuni/slide002.jpg" width="460" height="300" class="post-image-img" alt="Валуны в Котельниче &ndash; последствия Ледникового периода" title="Валуны в Котельниче &ndash; последствия Ледникового периода" /></a>&nbsp;<a href="/useruploads/files//interesno/valuni/full/slide184.jpg" class="js-popup-img"><img src="/useruploads/files//interesno/valuni/slide184.jpg" width="460" height="300" class="post-image-img" alt="Валуны в Котельниче &ndash; последствия Ледникового периода" title="Валуны в Котельниче &ndash; последствия Ледникового периода" /></a></p>\r\n<p></p>\r\n<p><em><strong><span style="color: #444444; font-family: Tahoma, sans-serif; font-size: 14.3999996185303px; line-height: 19.6000003814697px;">Каждый человек должен &nbsp;хотя бы раз в жизни оказаться в подобном месте, чтобы на себе ощутить этот магнетизм, мистичность, тысячелетнюю загадку хранящую ключ к многим ответам а также услышать древнее дыхание живого камня! И кто знает может именно тебе будет дан секрет как сказка становиться былью&hellip;</span></strong></em></p>', '', 1, NULL, 'Валуны в Котельниче, последствия Ледникового периода, Земля Франца Иосива, местонахождение валунов в Японии, города Котельнич, Ледниковый период, Кировской области, Жуковлянские карьер, местонахождения валунов, села Александровское, Жуковлянские камни, туризм в Кировской области, необъяснимый магнетизм, живого камня', ''),
(8, 313, 'Великорецкий крестный ход', 'Velikoretskiy procession', 'velikoretskiy_krestnyy_hod', 'Каждое лето в Кирове начинается так: главная улица заполняется тысячами людей с иконами и рюкзаками, на их лицах – радость и ожидание чуда. Они приезжают издалека, чтобы вместе пройти удивительный путь, стать частью великого события и прикоснуться к одной из величайших русских православных святынь. Их провожает весь город – ведь это паломники-трудники идут на реку Великую с иконой Николая Чудотворца. Это - Великорецкий крестный ход.', '', '<p><em><strong>Каждое лето в Кирове начинается так: главная улица заполняется тысячами людей с иконами и рюкзаками, на их лицах &ndash; радость и ожидание чуда. Они приезжают издалека, чтобы вместе пройти удивительный путь, стать частью великого события и прикоснуться к одной из величайших русских православных святынь. Их провожает весь город &ndash; ведь это паломники-трудники идут на реку Великую с иконой Николая Чудотворца. Это - Великорецкий крестный ход.</strong></em></p>\r\n<p><a href="/useruploads/files//interesno/velikoretckij_hod/full/ГЛАВНОЕ%20ФОТО%20КАРТОЧКИ.JPG" class="js-popup-img"><img src="/useruploads/files//interesno/velikoretckij_hod/1.jpg" width="460" height="300" class="post-image-img" alt="Великорецкий крестный ход" title="Великорецкий крестный ход" /></a>&nbsp;<a href="/useruploads/files//interesno/velikoretckij_hod/full/IMG_4266.JPG" class="js-popup-img"><img src="/useruploads/files//interesno/velikoretckij_hod/IMG_4266.jpg" width="460" height="300" alt="Великорецкий крестный ход" title="Великорецкий крестный ход" /></a></p>\r\n<p>Великорецкий крестный ход &ndash; одно из самых известных православных событий в России, духовное и культурное явление с древней, богатой и драматичной историей. Одновременно это &ndash; один из самых трудных пеших маршрутов. Сегодня он влечёт тех, кто хочет испытать себя и прикоснуться к священным тайнам.</p>\r\n<p>180 километров пешком по бездорожью, лесам и болотам, в жару и дождь, в сосредоточении и молитве, с редкими часами сна &ndash; настоящий подвиг! И каждый год тысячи людей &ndash; от младенцев до стариков &ndash; совершают его в надежде на чудо. Ведь Никола Великорецкий прославлен по всей России своей целительной силой, а паломники каждый год рассказывают новые удивительные истории. Сюда съезжаются со всей России, стран СНГ, ежегодно бывают и гости из-за рубежа. 3 июня, после литургии в Свято-Серафимовском и Успенском соборах, паломники торжественно выходят из Кирова; во главе колонны - священники в полном облачении и с иконой Николы Великорецкого. Путь их лежит через поселок Макарье, села Бобино, Загарье, Монастырское, Горохово &ndash; к месту обретения чудотворной иконы, в село Великорецкое. Там 6 июня, в день обретения иконы, происходят праздничные богослужения под открытым небом у святого источника и купание паломников в освящённых водах реки Великой. Обратно идут по традиции уже другой дорогой: через село Медяны и поселок Мурыгино и возвращаются в Киров, к Трифонову монастырю и Серафимовскому собору, где происходит завершающий молебен с акафистом св. Николаю. Многие ходят так годами, и число участников всё растёт.</p>\r\n<p><a href="/useruploads/files//interesno/velikoretckij_hod/IMG_0710.jpg" class="js-popup-img"><img src="/useruploads/files//interesno/velikoretckij_hod/IMG_0710.jpg" width="460" height="300" class="post-image-img" alt="Великорецкий крестный ход" title="Великорецкий крестный ход" /></a>&nbsp;<a href="/useruploads/files//interesno/velikoretckij_hod/full/IMG_4543.JPG" class="js-popup-img"><img src="/useruploads/files//interesno/velikoretckij_hod/IMG_4543.jpg" width="460" height="300" class="post-image-img" alt="Великорецкий крестный ход" title="Великорецкий крестный ход" /></a>&nbsp;<a href="/useruploads/files//interesno/velikoretckij_hod/full/slide178.jpg" class="js-popup-img"><img src="/useruploads/files//interesno/velikoretckij_hod/slide178.jpg" width="460" height="300" class="post-image-img" alt="Великорецкий крестный ход" title="Великорецкий крестный ход" /></a>&nbsp;<a href="/useruploads/files//interesno/velikoretckij_hod/full/slide196.jpg" class="js-popup-img"><img src="/useruploads/files//interesno/velikoretckij_hod/slide196.jpg" width="460" height="300" class="post-image-img" alt="Великорецкий крестный ход" title="Великорецкий крестный ход" /></a></p>\r\n<p class="post-subtitle">История</p>\r\n<p>В 1383 году на берегу реки Великой, в корнях сосны у источника, жителю деревни Крутицы Семену Агалакову явилась чудотворная икона святителя Николая. Вскоре начались исцеления крестьян от этой иконы, и над святым источником общими усилиями построили деревянную часовню, а позже заложили первый храм. Власти Хлынова (ныне Киров) узнали о чудотворной иконе и в 1392 году перенесли её в город для сохранности. Но при этом дали обет ежегодно в день обретения приносить икону вновь на место явления. Так родился Великорецкий крестный ход.</p>\r\n<p>До 1777 года крестный ход плыл на лодках и плотах по рекам Вятке и Великой, потом проложили нынешний, сухопутный маршрут. В 17 веке икона побывала в Казани и в Москве у царя Ивана IV, также являя чудеса исцеления на всём пути следования &ndash; по свидетельству летописи, перед ней исцелялись слепые, хромые и бесноватые, а сама икона излучала свет. Некоторое время она находилась в Успенском соборе Кремля, где также явила неоднократные исцеления; тогда же с неё были сделаны списки. Так началось почитание Великорецкого образа Святителя Николая по всей Руси, в его честь основывались монастыри. Люди шли в Хлынов, чтобы получить исцеление через молитву перед святым образом. Второй раз образ побывал в Москве уже по приказу царя Михаила Федоровича.</p>\r\n<p>До 20-х годов 20 века икона находилась в кафедральном соборе города Вятки, и в первые годы советской власти традиция хода сохранялась. В 30-е годы собор разрушили, а икона исчезла. Но сохранились списки с иконы. Вплоть до 1959 года верующие ходили к святому месту под видом туристов, не пропуская ни года. В 1959 году власть стала активно бороться с паломниками с помощью запретов и милиции, но люди продолжали идти, даже рискуя своим здоровьем, несмотря на угрозы властей. В 1989 году по просьбе митрополита Вятского Хрисанфа запрет на паломничество был отменён, но до 1993 года крестный ход разрешали совершать лишь от села Чудиново (10 км). Затем он вновь начал следовать историческому маршруту. В 1999 году ход вновь стал официальным масштабным событием области, а в 2000 году указом патриарха Алексия II Великорецкому крестному ходу присвоен статус всероссийского.</p>\r\n<p><a href="/useruploads/files//interesno/velikoretckij_hod/full/IMG_0643.JPG" class="js-popup-img"><img src="/useruploads/files//interesno/velikoretckij_hod/IMG_0643.jpg" width="460" height="300" class="post-image-img" alt="Великорецкий крестный ход" title="Великорецкий крестный ход" /></a>&nbsp;<a href="/useruploads/files//interesno/velikoretckij_hod/full/IMG_0648.JPG" class="js-popup-img"><img src="/useruploads/files//interesno/velikoretckij_hod/IMG_0648.jpg" width="460" height="300" class="post-image-img" alt="Великорецкий крестный ход" title="Великорецкий крестный ход" /></a></p>\r\n<p class="post-subtitle">Интересные факты</p>\r\n<ul>\r\n<li><span style="line-height: 1.4em;">С 1400 года Великорецкий крестный ход даже в самые тяжёлые времена не прекращался ни на один год;</span></li>\r\n<li><span style="line-height: 1.4em;">В селе Великорецком рядом со святым источником есть два очень популярных у паломников дерева. Это сосна, под которой явилась чудотворная икона (теперь от старого дерева остался лишь огромный пень, на который паломники ставят церковные свечи) и другая древняя сосна с выступающими над землёй огромными корнями &ndash; есть поверье, что если пролезть под ними, то это приносит удачу;&nbsp;</span></li>\r\n<li><span style="line-height: 1.4em;">Один из приделов храма Василия Блаженного в Москве освящён в честь Великорецкой иконы Святителя Николая;</span></li>\r\n<li><span style="line-height: 1.4em;">В 2000-х годах, с возрождением православного движения, количество паломников в Великорецком крестном ходу резко возросло &ndash; до 35-40 тысяч;</span></li>\r\n<li><span style="line-height: 1.4em;">В 2013 году состоялся юбилейный, 630-й крестный ход;&nbsp;</span></li>\r\n<li><span style="line-height: 1.4em;">В 2014 году отмечали 400-летие второго принесения в Москву чудотворного Великорецкого образа святителя Николая и 25-летие возобновления традиции крестного хода. В этом году ход насчитывал небывалое количество участников - 100 тысяч человек;</span></li>\r\n<li><span style="line-height: 1.4em;">Храмовый комплекс села Великорецкое &ndash; впечатляющий памятник архитектуры, но главный молебен крестного хода проводится не в нём, а в деревянной часовне-алтаре над источником и под открытым небом у реки Великой;</span></li>\r\n<li><span style="line-height: 1.4em;">Крестьянин Семён Агалаков в 1383 году нашёл икону по чудесному сиянию, затем ему было видение во сне &ndash; святитель Николай велел идти с иконой к безнадёжно больному соседу. Это было первым исцелением, за которым последовали многие другие;</span></li>\r\n<li><span style="line-height: 1.4em;">Начиная с 17 века, случаи исцеления от чудотворной иконы зафиксированы в летописях;</span></li>\r\n<li><span style="line-height: 1.4em;">Во время блокады Ленинграда в ВОВ отмечались случаи &ndash; некий таинственный старик появлялся и давал советы, помогавшие людям выжить. Потом люди узнавали его лицо на иконе Николы Великорецкого;&nbsp;</span></li>\r\n<li><span style="line-height: 1.4em;">В наши дни есть свидетельства об отмене группы инвалидности после участия в Великорецком крестном ходу;</span></li>\r\n<li><span style="line-height: 1.4em;">Особым благом считается принять крещение в купели Великорецкого святого источника;</span></li>\r\n<li><span style="line-height: 1.4em;">Также многие находят здесь верных друзей и даже семейное счастье &ndash; не только благодаря святому Николаю, но и благодаря всеобщей атмосфере любви и взаимопомощи, царящей в многотысячной толпе паломников. Именно это на Руси и называлось соборность</span></li>\r\n</ul>\r\n<p><a href="/useruploads/files//interesno/velikoretckij_hod/full/IMG_0684.JPG" class="js-popup-img"><img src="/useruploads/files//interesno/velikoretckij_hod/IMG_0684.jpg" width="460" height="300" class="post-image-img" alt="Великорецкий крестный ход" title="Великорецкий крестный ход" /></a>&nbsp;<a href="/useruploads/files//interesno/velikoretckij_hod/full/IMG_4701.JPG" class="js-popup-img"><img src="/useruploads/files//interesno/velikoretckij_hod/IMG_4701.jpg" width="460" height="300" class="post-image-img" alt="Великорецкий крестный ход" title="Великорецкий крестный ход" /></a></p>', '', 1, NULL, 'Великорецкий крестный ход, крестный ход, Киров, икона, русские православные святыни, паломники, река Великая, икона Николая Чудотворца, православный, подвиг, чудо, Никола Великорецкий, Свято-Серафимовский собор, Успенский собор, икона Николы Великорецкого, Макарье, Бобино, Загарье, Монастырское, Горохово, место обретения чудотворной иконы, село Великорецкое, обретениея иконы, святой источник, Медяны, Мурыгино, Трифонов монастырь, Серафимовский собор, молебен с акафистом св. Николаю, деревня Крутицы, Семён Агалаков, крестьянин, крестьяне, исцеления, чудотворная икона святителя Николая, исцеления, деревянная часовня, храм, Хлынов, чудотворная икона, река Вятка, Казань, Москва, царь Иван IV, чудеса исцеления, летописи, Успенский собор Кремля, Великорецкий образ Святителя Николая, монастыри, царь Михаил Федорович, святой образ, кафедральный собор, город Вятка, годы советской власти, списки, святое место, митрополит Вятский Хрисанф, патриарх Алексий II, Чудиново, паломничество, сосна, пень, храм Василия Блаженного, Великорецкая икона Святителя Николая, придел, православное движение,\r\n400-летие второго принесения в Москву чудотворного Великорецкого образа святителя Николая, 25-летие возобновления традиции крестинного хода, храмовый комплекс села Великорецкое, памятник архитектуры, молебен, часовня-алтарь, чудотворная икона, блокада Ленинграда, ВОВ, Никола Великорецкий, святой Николай, крещение, купель, соборность', 'Великорецкий крестный ход');
INSERT INTO `app_interesting` (`id_app_interesting`, `main_image`, `name_ru`, `name_en`, `alias`, `content_short_ru`, `content_short_en`, `content_ru`, `content_en`, `visible`, `page_title`, `meta_keywords`, `meta_description`) VALUES
(9, 316, ' Динопарк в Котельниче: "Динозавры на Вятке"', 'Dinopark Kotelnich: carefully, dinosaurs!', 'dinopark_v_kotelniche', 'Древние монстры в российской глубинке?  Фильм «Парк юрского периода» наяву? Совершенно верно – приезжайте и … переноситесь на миллионы лет назад, в древнее прошлое Земли! ', '', '<p><em><strong>Древние монстры в российской глубинке? &nbsp;Фильм &laquo;Парк юрского периода&raquo; наяву? Совершенно верно &ndash; приезжайте и &hellip; переноситесь на миллионы лет назад, в древнее прошлое Земли! Ведь это &ndash; известный на всю страну Котельничский Динопарк.</strong></em></p>\r\n<p>Здесь, в Кировской области, на сравнительно небольшой площади расположилась целая удивительная страна &ndash; страна динозавров. Пройдите по её тропинкам, и вас встретят почти два десятка реалистичных, в полный рост, моделей рептилий, жителей юрского и пермского периодов мезозойской и палеозойской эры. А самую грозную рептилию всех времён вы заметите ещё издалека &ndash; да, это он, великий и ужасный тираннозавр Рекс! &nbsp;Тсс, осторожно, не разбудите хищника!</p>\r\n<p><a href="/useruploads/files//interesno/dinopark/full/ГЛАВНОЕ%20ФОТО.jpg" class="js-popup-img"><img src="/useruploads/files//interesno/dinopark/1.jpg" width="460" height="300" class="post-image-img" alt="Динопарк в Котельниче: осторожно, динозавры!" title="Динопарк в Котельниче: осторожно, динозавры!" /></a>&nbsp;<a href="/useruploads/files//interesno/dinopark/full/IMG_7484.jpg" class="js-popup-img"><img src="/useruploads/files//interesno/dinopark/IMG_7484.jpg" width="460" height="300" class="post-image-img" alt="Динопарк в Котельниче: осторожно, динозавры!" title="Динопарк в Котельниче: осторожно, динозавры!" /></a></p>\r\n<p class="post-subtitle">Динопарк в <a href="/ru/interesting/kotelnich/" target="_blank">Котельниче</a> &ndash; результат многолетних палеонтологических работ</p>\r\n<p>Почему такой чудо-парк расположился именно в небольшом провинциальном городке Котельниче? Конечно, не случайно. До сих пор совсем рядом с городом находят скелеты древних существ, которые, к сожалению (а может быть, и к счастью), не сумели дожить до наших дней. С начала 20-го века, кроме уже известных представителей пермской фауны, здесь найдено порядка 20 ранее неизвестных науке видов животных, например, суминия Гетманова, Vjatkazuhus, Emiroletter и т.д. А множество удивительно хорошо сохранившихся скелетов парейазавров &nbsp;дают материал всё новым исследователям. "<a href="/ru/interesting/kotelnichskoe_mestonahozhdenie_pareyazavrov/" target="_blank">Котельничское местонахождение парейазавров</a>" &ndash; это уникальный палеонтологический памятник природы, не имеющий аналогов в мире. Оно тянется на 30 км вдоль правого берега реки Вятки &ndash; от Котельнича до посёлка Вишкиль.</p>\r\n<p>Здешний вид парейазавров даже получил собственное название &mdash; Deltavjatia vjatkensis (по реке Вятке). С момента обнаружения их под Котельничем в 1933 году и по сей день экспедиции совершают всё новые открытия. Ещё один местный вид &nbsp;&mdash; &nbsp;зверообразная рептилия Пробурнетия Вятская (Proburnetia vjatkensis). В 1990-х годах здесь впервые было найдено множество скелетных остатков мелких зверообразных рептилий, близких к предкам млекопитающих, а также останки весьма специализированной группы пермских рептилий &mdash; дицинодонтов. Именно эти находки сделали Котельнич местом паломничества для палеонтологов и геологов из разных стран мира. Здесь их встречает команда открытого в 1994 году <a href="/ru/interesting/kotelnichskij_paleontologicheskij_muzej/" target="_blank">Котельничского палеонтологического музея</a>, которая и сама с 1992 года и по сей день проводит ежегодные исследовательские работы на Котельничском местонахождении.</p>\r\n<p><br />Расположение Динопарка в <a href="/ru/interesting/kotelnich/" target="_blank">Котельниче</a> не случайно &ndash; именно здесь эра динозавров близко соприкасается с сегодняшней реальностью, ведь рядом &ndash; действующие палеонтологические раскопки.</p>\r\n<p class="post-subtitle">Что можно увидеть в Динопарке?</p>\r\n<p></p>\r\n<p>Динопарк &laquo;Динозавры на Вятке&raquo; тянется вдоль живописной речки Балакиревицы. Эта небольшая речка &ndash; всё, что осталось от огромной реки, протекавшей здесь миллионы лет назад и образовавшей котловину, в честь которой и назван город Котельнич. Сама природа подсказала создателям парка его дизайн. Рельеф и растительность вдоль речки Балакиревицы напоминают реальную среду обитания динозавров: упавшие деревья, вывороченные корни, густой кустарник, холмики и небольшие овраги. В некоторых местах оборудованы специальные обзорные площадки &ndash; с них получаются особенно хорошие фотографии. Вдоль берегов проложены пешеходные дорожки &ndash; иногда на двух уровнях. Именно проходя по этим &laquo;охотничьим тропам&raquo;, вы и увидите огромные, почти как живые, фигуры древних рептилий. Некоторые из них стоят у самой кромки воды &mdash; словно пришли на водопой и остановились, прислушавшись к тому, что доносит ветер. &nbsp;А ветра в котловине, кстати, не бывает &ndash; но при этом там очень чистый воздух, и ваша прогулка будет не только познавательной, но и очень приятной.</p>\r\n<p><a href="/useruploads/files//interesno/dinopark/full/IMG_7483.JPG" class="js-popup-img"><img src="/useruploads/files//interesno/dinopark/IMG_7483.jpg" width="460" height="300" class="post-image-img" alt="Динопарк в Котельниче: осторожно, динозавры!" title="Динопарк в Котельниче: осторожно, динозавры!" /></a>&nbsp;<a href="/useruploads/files//interesno/dinopark/full/IMG_7488.jpg" class="js-popup-img"><img src="/useruploads/files//interesno/dinopark/IMG_7488.jpg" width="460" height="300" class="post-image-img" alt="Динопарк в Котельниче: осторожно, динозавры!" title="Динопарк в Котельниче: осторожно, динозавры!" /></a>&nbsp;<a href="/useruploads/files//interesno/dinopark/full/IMG_7496.jpg" class="js-popup-img"><img src="/useruploads/files//interesno/dinopark/IMG_7496.jpg" width="460" height="300" class="post-image-img" alt="Динопарк в Котельниче: осторожно, динозавры!" title="Динопарк в Котельниче: осторожно, динозавры!" /></a>&nbsp;<a href="/useruploads/files//interesno/dinopark/full/IMG_7530.jpg" class="js-popup-img"><img src="/useruploads/files//interesno/dinopark/IMG_7530.jpg" width="460" height="300" class="post-image-img" alt="Динопарк в Котельниче: осторожно, динозавры!" title="Динопарк в Котельниче: осторожно, динозавры!" /></a></p>\r\n<p></p>\r\n<p>Таким образом, Динопарк &laquo;Динозавры на Вятке&raquo; &nbsp;&mdash; рекреационная зона, где каждый может в буквальном смысле соприкоснуться с историей. Тайны юрского и пермского периодов словно оживают на ваших глазах! Вы встретите представителей таких семейств палеорептилий как котилозавры, пеликозавры, зверозубые ящеры и другие&hellip; не забывайте о главной гордости &ndash; наших парейазавров!</p>\r\n<p><a href="/useruploads/files//interesno/dinopark/full/IMG_7547.jpg" class="js-popup-img"><img src="/useruploads/files//interesno/dinopark/IMG_7547.jpg" width="460" height="300" class="post-image-img" alt="Динопарк в Котельниче: осторожно, динозавры!" title="Динопарк в Котельниче: осторожно, динозавры!" /></a>&nbsp;<a href="/useruploads/files//interesno/dinopark/full/IMG_7710.jpg" class="js-popup-img"><img src="/useruploads/files//interesno/dinopark/IMG_7710.jpg" width="460" height="300" class="post-image-img" alt="Динопарк в Котельниче: осторожно, динозавры!" title="Динопарк в Котельниче: осторожно, динозавры!" /></a></p>\r\n<p>Динопарк в Котельниче сегодня &mdash; &nbsp;это:&nbsp;</p>\r\n<ul>\r\n<li><span style="line-height: 1.4em;">Место, куда приезжают отдыхать не только жители Кировской области, но и гости из других регионов России, а также из-за рубежа;&nbsp;</span></li>\r\n<li><span style="line-height: 1.4em;">Почти два десятка эффектных фигур динозавров в полный рост, органично вписанных в естественный рельеф местности &ndash; всё вместе создаёт атмосферу далёкого прошлого планеты Земля;</span></li>\r\n<li><span style="line-height: 1.4em;">Настоящий парк юрского и пермского периодов, отличная возможность для детей и взрослых наглядно и в развлекательной форме узнать больше про период динозавров;&nbsp;</span></li>\r\n<li><span style="line-height: 1.4em;">Большой зелёный массив, где можно не только с головой погрузиться в эру динозавров, но и просто отдохнуть на природе, в экологически чистом уголке;&nbsp;</span></li>\r\n<li><span style="line-height: 1.4em;">Место, где можно вкусно и весело позавтракать в Динокафе, а также купить разнообразные сувениры с тематикой Динопарка.</span></li>\r\n</ul>\r\n<p>Это одно из наиболее известных туристических мест Кировской области, и находится оно в районе настоящих археологических и палеонтологических раскопок. Динопарк по праву может соперничать с мировыми аналогами, и вам нет необходимости отправляться за рубеж: юрский и пермский периоды ближе, чем вы думаете!</p>\r\n<p class="post-subtitle">Динопарк в Котельниче перенесет вас в эру динозавров!</p>\r\n<p>Итак, чем же всё-таки уникален Динопарк в Котельниче? Казалось бы, познакомиться с жизнью динозавров можно и не выходя из дома, благо в сегодняшнем техногенном мире есть масса возможностей для получения любой информации: книги, фильмы, презентации и форумы в Интернете&hellip; Но есть и вечно актуальная народная мудрость: &laquo;Лучше один раз увидеть, чем сто раз услышать&raquo;. И никакие картинки и фильмы не сравнятся со знакомством вживую &ndash; именно для этого и нужно хоть раз приехать в Котельнич! Тем более что в Динопарке этих огромных ящеров можно не только увидеть вблизи, но даже потрогать.</p>\r\n<p>Каждый, кто побывал в Динопарке, уезжает из Котельнича полным ярких эмоций. Всё же увидеть многометровые фигуры динозавров в блестящей детализации, &laquo;как живые&raquo;, удаётся не каждый день! <br />Любой встреченный вами на тропинках парка динозавр &ndash; настоящее произведение искусства. Выполненные со знанием дела детали полностью отражают особенности каждого вида, будь это травоядный апатозавр или кровожадный хищник тираннозавр. Кстати, данный представитель семейства древних ящеров пользуется особой популярностью у посетителей и даже имеет собственную кличку &ndash; Рекс. Неудивительно, ведь многим людям при словах &laquo;динозавр&raquo; или &laquo;эра динозавров&raquo; вспоминается именно этот зубастый гигант, чей громовой рык ужасал всех обитателей древних джунглей.</p>\r\n<p>Яркие позитивные эмоции от посещения парка подкрепляются и научным бонусом: каждая фигура динозавра снабжена подробным описанием, благодаря которому можно узнать о повадках и предпочтениях любого вида ископаемых обитателей этих мест. Кроме того, по вашему желанию профессиональные экскурсоводы подробно расскажут о жизни этих замечательных существ и ответят на ваши вопросы, а команда аниматоров проведёт интересные развлекательные шоу-программы.</p>\r\n<p><em><strong><a href="/ru/interesting/kotelnich/" target="_blank">Динопарк &laquo;Динозавры на Вятке&raquo; в Котельниче</a> &ndash; настоящий портал в эру динозавров на территории не имеющего мировых аналогов Котельничского местонахождения парейазавров. Не надо изобретать машину времени, чтобы перенестись в прошлое Земли, достаточно просто отправиться в город Котельнич и прикоснуться к реальности: увидеть собственными глазами, потрогать и даже поучаствовать в реальных раскопках древних рептилий!</strong></em></p>\r\n<p><iframe width="425" height="350" style="display: block; margin-left: auto; margin-right: auto;" src="http://www.youtube.com/embed/fSQoXxU1PLc" frameborder="0"></iframe></p>', '', 1, 'Динопарк', 'Динопарк, Котельничский Динопарк, Динопарк в Котельниче, Динопарк «Динозавры на Вятке»  ', 'Кировская область, динозавры, рептилии, страна динозавров, модели рептилий, тираннозавр Рекс, юрский и пермский периоды, мезозойская и палеозойская эры, Котельнич,\r\nсуминия Гетманова, Vjatkazuhus, Emiroletter, парейазавры, Котельничское местонахождение парейазавров, памятник природы, река Вятка, Вишкиль, Котельничский палеонтологический музей,  Deltavjatia vjatkensis, пробурнетия вятская, Proburnetia vjatkensis, дицинодонты, археолог, палеонтолог, палеонтологический, эра динозавров, действующие палеонтологические раскопки, речка Балакиревица, котловина, рекреационная зона, фигуры рептилий,  палеорептилии, пеликозавры, зверозубые ящеры, котилозавры,  апатозавр, фигуры динозавров, Динокафе, период динозавров, палеонтологические раскопки, туристические места.\r\n'),
(10, 321, 'Котельнич', 'Kotel''nich', 'kotelnich', 'Это место на крутом берегу реки, прорезанном огромным оврагом, веками привлекало всех: доисторических динозавров, черемисов-марийцев, новгородцев-ушкуйников, торговых гостей  –  российских и заморских, современных учёных и туристов. Город пять раз сгорал и восставал как Феникс из пепла, он знаменит грандиозной Алексеевской ярмаркой и уникальными раскопками парейазавров! Знакомьтесь – Котельнич!', '', '<p><em><strong>Это место на крутом берегу реки, прорезанном огромным оврагом, веками привлекало всех: доисторических динозавров, черемисов-марийцев, новгородцев-ушкуйников, торговых гостей &nbsp;&ndash; &nbsp;российских и заморских, современных учёных и туристов. Город пять раз сгорал и восставал как Феникс из пепла, он знаменит грандиозной Алексеевской ярмаркой и уникальными раскопками парейазавров! Знакомьтесь &ndash; Котельнич!</strong></em></p>\r\n<p>Летопись &laquo;Повесть о стране Вятской&raquo; говорит, что в 1181 году новгородцы-ушкуйники взяли марийский городок Кокшаров и переименовали его в Котельнич. Ковровское городище в окрестностях Котельнича на рубеже 13-14 веков было резиденцией воеводы Котельничской общины. Именно жители Котельнича и Никулицына затем основали вольный город Хлынов (ныне областной центр Киров). В 1489 году Котельнич, Орлов и Хлынов были присоединены к Русскому государству.</p>\r\n<p><a href="/useruploads/files//interesno/kotelnich/full/Алексеевская%20ярмарка%20-%20Торговые%20ряды%20-%20Древний%20Котельнич.jpg" class="js-popup-img"><img src="/useruploads/files//interesno/kotelnich/Алексеевская-ярмарка---Торговые-ряды---Древний-Котельнич.jpg" width="460" height="300" alt="Котельнич" title="Котельнич" class="post-image-img" /></a>&nbsp;<a href="/useruploads/files//interesno/kotelnich/full/Общий%20вид%20города%20и%20реки%20-%20древний%20Котельнич.jpg" class="js-popup-img"><img src="/useruploads/files//interesno/kotelnich/Общий-вид-города-и-реки---древний-Котельнич.jpg" width="460" height="300" alt="Котельнич" title="Котельнич" class="post-image-img" /></a></p>\r\n<p>В 17 веке число жителей увеличилось вдвое, активно заселялся и район. Котельнич стоял на важных водных торговых путях, что связывали Хлынов с Великим Устюгом и Архангельском (по Вятке, Моломе, Юге, Северной Двине), со средним и нижним Поволжьем (по Вятке, Каме, Волге). Через Котельнич проходил и сухопутный тракт из Москвы и Санкт-Петербурга в Сибирь.</p>\r\n<p>Знаменитая далеко за пределами Вятской земли Алексеевская ярмарка &nbsp;тоже появилась здесь в 17 веке. Названа она в честь царя Алексея Михайловича, другая версия &ndash; по престольному празднику соборной церкви Котельнича в честь Алексея, человека Божьего (17 марта). С 1852 года из недельного торга ярмарка выросла до трёхнедельной &nbsp;- &nbsp;с 1-го по 23 марта. В разные годы она занимала места c 7 по 22 среди всех подобных предприятий России. Приезжие удивлялись, как такое действо могло развернуться в маленьком городке, но факт: ежегодно в марте весь город переполнялся людьми и превращался в грандиозный торг. Прибыль исчислялась миллионами рублей. На Алексеевскую ярмарку съезжались купцы из многих городов европейской России и Сибири, здесь пересекались торговые пути. Именно благодаря этой ярмарке небольшой уездный город Котельнич до 30-х годов прошлого века был широко известен всей России. Ярмарка &nbsp;просуществовала до 1930 года, когда была отменена советской властью. В 2006 году эта традиция &nbsp;возродилась и вновь каждый март радует жителей, хоть пока и не в прежнем масштабе.</p>\r\n<p><a href="/useruploads/files//interesno/kotelnich/full/2005-10-02%2007-21-50.jpg" class="js-popup-img"><img src="/useruploads/files//interesno/kotelnich/2005-10-02-07-21-50.jpg" width="460" height="300" alt="Котельнич" title="Котельнич" class="post-image-img" /></a>&nbsp;<a href="/useruploads/files//interesno/kotelnich/full/783.jpg" class="js-popup-img"><img src="/useruploads/files//interesno/kotelnich/783.jpg" width="460" height="300" alt="Котельнич" title="Котельнич" class="post-image-img" /></a>&nbsp;<a href="/useruploads/files//interesno/kotelnich/full/IMGP0277.JPG" class="js-popup-img"><img src="/useruploads/files//interesno/kotelnich/IMGP0277.jpg" width="460" height="300" alt="Котельнич" title="Котельнич" class="post-image-img" /></a>&nbsp;<a href="/useruploads/files//interesno/kotelnich/full/slide158.jpg" class="js-popup-img"><img src="/useruploads/files//interesno/kotelnich/slide158.jpg" width="460" height="300" alt="Котельнич" title="Котельнич" class="post-image-img" /></a></p>\r\n<p>В 1796 году Котельнич стал уездным городом Вятской губернии. С тех пор по всему уезду было построено множество мельниц, они и поныне &ndash; символ Котельничской земли. Есть даже вятская поговорка, пародирующая акцент котельничан: &laquo;В Котельниче &ndash; три мельничи: водянича, паровича да и ветренича&raquo;.</p>\r\n<p>Сильные пожары каждое столетие выжигали деревянный город дотла. После пожара в мае 1926 года поставили было вопрос о строительстве города на другом месте, но затем отказались от идеи. Котельнич, как феникс из пепла, возрождался и отстраивался на том же месте много раз, но планировка осталась неизменной: главные улицы идут вдоль реки Вятки, их пересекают второстепенные. Есть легенда о целой затерянной системе подземных &laquo;улиц&raquo;, которые выходят к берегу реки. А овраг-котловина (по которому город и получил имя) &ndash; памятник природы, след ледникового периода.</p>\r\n<p>30-е годы 20 века в Котельничском районе &ndash; период коллективизации сельского хозяйства. О жизни крестьянства, ремеслах, традициях, быте рассказывает Музей истории крестьянства в посёлке Ленинская Искра (20 км от Котельнича). Это крупнейший в области музей на эту тему.</p>\r\n<p>Ныне Котельнич &nbsp;&ndash; административный центр одноименного района, крупная железнодорожная станция на транссибирской магистрали (до Москвы по железной дороге &ndash; 896 км, до Кирова &ndash; 87). В 1990 году включен в список исторических населённых мест РФ.</p>\r\n<p><a href="/useruploads/files//interesno/kotelnich/full/Mimosa.jpg" class="js-popup-img"><img src="/useruploads/files//interesno/kotelnich/Mimosa.jpg" width="460" height="300" alt="Котельнич" title="Котельнич" class="post-image-img" /></a>&nbsp;<a href="/useruploads/files//interesno/kotelnich/full/Изображение%20308.jpg" class="js-popup-img"><img src="/useruploads/files//interesno/kotelnich/Изображение-308.jpg" width="460" height="300" alt="Котельнич" title="Котельнич" class="post-image-img" /></a></p>\r\n<p>Но прославился на весь мир он благодаря <a href="/ru/interesting/kotelnichskoe_mestonahozhdenie_pareyazavrov/" target="_blank">местонахождению древних ископаемых позвоночных</a> &nbsp;&ndash; &nbsp;парейазавров. Эти крупные (длиной до 3-х метров) ящеры с костными выростами в шейной области черепа обитали в Европе, Южной Африке и Азии 250-260 миллионов лет назад. Крутой обрыв красного цвета на правом берегу Вятки, что тянется на 30 км от Котельнича до посёлка Вишкиль &ndash; это и есть знаменитые раскопки динозавров. По мнению специалистов, местонахождение не имеет себе равных в мире. Единственное близкое к нему &ndash; плато Кару в южной Африке. Первые археологические находки здесь были официально сделаны еще в 1933 году. В 80-90-х годах развернулись полномасштабные исследования. Ежегодно на берегу Вятки в районе Котельнича российские и зарубежные ученые находят фрагменты и целые скелеты обитателей пермского периода палеозойской эры, триасового и юрского периодов мезозойской эры.</p>\r\n<p><a href="/ru/interesting/kotelnichskij_paleontologicheskij_muzej/" target="_blank">Котельничский палеонтологический музей</a> (создан 1994 году) хранит находки с <a href="/ru/interesting/kotelnichskoe_mestonahozhdenie_pareyazavrov/" target="_blank">Котельничского местонахождения</a>, а также копии известных находок древних рептилий и динозавров из других стран. Сотрудники музея ежегодно проводят полевые исследования на раскопках и совершают всё новые открытия &ndash; причём туристы тоже могут принять в них участие! Котельничские динозавры очень любят гостей.</p>\r\n<p>В 2012 году в центре города, в русле речки Балакиревицы, открылся <a href="/ru/interesting/dinopark_v_kotelniche_ostorozhno_dinozavry/" target="_blank">динопарк &laquo;Динозавры на Вятке&raquo;</a> &ndash; целый развлекательный комплекс с фигурами ящеров в натуральную величину, расположенный в зелёной зоне. Теперь здесь можно хорошо отдохнуть на природе всей семьёй, взрослым и детям &ndash; и не только отдохнуть, но и многое узнать в весёлой игровой форме.</p>\r\n<p><a href="/useruploads/files//interesno/kotelnich/full/IMG_7492.jpg" class="js-popup-img"><img src="/useruploads/files//interesno/kotelnich/IMG_7492.jpg" width="460" height="300" alt="Котельнич" title="Котельнич" class="post-image-img" /></a>&nbsp;<a href="/useruploads/files//interesno/dinopark/full/IMG_7547.jpg" class="js-popup-img"><img src="/useruploads/files//interesno/dinopark/IMG_7547.jpg" width="460" height="300" alt="Котельнич" title="Котельнич" class="post-image-img" /></a></p>\r\n<p><em><strong>Котельнич &ndash; город, где встречаются эпохи, а природа удивляет. Любители необычайных приключений смогут встретить здесь динозавров, исследовать раскопки и котловину, любители истории &ndash; погрузиться в жизнь русских купцов и крестьян и вживую ощутить дух знаменитой Алексеевской ярмарки. &nbsp;А любители &nbsp;особой атмосферы российской глубинки получат удовольствие от прогулок по старому городу. Незабываемые впечатления обеспечены всем!</strong></em></p>\r\n<p><iframe width="425" height="350" style="display: block; margin-left: auto; margin-right: auto;" src="http://www.youtube.com/embed/zhwvqE4Z-eo" frameborder="0"></iframe></p>', '', 1, NULL, 'Котельнич, динозавры, овраг, марийцы, ушкуйники, Алексеевская ярмарка, раскопки, новгородцы, Повесть о стране Вятской, Кокшаров, Ковровское городище, Никулицын, Орлов, Киров, Вишкиль, сухопутный тракт, торговые пути, Вятка, Молома, соборной церкви Котельнича, торг, Вятской земли , купцы, ярмарка, советской властью, котельничане, мельницы, уездный город, Вятская губерния, пожары, система подземных улиц, котловина, Ленинская Искра, коллективизация, Музей истории крестьянства, ледниковый период, список исторических населенных мест РФ, Котельничское местонахождение, динозавр, раскопки, пермский период, триасовый период, юрский период, плато Кару, археологический, ископаемые, парейазавры, рептилии, Котельничский палеонтологический музей, динопарк Динозавры на Вятке, речка Балакиревица, котловина, крестьяне, старый город, российская глубинка', 'Город Котельнич');
INSERT INTO `app_interesting` (`id_app_interesting`, `main_image`, `name_ru`, `name_en`, `alias`, `content_short_ru`, `content_short_en`, `content_ru`, `content_en`, `visible`, `page_title`, `meta_keywords`, `meta_description`) VALUES
(11, 324, 'Колдовское озеро Шайтан', 'Sorcerer Lake Shaitan', 'koldovskoe_ozero_shaytan', 'Глубокий чёрный омут, фонтаны воды, плавучие острова, идеальная форма, аура таинственных легенд… Это озеро по праву считается самым удивительным среди карстовых озер-воронок Кировской области. Шайтан – так в марийских легендах зовут чёрта, и неспроста народная молва с давних пор окружала озеро жутковато-таинственной атмосферой. Сегодня уникальный памятник природы озеро Шайтан – магнит для учёных и любителей паранормальных явлений, а туристов влечёт первозданная красота этого заповедного места.', '', '<p><em><strong>Глубокий чёрный омут, фонтаны воды, плавучие острова, идеальная форма, аура таинственных легенд&hellip; Это озеро по праву считается самым удивительным среди карстовых озер-воронок Кировской области. Шайтан &ndash; так в марийских легендах зовут чёрта, и неспроста народная молва с давних пор окружала озеро жутковато-таинственной атмосферой. Сегодня уникальный памятник природы озеро Шайтан &ndash; магнит для учёных и любителей паранормальных явлений, а туристов влечёт первозданная красота этого заповедного места.</strong></em></p>\r\n<p>Это красивое, глубокое, идеально овальное озеро находится на юге Кировской области, в 39 км от города Уржума и в 230 км от Кирова. Озеро Шайтан лежит на дне глубокой лесистой котловины, на водоразделе рек Байсы и Буя. Автомобильных дорог к нему нет &ndash; только зайдя далеко в глушь Бушковского леса, можно увидеть болотистые берега, тёмные воды и знаменитые плавучие острова. Озеро всегда считалось у местных жителей &laquo;нехорошим&raquo;: здесь не купались и не ловили рыбу. А все из-за жутковатой особенности здешних вод время от времени неожиданно вспучиваться, бурлить и с грохотом бить струями вверх. А также из-за плавающих по воде островков растительности, то неизвестно откуда появляющихся, то неизвестно куда исчезающих &ndash; иногда они движутся по воде даже в безветренную погоду!</p>\r\n<p><a href="/useruploads/files//interesno/ozero_shaitan/full/ГЛАВНОЕ%20ФОТО.JPG" class="js-popup-img"><img src="/useruploads/files//interesno/ozero_shaitan/1.jpg" width="460" height="300" alt="Колдовское озеро Шайтан" title="Колдовское озеро Шайтан" class="post-image-img" /></a>&nbsp;<a href="/useruploads/files//interesno/ozero_shaitan/full/img26-big.jpg" class="js-popup-img"><img src="/useruploads/files//interesno/ozero_shaitan/img26-big.jpg" width="460" height="300" alt="Колдовское озеро Шайтан" title="Колдовское озеро Шайтан" class="post-image-img" /></a></p>\r\n<p class="post-subtitle">Факты и природные чудеса</p>\r\n<ul>\r\n<li><span style="line-height: 1.4em;">Легендарное озеро Шайтан невелико &ndash; в длину 240 м, в ширину 180 м, в глубину 12 м. Площадь водяного зеркала - чуть больше 2 га;</span></li>\r\n<li><span style="line-height: 1.4em;">По предположениям гидрогеологов, озеру Шайтан около 1500 лет. Странные явления на озере учёные объясняют, как результат непериодического сифонного поступления вод из глубинных подземных источников. Карстовые воды верхнего водоносного слоя, сообщающиеся через вертикальные карстовые колодцы (поноры) с нижним горизонтом трещинных напорных вод, создали своеобразный гидрогеологический режим озера;</span></li>\r\n<li><span style="line-height: 1.4em;">Это единственный на Русской равнине природный водоём с непериодическими выбросами воды на поверхность, редким сочетанием явлений сифонной циркуляции и плавающих островов;</span></li>\r\n<li><span style="line-height: 1.4em;">Крупные выбросы воды из глубин происходят в среднем раз в 5&ndash;6 лет. Им предшествует &laquo;кипение&raquo; из-за выделения болотных газов. Иногда вода бурлит часами, а иногда резко выстреливает фонтаном до 10 м высотой или даже водяным столбом высотой до 4 м и до полутора метров в обхвате;&nbsp;</span></li>\r\n<li><span style="line-height: 1.4em;">Небольшие выбросы можно наблюдать и чаще - весной после снеготаяния или летом после сильных дождей. Местные лесники и охотники рассказывают, что и зимой на озере иногда взламывается лёд, большие льдины встают вертикально;&nbsp;</span></li>\r\n<li><span style="line-height: 1.4em;">Периодически на поверхность воды выталкиваются большие &laquo;пробки&raquo; из ила и торфа;</span></li>\r\n<li><span style="line-height: 1.4em;">На низменном юго-восточном берегу озера Шайтан лиственное мелколесье и кустарник переходят в широкую полосу прибрежной сплавины (90 см). Она состоит из плавучих корневищ болотных растений &ndash; сабельника болотного и вахты трехлистной. На сплетении корней густо растут другие водяные растения, в том числе редкие водяные мхи;</span></li>\r\n<li><span style="line-height: 1.4em;">Именно прибрежная сплавина и порождает плавучие острова: выбросы воды отрывают от болотистого берега куски дерна с растениями. Некоторые из них крупные и плотные, на них растут деревья, а некоторые даже выдерживают вес человека;</span></li>\r\n<li><span style="line-height: 1.4em;">Острова хаотично перемещаются по Шайтану, особенно в ветреную погоду, некоторые сбиваются в группы и пристают к берегу;</span></li>\r\n<li><span style="line-height: 1.4em;">Вода в озере темная, похожая на болотную, но абсолютно прозрачная;</span></li>\r\n<li><span style="line-height: 1.4em;">Купаться в Шайтан-озере в самом деле опасно &ndash; не только из-за водяных выбросов и густой водяной растительности, но и из-за топкого торфяного дна.</span></li>\r\n</ul>\r\n<p class="post-subtitle"><span style="line-height: 1.4em;">Легенды озера Шайтан</span></p>\r\n<p><span style="line-height: 1.4em;">&laquo;Чертовское&raquo; название озера говорит само за себя &ndash; его страшились и почитали. Названия Шайтан, Шайтанская, Шайтанка вообще исторически характерны для мест силы Урала и Западной Сибири: пещер, гор, урочищ, озер, рек - рядом с ними располагались святилища. И вятское озеро Шайтан тоже занимало особое место в верованиях марийцев.</span></p>\r\n<p><span style="line-height: 1.4em;"><a href="/useruploads/files//interesno/ozero_shaitan/full/Изображение%20279.jpg" class="js-popup-img"><img src="/useruploads/files//interesno/ozero_shaitan/Изображение-279.jpg" width="460" height="300" alt="Колдовское озеро Шайтан" title="Колдовское озеро Шайтан" class="post-image-img" /></a>&nbsp;<a href="/useruploads/files//interesno/ozero_shaitan/full/PICT0031.JPG" class="js-popup-img"><img src="/useruploads/files//interesno/ozero_shaitan/PICT0031.jpg" width="460" height="300" alt="Колдовское озеро Шайтан" title="Колдовское озеро Шайтан" class="post-image-img" /></a></span></p>\r\n<p><span style="line-height: 1.4em;">В 1965 г. журналист В.М. Козлов со слов старожила деревни Индыгойки Ф.С. Терентьева записал старинную марийскую легенду. В давние времена марийский народ был разделен на множество воюющих племен: одни поклонялись светлым силам, а другие &ndash; тёмному Шайтан-керемету. А вот озера тогда ещё не было, возникло оно так: однажды безлунной ночью войско марийского вождя бросилось в битву с подошедшим врагом, в полной темноте почти все погибли. От яростной битвы на этом месте возникла котловина, заполненная человеческой кровью. Утром немногие выжившие поняли, что бились со своими &ndash; с войском родного брата вождя, также из светлых племён. Тогда они решили, что их попутал Шайтан-кереметь - напустил морок на окрестные леса. Сам же злой дух Шайтан-кереметь скрылся в озере. Когда он сердится, вода бурлит и ходит валами, а когда чёрт совсем взбунтуется, то вскидывает воду фонтаном на десятки метров.</span></p>\r\n<p><span style="line-height: 1.4em;"><a href="/useruploads/files//interesno/ozero_shaitan/full/Изображение%20552.jpg" class="js-popup-img"><img src="/useruploads/files//interesno/ozero_shaitan/Изображение-552.jpg" width="460" height="300" alt="Колдовское озеро Шайтан" title="Колдовское озеро Шайтан" class="post-image-img" /></a>&nbsp;<a href="/useruploads/files//interesno/ozero_shaitan/full/IMG_0078.JPG" class="js-popup-img"><img src="/useruploads/files//interesno/ozero_shaitan/IMG_0078.jpg" width="460" height="300" alt="Колдовское озеро Шайтан" title="Колдовское озеро Шайтан" class="post-image-img" /></a></span></p>\r\n<p>По другой легенде, озеро образовалось на месте битвы племен из - за ненависти к любви, образовавшейся между девушкой из темного и юношей из светлого племени. Во время кровавого сражения любимых хотели разлучить, но они взмолились о том, чтобы никогда не расставаться и о прекращении побоища. Внезапно все провалившись под землю и в последствии это место заполнилось черной, но прозрачной водой.</p>\r\n<p>В озёрного чёрта верили и русские поселенцы. В XVII веке на берегу жил помещик Масолов. Он придумал наказание для своих крепостных: кто незаконно рубил лес и охотился, того заставляли купаться в Шайтане. Это привело крестьян в ужас &ndash; никто не хотел попадать в лапы к чёрту, и мера подействовала.</p>\r\n<p>По другим поверьям, в озере обитает некое древнее чудовище. Именно оно мутит воду и гневается, если кто-то ловит рыбу или подходит близко к воде. Поэтому местные жители здесь не рыбачили и не купались.</p>\r\n<p>О плавающих островах есть своё поверье: раньше считалось, что они образовались на остатках плотов. В начале XIX века здесь был мочальный промысел, и на плотах мочили липовую кору, идущую на мочало. Однако теперь доказано природное происхождение островов.</p>\r\n<p><a href="/useruploads/files//interesno/ozero_shaitan/full/Изображение%20182.jpg" class="js-popup-img"><img src="/useruploads/files//interesno/ozero_shaitan/Изображение-182.jpg" width="460" height="300" alt="Колдовское озеро Шайтан" title="Колдовское озеро Шайтан" class="post-image-img" /></a>&nbsp;<a href="/useruploads/files//interesno/ozero_shaitan/full/4o.jpg" class="js-popup-img"><img src="/useruploads/files/interesno/ozero_shaitan/4o.jpg" width="460" height="300" alt="Колдовское озеро Шайтан" title="Колдовское озеро Шайтан" class="post-image-img" /></a></p>\r\n<p class="post-subtitle">Дайвинг</p>\r\n<p>Глубины озера Шайтан &ndash; малоисследованная территория, ждущая своих покорителей! Кировский дайвер Антон Назаров первым увидел таинственный подводный мир магического водоема. По его словам, температура воды на глубине достигает лишь +7 градусов, а на дне лежит трехметровый слой ила. Со дна то и дело поднимаются пузыри сероводорода, вода тёмная и необходим фонарь. Дайвер утверждает, что через 15 минут после погружения его оборудование начало вести себя странно, пришлось подняться на поверхность. Что повлияло на оборудование &ndash; неизвестно.</p>\r\n<p class="post-subtitle">Рекомендации для туристов</p>\r\n<ul>\r\n<li><span style="line-height: 1.4em;">Ехать нужно до поселка Лебяжье, затем 36 км до поселка Лаж, дальше примерно столько же - по плохим грунтовым дорогам до деревни Индыгойка. Там или дальше в лесу машину придется оставить и идти пешком по лесной тропе (около 5 километров) &ndash; другой дороги к озеру нет;</span></li>\r\n<li><span style="line-height: 1.4em;">В Бушковском лесу вокруг озера Шайтан много клещей, мошки и комаров, необходимы меры защиты;</span></li>\r\n<li><span style="line-height: 1.4em;">Много здесь и змей, но на северной стороне озера их почти не бывает, поэтому лагерь стоит разбить именно там;</span></li>\r\n<li><span style="line-height: 1.4em;">В Шайтане водятся караси размером с ладонь, и рыбалка здесь отличная &ndash; для тех, кто не боится злых духов и чудовищ;</span></li>\r\n<li><span style="line-height: 1.4em;">А вот плавучих островков следует опасаться. Они могут не выдержать вашего веса и уйти на дно, так что залезать на них не стоит даже на мелководье &ndash; ведь дно здесь топкое, торфяное, можно увязнуть;</span></li>\r\n<li><span style="line-height: 1.4em;">Нынче туристы в озере купаются, но следует помнить о вязком дне и о том, что всегда есть риск попасть в водяной выброс &ndash; особенно после дождей.</span></li>\r\n</ul>\r\n<p><em><strong><span style="line-height: 1.4em;">Сегодня озеро Шайтан вызывает уже не суеверный ужас, а огромный интерес. Оно привлекает разных людей: учёных, исследователей паранормального, туристов, рыбаков и дайверов. Каждый найдёт здесь свои тайны и получит незабываемые впечатления от встречи с чудесами природы.</span></strong></em></p>\r\n<p><span style="line-height: 1.4em;"><iframe width="425" height="350" style="display: block; margin-left: auto; margin-right: auto;" src="http://www.youtube.com/embed/ABJCZ_7S-jE" frameborder="0"></iframe></span></p>', '', 1, NULL, 'озеро Шайтан, Шайтан, Шайтан-озеро, озеро, фонтан, плавучие острова, идеальная форма, легенды, карстовые озёра-воронки, Кировская область, Вятская земля, чудеса, Шайтан, марийские легенды, чёрт, памятник природы, учёные, паранормальные явления, туристы, заповедное место, Уржум, Киров, лесистая котловина, Байса, Буй, автомобильные дороги, Бушковский лес, плавучие острова, воды, вода, островки растительности, гидрогеологи, сифонное поступление вод, подземные источники, карстовые воды, карстовые колодцы, поноры, гидрогеологический режим озера, природный водоём, выбросы воды, сифонная циркуляция, плавающие острова, кипение, выделение болотных газов, водяной столб, лесники, охотники, лёд, льдины, поверхность воды, пробки, ил, торф, мелколесье, кустарник, плавучие корневища болотных растений, сабельник болотный, вахта трехлистная,  корни, водяные растения, водяные мхи, водяная растительность, торфяное дно, водяные выбросы, Шайтан, Шайтанская, Шайтанка, места силы, Урал, Западная Сибирь, святилища, вятское озеро Шайтан, верования марийцев, марийский народ, племена Шайтан-кереметь, марийский вождь, войско, воины, битва, котловина, злой дух,  чёрт, племя, русские поселенцы,  помещик Масолов, крепостные, крестьяне, поверье, древнее чудовище, плавающие острова, плоты, мочало, мочальный промысел,природное происхождение островов, поместье Масолова, река Лаж, Немда, Кузнецовское городище, Средневековье, достопримечательности, окрестности, дайвинг, кировский дайвер Антон Назаров, глубины озера Шайтан, подводный мир, водоём, оборудование, дно, слой ила, сероводород, дайвер, погружение, оборудование, температура воды на глубине, поселок Лебяжье, поселок Лаж, деревня Индыгойка, грунтовые дороги, лесная тропа, змеи, клещи, мошки, комары, лагерь, караси, рыбалка, злые духи, чудовища, плавучие островки, мелководье, торфяное дно,  учёные, исследователи паранормального, рыбаки, тайны, чудеса природы.', 'Колдовское озеро Шайтан'),
(12, 327, 'Снежный человек в Кировской области: поселок Суводи!', 'Snowman in the Kirov Region: village Suvodi!', 'snezhnyy_chelovek_v_kirovskoy_oblasti_poselok_suvodi', 'Казалось бы, чем может быть известен поселок Суводи в Кировской области - рядовое поселение, где живут всего несколько сотен человек. Но Суводи – это не просто точка на карте России, а имя мирового масштаба, ведь именно здесь был обнаружен снежный человек! Благодаря этому поселок Суводи хорошо знают даже за рубежом, и побывать в этих загадочных местах может каждый!', '', '<p><em><strong>Казалось бы, чем может быть известен поселок Суводи в Кировской области - рядовое поселение, где живут всего несколько сотен человек. Но Суводи &ndash; это не просто точка на карте России, а имя мирового масштаба, ведь именно здесь был обнаружен снежный человек! Благодаря этому поселок Суводи хорошо знают даже за рубежом, и побывать в этих загадочных местах может каждый!</strong></em></p>\r\n<p class="post-subtitle">Поселок Суводи: &nbsp; родина Йети</p>\r\n<p>Гималаи, Индия, Непал, Южная Америка, Алтай &ndash; что объединяет эти места? Совершенно верно &ndash; жителям данных районов удавалось сделать то, о чем мечтают многие &ndash; увидеть снежного человека! Загадка, эпос, настоящая мифология, которая обретает реальность, на основе неопровержимых зафиксированных фактов в виде оставленных отпечатков следов Йети, фотографий и даже видео. Ну а многочисленные &nbsp;рассказы очевидцев очень убедительны &ndash; такого точно не придумаешь!</p>\r\n<p><a href="/useruploads/files//interesno/snejnii_chelovek/full/ГЛАВНОЕ%20ФОТО.JPG" class="js-popup-img"><img src="/useruploads/files//interesno/snejnii_chelovek/1.jpg" width="460" height="300" alt="Снежный человек в Кировской области: поселок Суводи!" title="Снежный человек в Кировской области: поселок Суводи!" class="post-image-img" /></a>&nbsp;<a href="/useruploads/files//interesno/snejnii_chelovek/full/IMG_4625.JPG" class="js-popup-img"><img src="/useruploads/files//interesno/snejnii_chelovek/IMG_4625.jpg" width="460" height="300" alt="Снежный человек в Кировской области: поселок Суводи!" title="Снежный человек в Кировской области: поселок Суводи!" class="post-image-img" /></a></p>\r\n<p>Кто бы мог подумать, что в Кировской области тоже есть снежный человек! И обитает Вятский Йети именно в районе поселка Суводи.</p>\r\n<p>Российский туризм обретает новый смысл, если отойти от традиционных маршрутов, которые предлагают многие. Прогулка по стопам снежного человека в поселке Суводи &ndash; настоящее приключение, которое значительно повышает вероятность воочию увидеть настоящего снежного человека. Только мы хотим предупредить сразу: особо впечатлительным данный вариант туризма вряд ли подойдет, ведь это путешествие окутано настоящими тайнами и риском лоб в лоб столкнуться с Бигфутом.&nbsp;</p>\r\n<p><a href="/useruploads/files//interesno/snejnii_chelovek/full/IMG_2638.JPG" class="js-popup-img"><img src="/useruploads/files//interesno/snejnii_chelovek/IMG_2638.jpg" width="460" height="300" alt="Снежный человек в Кировской области: поселок Суводи!" title="Снежный человек в Кировской области: поселок Суводи!" class="post-image-img" /></a>&nbsp;<a href="/useruploads/files//interesno/snejnii_chelovek/full/IMG_3580.JPG" class="js-popup-img"><img src="/useruploads/files//interesno/snejnii_chelovek/IMG_3580.jpg" width="460" height="300" alt="Снежный человек в Кировской области: поселок Суводи!" title="Снежный человек в Кировской области: поселок Суводи!" class="post-image-img" /></a></p>\r\n<p>Если вы готовы встретить снежного человека, путешествие в поселок Суводи открыто для вас. Остальным следует несколько раз подумать, либо отказаться от этой затеи вовсе.</p>\r\n<p>Что ждет путешественников, пожелавшим отправиться по следам снежного человека?</p>\r\n<ul>\r\n<li><span style="line-height: 1.4em;">Глухие леса Кировской области с белым мхом, густой растительностью и настоящей атмосферой мистики и загадочности. Кто знает: быть может следующий поворот или подъем из оврага столкнет вас лицом к лицу со снежным человеком!&nbsp;</span></li>\r\n<li><span style="line-height: 1.4em;">Возможность лицезреть жилище Йети собственными глазами: огромные шалаши и сваленные деревья представляют собой воистину неповторимое зрелище, которое трудно увидеть где-либо еще!</span></li>\r\n<li><span style="line-height: 1.4em;">Найти след снежного человека не так сложно, как кажется. Сравните размер своей ноги с отпечатком лапы древнего исполина! Если, конечно, не побоитесь сделать этого, ведь в народе бытует мнение, что человек, наступивший на след снежного человека, рискует обнаружить йети с гораздо большей вероятностью! Ментальная связь действительно существует&hellip;</span></li>\r\n<li><span style="line-height: 1.4em;">Послушать рассказы местных жителей, которые видели снежного человека, либо находили прямые признаки его существования.</span></li>\r\n</ul>\r\n<p><span style="line-height: 1.4em;"><a href="/useruploads/files//interesno/snejnii_chelovek/full/IMG_2642.JPG" class="js-popup-img"><img src="/useruploads/files//interesno/snejnii_chelovek/IMG_2642.jpg" width="460" height="300" alt="Снежный человек в Кировской области: поселок Суводи!" title="Снежный человек в Кировской области: поселок Суводи!" class="post-image-img" /></a>&nbsp;<a href="/useruploads/files//interesno/snejnii_chelovek/full/Изображение%20427.jpg" class="js-popup-img"><img src="/useruploads/files//interesno/snejnii_chelovek/Изображение-427.jpg" width="460" height="300" alt="Снежный человек в Кировской области: поселок Суводи!" title="Снежный человек в Кировской области: поселок Суводи!" class="post-image-img" /></a></span></p>\r\n<p><span style="line-height: 1.4em;">Что же это за существо Йети, Сежный Человек, Бигфут, Сасквотч? Очевидно, что это название &nbsp;предполагаемого млекопитающего, похожего на человекообразную обезьяну и ареал распространения этого существа весьма широк, причем он охватывает не только труднодоступные места планеты, но и достаточно &nbsp;обжитые территории. Обычно его описывают как большого волосатого гоминида, прямостоячего и передвигающегося на двух ногах.</span></p>\r\n<p><span style="line-height: 1.4em;">В целом учёными отмечается, что обнаружение подобных скрытых видов является крайне невероятным, поскольку для поддержания численности популяции необходимо наличие достаточно большого числа отдельных особей. Однако имеются многочисленны примеры, когда ситуации выходили из-под контроля человека, который так или иначе был заинтересован в изучении данного вида. Приходится говорить о высоких экстрасенсорных способностях этого существа. Поэтому снежный человек до сих пор является необъяснимым с точки зрения науки.</span></p>\r\n<p><span style="line-height: 1.4em;">Один из зафиксированных случаев - встреча со снежным человеком в 1995 году в верховьях реки Катуни нескольких офицеров-пограничников, летевших на вертолете. Они явственно выдели трех Йети на белом снегу. Заинтересовавшись, стали снижаться. Тогда преследуемые присели, как бы на корточки и подняли вверх руки. У исследующих с вертолета "схватила" сильнейшая головная боль, а потом обильное слезотечение. Кое-как справившись с ситуацией, пилот поднял машину вверх. И вдруг снежные люди бесследно исчезли! Куда и как пропали эти три вполне материальных объекта? Ушли в подпространство, как это объяснить?</span></p>\r\n<p class="post-subtitle"><span style="line-height: 1.4em;">Вятский снежный человек: истории встреч</span></p>\r\n<span style="line-height: 1.4em;"><span style="line-height: 1.4em;"></span></span>\r\n<p>Если задаться целью, то можно найти многочисленные подтверждение сказанному. В частности, факты, говорящие о пребывании Йети в лесах Вятки, (обнародовала газета &laquo;Труд&raquo; 21 октября 2000 г).</p>\r\n<p>Валерий Иванович Сергеев, грибник, ягодник и прекрасный охотник. Лес этот человек знает хорошо. Он заявлял, что в чащобе на границе Оричевского и Верхошижемского районов находил следы, которые не мог оставить никакой зверь. Это были как бы человеческие следы, только очень большие.</p>\r\n<p>Очередным случаем (по крайней мерее из тех, что известен современнику) является история местного охотника Бориса Михайловича Либерова, который в октябре 2003 года отправился в лес за грибами. Эту прогулку пенсионер запомнил надолго: случай столкнул Бориса Михайловича сразу с двумя особями серого цвета &ndash; матерью и детенышем.&nbsp;Либеров и не знал о существовании Йети, подумав, что это медведь, однако, когда эмоции утихли, хладнокровный анализ позволил понять &ndash; такой живности он раньше не видел.</p>\r\n<p>И эти рассказы появляются с завидной периодичностью: то новое жилище снежного человека найдут, то увидят живую особь. Снежный человек существует и в этом убеждается каждый посетивший Суводи: здесь буквально все говорит об этом.</p>\r\n<p><em><strong>Мистическая атмосфера поселка, глухой лес, загадочные звуки и необъяснимые шорохи. Если вас интересует все то, что невозможно объяснить науке, вы готовы бросить вызов &nbsp;неопознанному явлению, добро пожаловать в Суводи!&nbsp;</strong></em></p>', '', 1, 'Снежный человек в Кировской области', 'Снежный человек в Кировской области, поселок Суводи, Кировская область, снежный человек,  отпечатков следов Йети, Вятский Йети, Бигфутом, жилище Йети, Йети, Сежный Человек, Бигфут, Сасквотч, человекообразную обезьяну, гоминида, Йети в лесах Вятки', 'Снежный человек в Кировской области: поселок Суводи!');
INSERT INTO `app_interesting` (`id_app_interesting`, `main_image`, `name_ru`, `name_en`, `alias`, `content_short_ru`, `content_short_en`, `content_ru`, `content_en`, `visible`, `page_title`, `meta_keywords`, `meta_description`) VALUES
(13, 2064, 'Котельнич – памятники героям великой войны', 'Kotelnich - monuments to heroes of the great war', 'kotelnich__pamyatniki_geroyam_velikoy_voyny', 'Великая Отечественная война – для Котельнича это были годы трудовых подвигов в тылу. \r\nКотельнич не был фронтовым,\r\nЕго кварталы не бомбили,\r\nНо по булыжным мостовым\r\nСолдат израненных возили,', '', '<p><strong>Великая Отечественная война &ndash; для Котельнича это были годы трудовых подвигов в тылу. Котельнич приютил тысячи эвакуированных из блокадного Ленинграда, здесь работали военные госпитали&nbsp; и, конечно, жители Котельнича уходили на фронт. &nbsp;Памятники жертвам Великой Отечественной войны в Котельниче &ndash; это результат самоотверженного труда добровольцев поисковых групп и вечная память тем, кто отдал жизнь во имя Победы.&nbsp;&nbsp;</strong></p>\r\n<p><a href="/useruploads/files//interesno/memoreal/fool//Котельнич%20старый%20-%20вид%20города.jpg" class="js-popup-img"><img src="/useruploads/files//interesno/memoreal/Котельнич%20старый%20-%20вид%20города.jpg" width="444" height="300" class="post-image-img" alt="Котельнич фронтовой" title="Котельнич фронтовой" /></a>&nbsp;<img src="/useruploads/files//interesno/memoreal/1919-331.JPG" width="460" height="300" alt="Водружение знамени Победы" title="Водружение знамени Победы" class="post-image-img" /></p>\r\n<p><strong>&laquo;Котельнич не был фронтовым&raquo;</strong></p>\r\n<p><strong>М. Игошин</strong></p>\r\nКотельнич не был фронтовым,<br />Его кварталы не бомбили,<br />Но по булыжным мостовым<br />Солдат израненных возили,<br />Парнишки юные совсем<br />В бреду чуть слышно пить просили,<br />Им выжить удалось не всем:<br />Была война, и жертвы были.<br />Она к Котельничу катилась,<br />К родному городу в слезах,<br />У нас бедою разместилась<br />В добротных, каменных домах,<br />И смерть косая лютовала<br />Уже не первый год подряд.<br />Вдали от фронта догоняла<br />Больных, израненных солдат.<br />Здесь в хирургических палатах<br />Шёл трудный бой и день, и ночь.<br />Врачи дрались за жизнь солдата<br />И гнали смерть косую прочь.<br />Но настигали вражьи пули<br />В краю далёком, тыловом.<br />На веки вечные заснули,<br />О них напишут, но потом.<br />Потом поставят обелиски,<br />Прославят ратный труд в стихах.<br />А в дни войны писали списки:<br />Погиб от ран в госпиталях.<br />Лежат они на круче вятской<br />В военной форме полевой<br />В сырой большой могиле братской,<br />Над <span style="text-decoration: underline;">Вяткой</span>, русскою рекой.<br />Они свое отвоевали,<br />Навеки замерли во мгле,<br />Но бури грозные гуляли<br />Еще по матушке земле.<br />И юность строем уходила<br />В больших кирзовых сапогах.<br />За ней была Победы сила,<br />Нет равной той во всех веках!&nbsp;<address></address>\r\n<p><strong>Мемориал в память об умерших гражданах СССР, эвакуированных в период Великой Отечественной войны</strong></p>\r\n<p>В июле 2010 года в Котельниче был установлен мемориал в честь трех тысяч погибших блокадников, эвакуированных из осаждённого Ленинграда в 1941&nbsp;&mdash; 1943 годах, снятых с эвакуационных эшелонов и захороненных на кладбищах нашего города. Это первый и пока единственный в современной России мемориальный комплекс такого рода.&nbsp;</p>\r\n<p><a href="/useruploads/files//interesno/memoreal/fool/мемореал1.jpg" class="js-popup-img"><img src="/useruploads/files//interesno/memoreal/мемореал1.jpg" width="460" height="300" alt="Мемориал погибшим петербуржцам " title="Мемориал погибшим петербуржцам " class="post-image-img" /></a>&nbsp;<a href="/useruploads/files//interesno/memoreal/fool/мемореал2.JPG" class="js-popup-img"><img src="/useruploads/files//interesno/memoreal/мемореал2.JPG" width="460" height="300" alt="Мемориал погибшим петербуржцам " title="Мемориал погибшим петербуржцам " class="post-image-img" /></a></p>\r\n<p>В годы Великой Отечественной войны станция Котельнич была перевалочным пунктом. Город принимал бесчисленные эшелоны с фронта: здесь работали военные госпитали. Котельничане старшего поколения помнят, что в годы войны почти в каждой котельничской семье жили эвакуированные. Их были тысячи &ndash; в те годы население Котельнича выросло в два раза. <br /> Котельнич стал одним из тех городов на пути в эвакуацию, которым пришлось принимать и тысячи безвинных жертв войны: женщин, стариков и детей, пытавшихся убежать от смерти. Но не всем это удавалось. Многие пассажиры &laquo;поездов жизни&raquo; не выдерживали голода и долгой дороги, и их приходилось снимать с поезда и предавать земле здесь, в Котельниче. Большинство &nbsp;&ndash; беженцы из блокадного Ленинграда.</p>\r\n<p>После Победы в городской ЗАГС долгие годы шли запросы от родственников тех людей и от поисковых групп. Идея памятника погибшим в эвакуации мирным гражданам принадлежит заведующей Котельничским ЗАГСом Наталье Тягуновой и главе благотворительного фонда &laquo;Земля Вятская&raquo; А.Л. Голованову. А реализовать её помогли благотворительный фонд &laquo;Земля Вятская&raquo;, правительства Кировской области и Санкт-Петербурга, управление Горьковской железной дороги, жители города и области. Мемориал построен на пожертвования горожан за рекордно короткое время &ndash; всего год!</p>\r\n<p>Монумент установили не на мемориальном Братском кладбище, а на пересечении двух железных дорог - на месте старого вокзала, свидетеля минувшей войны. По архивным данным, 14 июля 1941 года здесь появился первый эшелон с эвакуированными. Открытие мемориального комплекса в 2014 году состоялось 17 июля &ndash; дата, когда с поездов были сняты первые жертвы эвакуации. На 11 плитах мемориала высечены имена 2768 человек, а также названия регионов, откуда они прибыли. На венчающем всю композицию колоколе отлито название города Котельнич.</p>\r\n<p>Почти три тысячи имён на мемориальных плитах &ndash; далеко не полный список жертв эвакуации, навеки оставшихся в Котельниче. Предстоит ещё большая работа - поиск родственников захороненных у нас эвакуированных, как в России, так и за её пределами. Те, кто не воевал на фронте, но также пал в войну, достойны вечной памяти. И начало традиции постройки мемориалов мирным гражданам &ndash; жертвам войны было положено именно здесь, в Котельниче.</p>\r\n<p><b>Памятник воинам-землякам, погибшим в годы Великой Отечественной войны 1941-1945 гг.<o:p></o:p></b></p>\r\n<p></p>\r\n<p>В годы войны из Котельнича и района было призвано в армию около 50&nbsp;000 человек, 10 000 не вернулись с фронта.</p>\r\n<p><a href="/useruploads/files//interesno/memoreal/fool/нов.jpg" class="js-popup-img"><img src="/useruploads/files//interesno/memoreal//нов.jpg" width="460" height="306" class="post-image-img" alt="Памятник воинам землякам" title="Памятник воинам землякам" /></a>&nbsp;<a href="/useruploads/files//interesno/memoreal/fool/IMGP7671.JPG" class="js-popup-img"><img src="/useruploads/files//interesno/memoreal/IMGP7671.JPG" width="460" height="300" class="post-image-img" alt="Обелиск" title="Обелиск" /></a>&nbsp;</p>\r\n<p>В 1967 году горожане провели сбор средств, на которые и построили этот памятник в сквере по улице Советской. Он стал любимым местом встреч бывших военнослужащих всех родов войск. Здесь проводятся митинги, уроки мужества, праздники Дня Победы и Дня защитника Отечества. Сюда по традиции в день свадьбы приезжают молодожены возложить цветы. В настоящее время памятник и сквер нуждаются в реконструкции как неотъемлемая часть городского пейзажа и культурной жизни города Котельнича.</p>\r\n<p style="text-align: justify;"><b>Братское кладбище советских воинов, умерших от ран в эвакогоспиталях в годы Великой Отечественной войны 1941-1945 гг.<o:p></o:p></b></p>\r\n<p></p>\r\n<p>В тыловом Котельниче работали четыре эвакогоспиталя на 3300 коек, где врачи спасли жизни более пяти тысяч солдат и офицеров. 619 (по данным городского ЗАГСа) умерших солдат захоронены на Братском кладбище, это часть городского кладбища. После благоустройства территории в 60-х годах сохранилось лишь 320 надгробий. С 1966 года Братское кладбище является объектом культурного наследия регионального значения. <o:p></o:p></p>\r\n<p>В любое время года сюда приходят не только котельничане, сюда приезжают издалека родственники погибших солдат. В День Победы здесь собираются ветераны. У фронтовиков 5-й Орловской дивизии стало доброй традицией встречать праздник Победы в Котельниче. <o:p></o:p></p>\r\n<p>9 мая 1964 года на Братском кладбище был открыт памятник &ndash; обелиск в честь воинов Советской Армии, чьим местом вечного упокоения стал Котельнич.<br /> <br /> Посещение Братского кладбища &nbsp;входит в некоторые &nbsp;программы экскурсий по Котельничу.<span style="color: red;"> <o:p></o:p></span></p>\r\n<p><a href="/useruploads/files//interesno/memoreal/fool//IMG_3315.JPG" class="js-popup-img"><img src="/useruploads/files//interesno/memoreal//IMG_3315.JPG" width="460" height="345" class="post-image-img" alt="Сергей Сергеевич Князев - ветеран ВОВ" title="Сергей Сергеевич Князев - ветеран ВОВ" /></a>&nbsp;<a href="/useruploads/files//interesno/memoreal/fool//IMG_3337.JPG" class="js-popup-img"><img src="/useruploads/files//interesno/memoreal/IMG_3337.JPG" width="460" height="345" class="post-image-img" alt="Иван Иванович Шабалин - ветеран ВОВ" title="Иван Иванович Шабалин - ветеран ВОВ" /></a></p>\r\n<p style="text-align: justify;"><b>Память о великой войне и великой Победе необходима нам, чтобы ощущать связь поколений и строить мирное будущее. Поэтому так важно создавать новые памятники и оберегать старые. Вечная память тем, кто погиб, чтобы мы могли жить!&nbsp;</b></p>\r\n<p><b><a href="http://kulturnoe-nasledie.ru/monuments.php?id=4300336000"><span><span style="color: windowtext; text-decoration: none; text-underline: none;"><br /></span></span></a><o:p></o:p></b></p>', '', 1, 'Котельнич – памятники героям великой войны', 'Великая Отечественная война; памятник, Памятники жертвам Великой Отечественной войны; Мемориал в память об умерших гражданах СССР, эвакуированных в период Великой Отечественной войны; Памятник воинам-землякам, погибшим в годы Великой Отечественной войны 1941-1945 гг.; Братское кладбище советских воинов, умерших от ран в эвакогоспиталях в годы Великой Отечественной войны 1941-1945 гг.', 'великая война\r\nКотельнича\r\nэвакуированные\r\nблокадного Ленинграда\r\nгоспитали\r\nвоенные госпитали  \r\nфронт\r\nпоисковые группы\r\nПобеды\r\nвечная память \r\nмемориал\r\nмемориальный комплекс \r\nэвакуационные эшелоны \r\n кладбище \r\nпогибшие блокадники\r\nосаждённый Ленинград\r\nсовременная Россия \r\nэшелон\r\nфронт\r\nперевалочный пункт \r\nвоенный госпиталь\r\nкотельничане\r\nгоды войны \r\nблокадный Ленинград\r\nжертвы войны\r\nпоезд жизни\r\nбеженцы\r\nэвакуация\r\nПобеда\r\nЗАГС \r\nпоисковые группы\r\nпожертвования горожан \r\nблаготворительный фонд «Земля Вятская» \r\nправительство Кировской области\r\n правительство Санкт-Петербурга\r\n управление Горьковской железной дороги\r\nзаведующая Котельничским ЗАГСом Наталья Тягунова\r\nглава благотворительного фонда «Земля Вятская» А.Л. Голованов\r\nмонумент\r\nмемориальное Братское кладбище\r\nвокзал\r\nмемориального комплекса \r\nколокол\r\nплиты мемориала \r\nмемориальные плиты \r\nсписок жертв эвакуации\r\nвечная память\r\nмемориал мирным гражданам – жертвам войны \r\nармия\r\nгорожане \r\nпамятник\r\n сквер \r\n улица Советская \r\nместо встреч бывших военнослужащих \r\nпраздники Дня Победы\r\nпраздник Дня защитника Отечества\r\nтыловой Котельнич \r\nэвакогоспиталь\r\nсолдаты\r\nофицеры\r\nБратское кладбище\r\nгородское кладбище\r\nнадгробие\r\nобъект культурного наследия регионального значения\r\nпогибшие солдаты\r\nДень Победы \r\nветераны\r\nфронтовики 5-й Орловской дивизии \r\nпраздник Победы \r\nКотельнич\r\nобелиск в честь воинов Советской Армии\r\nпрограммы экскурсий по Котельничу\r\n'),
(14, 2187, 'Береснятский водопад - Вятская Швейцария!', 'Bereznitsky waterfall - Vyatka Switzerland!', 'beresnyatskiy_vodopad___vyatskaya_shveytsariya', 'Водопад – диковинное явление не только для природы Кировской области, но и большая редкость для всего Поволжья. Поэтому настоящий трехкаскадный водопад в Пижемском заказнике Советского района – чудо природы, известное далеко за пределами области. ', '', '<p><b><i>Водопад &ndash; диковинное явление не только для природы Кировской области, но и большая редкость для всего Поволжья. Поэтому настоящий трехкаскадный водопад в Пижемском заказнике Советского района &ndash; чудо природы, известное далеко за пределами области. В любое время года масса туристов приезжает полюбоваться его красотой. Удивительно, как небольшой ручей смог наделать сколько шума &ndash; в прямом и переносном смысле!</i></b></p>\r\n<p>Береснятский водопад считается одним из символов Советского района Кировской области, уникальным памятником природы. Он входит в список туристических достопримечательностей Поволжья. Над рекой Немдой высится покрытый густым лесом скальный массив, и расселина с водопадом открывается взору неожиданно &ndash; до неё нужно добираться через густой лес по дороге вдоль берега Немды. И когда ваш путь пересечёт ручей &ndash; вы увидите глубокий, узкий каньонообразный овраг, а высоко между лесистых скал &ndash; великолепие водяных струй. Особенно красиво это зрелище, когда солнце светит в расселину. Чтобы подойти к водопаду, нужно подняться по тропе в гору.</p>\r\n<p><a href="/useruploads/files//interesno/3/full/IMG_1589.JPG" class="js-popup-img"><img src="/useruploads/files//interesno/3/IMG_1589.JPG" width="460" height="306" alt="Памятник природы" title="Памятник природы" class="post-image-img" /></a>&nbsp;<a href="/useruploads/files//interesno/3/full/IMG_1594.JPG" class="js-popup-img"><img src="/useruploads/files//interesno/3/IMG_1594.JPG" width="460" height="306" alt="Водопад зимой" title="Водопад зимой" class="post-image" /></a></p>\r\n<p>Раньше в верховьях ручья стояла деревня Береснята, её именем и назван водопад. Ручей был полноводным, жители не испытывали недостатка в воде, а главная улица деревни делилась ручьём вдоль. Ныне от деревни остались лишь развалины. Но шум падающей с каменных ступеней воды по-прежнему разносится на много шагов, особенно весной. На самом деле Береснятский водопад вблизи гораздо внушительнее и полноводнее, чем кажется на фотографиях &ndash; это целый каскад водопадов, бегущих по шести уступам каменного желоба ручья. Ни одна фотография не передаст сказочной атмосферы этого места и музыки водных потоков, эхом отдающейся от скал. Поэтому лучше приехать и увидеть всё своими глазами!</p>\r\n<p>Весной водопад грохочет мощным потоком, наполненный силой талых вод, и уносит в Немду коряги и гальку. Он стекает прямо на дорогу и дальше вниз к Немде, и весной основная дорога бывает затопленной, но вверх по тропе забраться несложно. Здесь растут мхи и травы, над головой поют птицы. Летом перейти ручей уже легко, да и в жаркий день искупаться в водопаде не страшно будет даже не очень закалённым людям. Попробуйте окунуться под этот холодный природный душ &ndash; и он смоет с вас всю пыль и негатив большого города! Из него вы выйдете, как в сказке, здоровыми и помолодевшими. А если повезёт оказаться у водопада ранним росистым летним утром, когда никого рядом нет &ndash; вы испытаете настоящий первобытный восторг от волшебства этого места и почувствуете, как энергия природы наполняет вас.</p>\r\n<p><a href="/useruploads/files//interesno/3/full/1680738.jpg" class="js-popup-img"><img src="/useruploads/files//interesno/3/1680738.jpg" width="306" height="460" alt="Береснятский водопад" title="Береснятский водопад" class="post-image-img" /></a>&nbsp;<a href="/useruploads/files//interesno/3/full/IMG_1651.JPG" class="js-popup-img"><img src="/useruploads/files//interesno/3/IMG_1651.JPG" width="306" height="459" alt=" Водопад зимой" title=" Водопад зимой" class="post-image-img" /></a>&nbsp;&nbsp;&nbsp;&nbsp;</p>\r\n<p>Зимняя сказка Береснятского водопада не менее красива. В сильные морозы, когда снега выпадает немного, водопад превращается в изумительную абстрактную многометровую скульптуру, которая сверкает под солнцем всеми оттенками голубого и зеленого цветов. Но из-подо льда доносится шум &ndash; водопад и зимой живет своей жизнью. Если продолбить лёд, можно увидеть сильные струи воды и поднимающийся пар &ndash; там свой особый микроклимат, который даже позволяет зимой расти зелёным мхам. Зимой посещение водопада будет достойной целью вашей лыжной прогулки.</p>\r\n<p><a href="/useruploads/files//interesno/3/full/05-IMG_0834.JPG" class="js-popup-img"><img src="/useruploads/files//interesno/3/05-IMG_0834.JPG" width="460" height="345" alt="Водопад осенью" title="Водопад осенью" class="post-image-img" /></a>&nbsp;<a href="/useruploads/files//interesno/3/full/66380164.jpg" class="js-popup-img"><img src="/useruploads/files//interesno/3/66380164.jpg" width="460" height="306" alt="Пижемский заказник" class="post-image-img" title="Пижемский заказник" /></a>&nbsp;<a href="/useruploads/files//interesno/3/full/IMG_6439.JPG" class="js-popup-img"><img src="/useruploads/files//interesno/3/IMG_6439.JPG" width="460" height="306" class="post-image-img" alt="Скальная порода" title="Скальная порода" /></a>&nbsp;<a href="/useruploads/files//interesno/3/full/IMG_1636.JPG" class="js-popup-img"><img src="/useruploads/files//interesno/3///IMG_1636.JPG" width="460" height="345" class="post-image-img" alt="Место силы" title="Место силы" /></a>&nbsp;&nbsp;</p>\r\n<p>Ниже по течению Немды находится Буржатский утёс &ndash; тоже памятник природы, а около него &ndash; несколько хороших стоянок для туристов. Плотная монолитная скальная стенка, скрытая со стороны реки густым хвойным лесом, тянется на <st1:metricconverter productid="250 м" w:st="on">250 м</st1:metricconverter> от оврага с водопадом до Буржатского утёса.</p>\r\n<p><b><i>Факты о Береснятском водопаде</i></b></p>\r\n<ul>\r\n<li>Расположен на правом коренном берегу реки Немды в <st1:metricconverter productid="3 км" w:st="on">3 км</st1:metricconverter> от деревни Фокино, у бывших деревень Береснята и Буржата;</li>\r\n<li>Географические координаты: N 57&deg; 23.277'' E 49&deg; 01.793'';</li>\r\n<li>Входит в состав государственного природного заказника &laquo;Пижемский&raquo;;<b></b></li>\r\n<li>Общая высота водопада &ndash; <st1:metricconverter productid="25 м" w:st="on">25 м</st1:metricconverter>. Каменное дно каньона у деревни Береснята образует шесть уступов &ndash; <st1:metricconverter productid="1 м" w:st="on">1 м</st1:metricconverter>, <st1:metricconverter productid="2,5 м" w:st="on">2,5 м</st1:metricconverter>, <st1:metricconverter productid="1,5 м" w:st="on">1,5 м</st1:metricconverter>, <st1:metricconverter productid="2,2 м" w:st="on">2,2 м</st1:metricconverter>, <st1:metricconverter productid="4 м" w:st="on">4 м</st1:metricconverter>, <st1:metricconverter productid="7,5 м" w:st="on">7,5 м</st1:metricconverter> сверху вниз, что и даёт такой живописный каскад;<b></b></li>\r\n<li>Температура воды практически постоянная &ndash; около 4-х градусов. У туристов популярно купание в Береснятском водопаде &ndash; и, несмотря на холодную воду, все чувствуют себя комфортно, ведь в расселине не бывает ветра. Вода чистая и прозрачная, хороша не только для омовений, но и для питья;<b></b></li>\r\n<li>К водопаду ведёт хорошо натоптанная дорога, но так как это территория заказника, есть ограничение на движение машин. Поэтому проходить последний отрезок дороги лучше пешком.</li>\r\n</ul>\r\n<p><b><i><a href="/useruploads/files//interesno/3/full/IMG_6498.JPG" class="js-popup-img"><img src="/useruploads/files//interesno/3/IMG_6498.JPG" width="460" height="345" class="post-image-img" alt="Отвесная скальная стена" title="Отвесная скальная стена" /></a>&nbsp;<a href="/useruploads/files//interesno/3/full/IMG_1622.JPG" class="js-popup-img"><img src="/useruploads/files//interesno/3//IMG_1622.JPG" width="460" height="345" class="post-image-img" alt="Живая вода" title="Живая вода" /></a></i></b></p>\r\n<p><b><i>Береснятский водопад в Пижемском заказнике выглядит так, словно перенесён сюда с настоящих больших гор &ndash; не зря скалы Советского района называют &laquo;Вятской Швейцарией&raquo;. И в какое время года вы ни посетили бы этот удивительный уголок &ndash; вы никогда не забудете встречу с природным чудом живой воды!</i></b></p>\r\n<p><b><i><iframe width="425" height="350" style="display: block; margin-left: auto; margin-right: auto;" src="http://www.youtube.com/embed/Tg_tsLajidk" frameborder="0"></iframe></i></b></p>', '', 1, 'Береснятский водопад - Вятская Швейцария', 'Береснятский водопад, водопад, трёхкаскадный водопад', ': Кировская область, природа Кировской области,\r\nПоволжье, Пижемский заказник, Советский район, ручей, турист, чудо природы,\r\nКировской области, уникальный памятник природы, туристические достопримечательности Поволжья, река Немда, лес, скальный массив, расселина,\r\nскалы, ручей, овраг, деревня Береснята, деревни, каскад водопадов,\r\nфотография, водные потоки, дорога, мхи, травы, энергия природы,\r\nприродный душ, здоровый, поток, лёд, зелёные мхи, лыжная прогулка,\r\nБуржатский утес, утёс, стоянки для туристов, скальная стенка, хвойный лес,\r\nовраг, памятник природы, деревня Фокино, деревня Буржата,\r\nгеографические координаты, государственный природный заказник «Пижемский»,\r\nдно каньона , каскад, уступ, шесть уступов, температура воды, купание,\r\nпитьё, родник, территория заказника, ограничение на движение машин,скалы Советского района, «Вятская Швейцария», природное чудо, живая вода.\r\n');

-- --------------------------------------------------------

--
-- Структура таблицы `app_interesting_category`
--

CREATE TABLE IF NOT EXISTS `app_interesting_category` (
  `id_app_interesting_category` int(8) NOT NULL AUTO_INCREMENT,
  `name_ru` varchar(255) NOT NULL COMMENT 'Название',
  `name_en` varchar(255) DEFAULT NULL COMMENT 'Название (по английски)',
  `sequence` int(8) DEFAULT NULL COMMENT 'п/п',
  `visible` tinyint(1) NOT NULL DEFAULT '1' COMMENT 'Видимость',
  PRIMARY KEY (`id_app_interesting_category`)
) ENGINE=InnoDB  DEFAULT CHARSET=utf8 COMMENT='Категории это интересно' AUTO_INCREMENT=6 ;

--
-- Дамп данных таблицы `app_interesting_category`
--

INSERT INTO `app_interesting_category` (`id_app_interesting_category`, `name_ru`, `name_en`, `sequence`, `visible`) VALUES
(2, 'Динозавры', 'Dinosaurs', 2, 1),
(3, 'Котельнич', 'Kotelnich', 4, 1),
(4, 'Кировская область', 'Kirov region', 3, 1),
(5, 'Места Силы', 'Monuments of nature', 1, 1);

-- --------------------------------------------------------

--
-- Структура таблицы `app_interesting_category_assignment`
--

CREATE TABLE IF NOT EXISTS `app_interesting_category_assignment` (
  `id_app_interesting_category_assignment` int(8) NOT NULL AUTO_INCREMENT,
  `id_app_interesting` int(8) NOT NULL COMMENT 'Это интересно',
  `id_app_interesting_category` int(8) NOT NULL COMMENT 'Категория это интересно',
  `sequence` int(8) DEFAULT NULL COMMENT 'п/п',
  PRIMARY KEY (`id_app_interesting_category_assignment`)
) ENGINE=InnoDB  DEFAULT CHARSET=utf8 COMMENT='Связь Это интересно и Категорий' AUTO_INCREMENT=22 ;

--
-- Дамп данных таблицы `app_interesting_category_assignment`
--

INSERT INTO `app_interesting_category_assignment` (`id_app_interesting_category_assignment`, `id_app_interesting`, `id_app_interesting_category`, `sequence`) VALUES
(1, 3, 2, NULL),
(2, 1, 3, 3),
(3, 4, 3, 4),
(4, 5, 4, 2),
(5, 6, 4, 3),
(6, 6, 5, 1),
(7, 7, 5, 2),
(8, 8, 4, 1),
(9, 9, 3, 2),
(10, 10, 3, 1),
(11, 11, 4, 5),
(12, 12, 4, 6),
(14, 13, 3, 7),
(15, 14, 5, 8),
(16, 11, 5, 9),
(17, 4, 5, 10),
(18, 8, 5, 11),
(19, 9, 2, 12),
(20, 1, 2, 13),
(21, 12, 2, 14);

-- --------------------------------------------------------

--
-- Структура таблицы `app_photoalbum`
--

CREATE TABLE IF NOT EXISTS `app_photoalbum` (
  `id_app_photoalbum` int(8) NOT NULL AUTO_INCREMENT COMMENT 'id',
  `name_ru` varchar(255) NOT NULL COMMENT 'Название альбома',
  `name_en` varchar(255) DEFAULT NULL COMMENT 'Название альбома (по английски)',
  `visible` tinyint(1) NOT NULL DEFAULT '1' COMMENT 'Видимость',
  `sequence` int(8) DEFAULT NULL COMMENT 'п/п',
  `alias` varchar(255) NOT NULL COMMENT 'В адресной строке',
  PRIMARY KEY (`id_app_photoalbum`)
) ENGINE=InnoDB  DEFAULT CHARSET=utf8 COMMENT='Фотоальбомы' AUTO_INCREMENT=5 ;

--
-- Дамп данных таблицы `app_photoalbum`
--

INSERT INTO `app_photoalbum` (`id_app_photoalbum`, `name_ru`, `name_en`, `visible`, `sequence`, `alias`) VALUES
(3, 'Динозавры', NULL, 1, 1, 'dinozavry'),
(4, 'Пейзажи', NULL, 1, 2, 'peyzazhi');

-- --------------------------------------------------------

--
-- Структура таблицы `app_promo_block`
--

CREATE TABLE IF NOT EXISTS `app_promo_block` (
  `id_app_promo_block` int(8) NOT NULL AUTO_INCREMENT,
  `title_ru` varchar(255) DEFAULT NULL COMMENT 'Заголовок по русски',
  `url` varchar(255) DEFAULT NULL COMMENT 'URL ссылка',
  `bg_image` int(8) DEFAULT NULL COMMENT 'Картинка на фон',
  `state` tinyint(1) NOT NULL DEFAULT '1' COMMENT 'Видимость',
  `text_ru` longtext COMMENT 'Текст по русски',
  `text_en` longtext COMMENT 'Текст по английски',
  `title_en` varchar(255) DEFAULT NULL COMMENT 'Заголовок по английски',
  `sequence` int(8) DEFAULT NULL COMMENT 'п/п',
  PRIMARY KEY (`id_app_promo_block`)
) ENGINE=InnoDB  DEFAULT CHARSET=utf8 COMMENT='Блоки - ссылки на главной' AUTO_INCREMENT=4 ;

--
-- Дамп данных таблицы `app_promo_block`
--

INSERT INTO `app_promo_block` (`id_app_promo_block`, `title_ru`, `url`, `bg_image`, `state`, `text_ru`, `text_en`, `title_en`, `sequence`) VALUES
(1, 'Это интересно', 'interesting', 11, 1, 'раскопки, путешествия,\r\nактивный отдых', 'excavations, travel, \r\nleisure', 'This is interesting', 1),
(2, 'Эксклюзив туры', 'tour/?category%5B%5D=2', 3, 1, 'Вы мечтали стать учеными\r\n– путешественниками?!', '', NULL, 2),
(3, 'Детские туры', 'tour/?category%5B%5D=1', 5, 1, 'Групповые туры для детей\r\nпо России', '', NULL, 3);

-- --------------------------------------------------------

--
-- Структура таблицы `app_review`
--

CREATE TABLE IF NOT EXISTS `app_review` (
  `id_app_review` int(8) NOT NULL AUTO_INCREMENT,
  `id_app_tour` int(8) DEFAULT NULL COMMENT 'Тур',
  `name_sender` varchar(255) NOT NULL COMMENT 'Имя отпраителя',
  `text` longtext NOT NULL COMMENT 'Текст отзыва',
  `datetime` int(10) unsigned DEFAULT NULL COMMENT 'Дата отзыва',
  `accepted` tinyint(1) NOT NULL DEFAULT '0' COMMENT 'Принято модератором',
  PRIMARY KEY (`id_app_review`)
) ENGINE=InnoDB  DEFAULT CHARSET=utf8 COMMENT='Отзывы' AUTO_INCREMENT=2 ;

--
-- Дамп данных таблицы `app_review`
--

INSERT INTO `app_review` (`id_app_review`, `id_app_tour`, `name_sender`, `text`, `datetime`, `accepted`) VALUES
(1, 6, 'Светлана', 'Спасибо организаторам за интересный тур! Все остались довольны!', 1416578635, 1);

-- --------------------------------------------------------

--
-- Структура таблицы `app_souvenir`
--

CREATE TABLE IF NOT EXISTS `app_souvenir` (
  `id_app_souvenir` int(8) NOT NULL AUTO_INCREMENT,
  `id_app_souvenir_category` int(8) NOT NULL COMMENT 'Категория сувенира',
  `name_ru` varchar(255) NOT NULL COMMENT 'Название',
  `name_en` varchar(255) DEFAULT NULL COMMENT 'Название (по английски)',
  `alias` varchar(255) NOT NULL COMMENT 'В адресной строке',
  `price` varchar(255) NOT NULL COMMENT 'Цена',
  `main_image` int(8) DEFAULT NULL COMMENT 'Главная картинка',
  `description_ru` longtext COMMENT 'Описание',
  `description_en` longtext COMMENT 'Описание (на английском)',
  `parameters_ru` longtext COMMENT 'Параметры',
  `parameters_en` longtext COMMENT 'Параметры (по английски)',
  `visible` tinyint(1) NOT NULL DEFAULT '1' COMMENT 'Видимость',
  `sequence` int(8) DEFAULT NULL COMMENT 'п/п',
  PRIMARY KEY (`id_app_souvenir`),
  UNIQUE KEY `alias` (`alias`)
) ENGINE=InnoDB  DEFAULT CHARSET=utf8 COMMENT='Сувениры' AUTO_INCREMENT=6 ;

--
-- Дамп данных таблицы `app_souvenir`
--

INSERT INTO `app_souvenir` (`id_app_souvenir`, `id_app_souvenir_category`, `name_ru`, `name_en`, `alias`, `price`, `main_image`, `description_ru`, `description_en`, `parameters_ru`, `parameters_en`, `visible`, `sequence`) VALUES
(3, 3, 'Мамонтенок', NULL, 'mamontenok', '500', 331, 'Фигурка молодого мамонтенка который только что родился и зовет мамку. Очень милая композиция на плоской подставке украсит интерьер рабочего стола.', '', '<table border="0">\r\n<tbody>\r\n<tr>\r\n<td>Изготовитель:</td>\r\n<td>Россия, Кировская обл, Ручная работа</td>\r\n</tr>\r\n<tr>\r\n<td>Материал:</td>\r\n<td>Гипс</td>\r\n</tr>\r\n<tr>\r\n<td>Размер:</td>\r\n<td>10х10 см</td>\r\n</tr>\r\n<tr>\r\n<td>Вес:&nbsp;</td>\r\n<td>100 гр</td>\r\n</tr>\r\n</tbody>\r\n</table>', '', 1, 3),
(4, 3, 'Неваляшка', NULL, 'nevalyashka', '300', 349, 'Удивительно красивый сувенир «Неваляшка», полностью ручная работа. Деревянная основа дает мягкий мелодичный звук встроененому колокольчику, а смещенный центр тяжести раскачивает «Неваляшку». Ручная роспись выполненная мастером как будто оживляет каждую фигурку и никогда  не повторяется один в один.', '', '<table border="0">\r\n<tbody>\r\n<tr>\r\n<td>Изготовитель:</td>\r\n<td>Россия, Кировская обл, Ручная работа</td>\r\n</tr>\r\n<tr>\r\n<td>Материал:</td>\r\n<td>дерево</td>\r\n</tr>\r\n<tr>\r\n<td>Размер:</td>\r\n<td>10х5 см</td>\r\n</tr>\r\n<tr>\r\n<td>Вес:</td>\r\n<td>30 гр</td>\r\n</tr>\r\n</tbody>\r\n</table>', '', 1, 4),
(5, 3, 'Череп динозавра', NULL, 'cherep_dinozavra', '500', 392, 'Слепок реального черепа зверообразной рептилии Суминия Гетманова. Хищное животное было оснащено мощными челюстями и режущими клыками для разрывания добычи. Все фрагменты черепа идеально сохранились по которым был сделан отпечаток. Для большего эффекта слепок покрыт специальной позолотой.', '', '<table border="0">\r\n<tbody>\r\n<tr>\r\n<td>Изготовитель:</td>\r\n<td>Россия, Кировская обл, Ручная работа</td>\r\n</tr>\r\n<tr>\r\n<td>Материал:</td>\r\n<td>Гипс</td>\r\n</tr>\r\n<tr>\r\n<td>Размер:</td>\r\n<td>10х10 см</td>\r\n</tr>\r\n<tr>\r\n<td>Вес:</td>\r\n<td>100 гр</td>\r\n</tr>\r\n</tbody>\r\n</table>', '', 1, 5);

-- --------------------------------------------------------

--
-- Структура таблицы `app_souvenir_category`
--

CREATE TABLE IF NOT EXISTS `app_souvenir_category` (
  `id_app_souvenir_category` int(8) NOT NULL AUTO_INCREMENT,
  `name_ru` varchar(255) NOT NULL COMMENT 'Название',
  `name_en` varchar(255) DEFAULT NULL COMMENT 'Название (по английски)',
  `visible` tinyint(1) NOT NULL DEFAULT '1' COMMENT 'Видимость',
  `sequence` int(8) DEFAULT NULL COMMENT 'п/п',
  PRIMARY KEY (`id_app_souvenir_category`)
) ENGINE=InnoDB  DEFAULT CHARSET=utf8 COMMENT='Категории сувениров' AUTO_INCREMENT=4 ;

--
-- Дамп данных таблицы `app_souvenir_category`
--

INSERT INTO `app_souvenir_category` (`id_app_souvenir_category`, `name_ru`, `name_en`, `visible`, `sequence`) VALUES
(1, 'Значки', 'Badges', 1, 1),
(2, 'Магниты', 'Magnets', 1, 2),
(3, 'Фигурки', 'Figures', 1, 3);

-- --------------------------------------------------------

--
-- Структура таблицы `app_souvenir_order`
--

CREATE TABLE IF NOT EXISTS `app_souvenir_order` (
  `id_app_souvenir_order` int(8) NOT NULL AUTO_INCREMENT,
  `name_souvenir` varchar(255) NOT NULL COMMENT 'Название',
  `price` int(8) NOT NULL COMMENT 'Цена',
  `parameters` longtext NOT NULL COMMENT 'Параметры',
  `name_sender` varchar(255) NOT NULL COMMENT 'Имя заказчика',
  `email` varchar(255) NOT NULL COMMENT 'Email',
  `phone` varchar(255) DEFAULT NULL COMMENT 'Телефон',
  `datetime` int(10) unsigned DEFAULT NULL COMMENT 'Дата заказа',
  `address` longtext COMMENT 'Адрес',
  `processed` tinyint(1) NOT NULL DEFAULT '0' COMMENT 'Обработан',
  `id_app_souvenir` int(8) DEFAULT NULL COMMENT 'ID Сувенира',
  PRIMARY KEY (`id_app_souvenir_order`)
) ENGINE=InnoDB DEFAULT CHARSET=utf8 COMMENT='Заказы сувенира' AUTO_INCREMENT=1 ;

-- --------------------------------------------------------

--
-- Структура таблицы `app_tour`
--

CREATE TABLE IF NOT EXISTS `app_tour` (
  `id_app_tour` int(8) NOT NULL AUTO_INCREMENT,
  `id_app_tour_category` int(8) NOT NULL COMMENT 'Категория тура',
  `name_ru` varchar(255) NOT NULL COMMENT 'Название по русски',
  `name_en` varchar(255) DEFAULT NULL COMMENT 'Название по английски',
  `duration` int(8) NOT NULL COMMENT 'Продолжительность тура',
  `description_ru` longtext NOT NULL COMMENT 'Описание по русски',
  `description_en` longtext COMMENT 'Описание по английски',
  `price_group_ru` varchar(255) DEFAULT NULL COMMENT 'Стоимость группа (по русски)',
  `price_group_en` varchar(255) DEFAULT NULL COMMENT 'Стоимость группа (по английски)',
  `price_children` int(8) DEFAULT NULL COMMENT 'Стоимость дети (руб)',
  `price_adult` int(8) DEFAULT NULL COMMENT 'Стоимость взрослые (руб)',
  `price_included_ru` longtext COMMENT 'В стоимость включено (по русски)',
  `price_included_en` longtext COMMENT 'В стоимость включено (по английски)',
  `note_ru` longtext COMMENT 'Примечание (по русски)',
  `note_en` longtext COMMENT 'Примечание (по английски)',
  `content_tour_ru` longtext COMMENT 'Содержание тура (по русски)',
  `content_tour_en` longtext COMMENT 'Содержание тура (по английски)',
  `main_image` int(8) DEFAULT NULL COMMENT 'Главная картинка',
  `sequence` int(8) DEFAULT NULL COMMENT 'п/п',
  `state` tinyint(1) NOT NULL DEFAULT '1' COMMENT 'Видимость',
  `alias` varchar(255) NOT NULL COMMENT 'В адресной строке',
  `new_item` tinyint(1) NOT NULL DEFAULT '0' COMMENT 'Новинка',
  `in_main_page` tinyint(1) NOT NULL DEFAULT '0' COMMENT 'Отображать на главной странице',
  PRIMARY KEY (`id_app_tour`),
  UNIQUE KEY `alias` (`alias`)
) ENGINE=InnoDB  DEFAULT CHARSET=utf8 COMMENT='Туры' AUTO_INCREMENT=8 ;

--
-- Дамп данных таблицы `app_tour`
--

INSERT INTO `app_tour` (`id_app_tour`, `id_app_tour_category`, `name_ru`, `name_en`, `duration`, `description_ru`, `description_en`, `price_group_ru`, `price_group_en`, `price_children`, `price_adult`, `price_included_ru`, `price_included_en`, `note_ru`, `note_en`, `content_tour_ru`, `content_tour_en`, `main_image`, `sequence`, `state`, `alias`, `new_item`, `in_main_page`) VALUES
(5, 1, 'В гости к динозаврам', NULL, 1, 'Хотите узнать больше об истории города, как несколько веков назад люди добывали себе пропитание, какая была национальная одежда и уклад жизни, тогда эта программа именно для вас!!! Ну а путешествие по музею динозавров и динопарку перенесет вас на миллионы лет до нашей эры!  ', '', 'от 20 человек + 2', NULL, 0, 0, 'Тур рассчитан с учетом аренды автобуса по маршруту. 2 сопровождающих группы – бесплатно посещение всех музеев и экскурсионных программ. Возможна корректировка тура.', '', 'Сопровождение группы по маршруту, Экскурсионное сопровождение, билеты во все музеи по программе, мастер-классы, программы, питание.', '', '<div class="col-md-12">\r\n<table>\r\n<tbody>\r\n<tr>\r\n<td>День 1</td>\r\n<td></td>\r\n</tr>\r\n<tr>\r\n<td>\r\n<div class="ico-clock"></div>\r\n</td>\r\n<td>\r\n<div class="ico-clip"></div>\r\n</td>\r\n</tr>\r\n<tr>\r\n<td>\r\n<div class="time">9:00</div>\r\n</td>\r\n<td>Прибытие в Котельнич. Обзорная экскурсия по городу</td>\r\n</tr>\r\n<tr>\r\n<td>\r\n<div class="time">10:00</div>\r\n</td>\r\n<td>Экскурсия в Музее истории крестьянства пос. Ленинская Искра</td>\r\n</tr>\r\n<tr>\r\n<td>\r\n<div class="time">11:30</div>\r\n</td>\r\n<td>Экскурсия в палеонтологическом музее с развлекательно-познавательной программой: экскурсия; показ тематического фильма; мастер-класс по препарации скелета ящера;</td>\r\n</tr>\r\n<tr>\r\n<td>\r\n<div class="time">13:00</div>\r\n</td>\r\n<td>Обед</td>\r\n</tr>\r\n<tr>\r\n<td>\r\n<div class="time">14:00</div>\r\n</td>\r\n<td>Динопарк с экскурсионной программой</td>\r\n</tr>\r\n<tr>\r\n<td>\r\n<div class="time">15:30</div>\r\n</td>\r\n<td>Экскурсия в краеведческом музее</td>\r\n</tr>\r\n<tr>\r\n<td>\r\n<div class="time">17:00</div>\r\n</td>\r\n<td>Отправление из Котельнича</td>\r\n</tr>\r\n</tbody>\r\n</table>\r\n</div>', '', 416, 2, 1, 'v_gosti_k_dinozavram', 1, 1),
(6, 1, 'Дино тур', NULL, 1, 'Этот тур рассказывает об истории города Котельнич, его основных достопримечательностях и конечно же ДИНОЗАВРАХ. Мы побываем в основных исторических местах города, таких как: торговые ряды Алексеевской ярмарки, Свято-Никольский храм, Мемореал погибшим петербуржцам, Котельничская набережная и.т.д. А так же посетим знаменитый Котельничский палеонтологический музей и Динпарк  «Динозавры на Вятке». В кафе нас ждет сытный обед, а по окончании тура памятные сувениры каждому участнику.', '', 'от 20 человек + 2', NULL, 0, 0, 'Сопровождение группы по маршруту, экскурсионное сопровождение, билеты во все музеи по программе, мастер-классы, программы, питание.', '', '2 сопровождающих группы – бесплатно посещение всех музеев и экскурсионных программ. Возможна корректировка тура.', '', '<div class="col-md-12">\r\n<table>\r\n<tbody>\r\n<tr>\r\n<td>День 1</td>\r\n<td></td>\r\n</tr>\r\n<tr>\r\n<td>\r\n<div class="ico-clock"></div>\r\n</td>\r\n<td>\r\n<div class="ico-clip"></div>\r\n</td>\r\n</tr>\r\n<tr>\r\n<td>\r\n<div class="time">9:00</div>\r\n</td>\r\n<td>Прибытие в Котельнич. Экскурсия по городу</td>\r\n</tr>\r\n<tr>\r\n<td>\r\n<div class="time">11:30</div>\r\n</td>\r\n<td>Палеонтологический музей с развлекательно-познавательной программой: экскурсия показ тематического фильма мастер-класс по препарации скелета ящера</td>\r\n</tr>\r\n<tr>\r\n<td>\r\n<div class="time">13:30</div>\r\n</td>\r\n<td>Обед в кафе</td>\r\n</tr>\r\n<tr>\r\n<td>\r\n<div class="time">14:30</div>\r\n</td>\r\n<td>Динопарк с экскурсионной программой</td>\r\n</tr>\r\n<tr>\r\n<td>\r\n<div class="time">16:00</div>\r\n</td>\r\n<td>Отправление из Котельнича</td>\r\n</tr>\r\n</tbody>\r\n</table>\r\n</div>', '', 469, 3, 1, 'dino_tur', 0, 1),
(7, 1, 'Раскопки динозавров', NULL, 1, 'Вы мечтали когда-нибудь стать учеными – путешественниками?! Присоединяйтесь к нам и Вы побываете на всемирно известном палеонтологическом памятнике. Возле г. Котельнич расположен уникальный во всем мире природный объект «Крупнейшее местонахождение ископаемых остатков древних рептилий пермского периода» (возраст 255-260 млн. лет). Раскопки, осуществляемые палеонтологическим музеем в течение 15 лет принесли сенсационные результаты и позволили создать уникальную коллекцию. За последние годы здесь обнаружено более 20 новых для науки видов ископаемых рептилий.\r\nВы увидите гигантское окаменевшее русло древней реки, высота песчаниковых скал составляет 60  метров, от этого русла остался лишь небольшой источник с чистейшей реликтовой «Живой» водой, не вероятно вкусной и полезной. Эту воду Вы можете попить и набрать с собой т.к. она целебная. А на вершине «Сокольей горы» расположено культовое место древних охотников – стоянка древнего человека эпохи энеолита (2- е тысячелетие до н.э.).\r\nВы сможете принять участие в поиске и раскопе скелетов древних рептилий населявших эту территорию миллионы лет назад!\r\n', '', 'от 20 человек + 2', NULL, 0, 0, 'Трансферт до Сокольей горы. Сопровождение группы по маршруту, экскурсионное сопровождение, билеты во все музеи по программе, мастер-классы, программы, питание.', '', '2 сопровождающих группы – бесплатно посещение всех музеев и экскурсионных программ. Возможна корректировка тура.', '', '<div class="col-md-12">\r\n<table>\r\n<tbody>\r\n<tr>\r\n<td>День 1</td>\r\n<td></td>\r\n</tr>\r\n<tr>\r\n<td>\r\n<div class="ico-clock"></div>\r\n</td>\r\n<td>\r\n<div class="ico-clip"></div>\r\n</td>\r\n</tr>\r\n<tr>\r\n<td>\r\n<div class="time">9:00</div>\r\n</td>\r\n<td>Прибытие в Котельнич</td>\r\n</tr>\r\n<tr>\r\n<td>\r\n<div class="time">10:00</div>\r\n</td>\r\n<td>Пешеходная экскурсия по городу, экскурсия в палеонтологическом музее с развлекательно-познавательной программой: экскурсия; показ тематического фильма; мастер-класс по препарации монолита;</td>\r\n</tr>\r\n<tr>\r\n<td>\r\n<div class="time">12:00</div>\r\n</td>\r\n<td>Обед в кафе</td>\r\n</tr>\r\n<tr>\r\n<td>\r\n<div class="time">14:00</div>\r\n</td>\r\n<td>Трансферт на государственный памятник природы "Котельничское местонахождение парейазавров" Экскурсия по пути следования к местонахождению; Экскурсия по аномальной зоне, встреча с очевидцами; Экскурсия на капище - стоянку древнего человека;</td>\r\n</tr>\r\n<tr>\r\n<td>\r\n<div class="time">16:00</div>\r\n</td>\r\n<td>Поисковая экспедиция Раскопки динозавра; Посвящение в палеонтологи. Развлекательная программа;</td>\r\n</tr>\r\n<tr>\r\n<td>\r\n<div class="time">17:30</div>\r\n</td>\r\n<td>Чаепитие. Отправление</td>\r\n</tr>\r\n</tbody>\r\n</table>\r\n</div>', '', 552, 4, 1, 'raskopki_dinozavrov', 1, 1);

-- --------------------------------------------------------

--
-- Структура таблицы `app_tour_category`
--

CREATE TABLE IF NOT EXISTS `app_tour_category` (
  `id_app_tour_category` int(8) NOT NULL AUTO_INCREMENT,
  `name_ru` varchar(255) NOT NULL COMMENT 'Название по русски',
  `name_en` varchar(255) DEFAULT NULL COMMENT 'Название по английски',
  `sequence` int(8) DEFAULT NULL COMMENT 'п/п',
  `state` tinyint(1) NOT NULL DEFAULT '1' COMMENT 'Видимость',
  PRIMARY KEY (`id_app_tour_category`)
) ENGINE=InnoDB  DEFAULT CHARSET=utf8 COMMENT='Категории туров' AUTO_INCREMENT=3 ;

--
-- Дамп данных таблицы `app_tour_category`
--

INSERT INTO `app_tour_category` (`id_app_tour_category`, `name_ru`, `name_en`, `sequence`, `state`) VALUES
(1, 'Детские', 'Children', 1, 1),
(2, 'Эксклюзивные', 'Exclusive', 2, 1);

-- --------------------------------------------------------

--
-- Структура таблицы `app_tour_interesting_assignment`
--

CREATE TABLE IF NOT EXISTS `app_tour_interesting_assignment` (
  `id_app_tour_interesting_assignment` int(8) NOT NULL AUTO_INCREMENT,
  `id_app_tour` int(8) NOT NULL COMMENT 'Тур',
  `id_app_interesting` int(8) NOT NULL COMMENT 'Это интересно',
  PRIMARY KEY (`id_app_tour_interesting_assignment`)
) ENGINE=InnoDB  DEFAULT CHARSET=utf8 COMMENT='Связь Туров и Это интересно' AUTO_INCREMENT=4 ;

--
-- Дамп данных таблицы `app_tour_interesting_assignment`
--

INSERT INTO `app_tour_interesting_assignment` (`id_app_tour_interesting_assignment`, `id_app_tour`, `id_app_interesting`) VALUES
(1, 6, 7),
(2, 7, 7),
(3, 6, 10);

-- --------------------------------------------------------

--
-- Структура таблицы `app_tour_order`
--

CREATE TABLE IF NOT EXISTS `app_tour_order` (
  `id_app_tour_order` int(8) NOT NULL AUTO_INCREMENT,
  `selected_tours` longtext NOT NULL COMMENT 'Туры',
  `wishes` longtext COMMENT 'Пожелания',
  `adults` int(8) DEFAULT NULL COMMENT 'Состав группы. Взрослых',
  `young_children` int(8) DEFAULT NULL COMMENT 'Дети до 5 лет',
  `older_children` int(8) DEFAULT NULL COMMENT 'Дети старше 5 лет',
  `name` varchar(255) NOT NULL COMMENT 'Имя',
  `email` varchar(255) NOT NULL COMMENT 'E-mail',
  `datetime` int(10) unsigned DEFAULT NULL COMMENT 'Дата заказа',
  `phone` varchar(255) DEFAULT NULL COMMENT 'Телефон',
  PRIMARY KEY (`id_app_tour_order`)
) ENGINE=InnoDB  DEFAULT CHARSET=utf8 COMMENT='Заказы туров' AUTO_INCREMENT=20 ;

--
-- Дамп данных таблицы `app_tour_order`
--

INSERT INTO `app_tour_order` (`id_app_tour_order`, `selected_tours`, `wishes`, `adults`, `young_children`, `older_children`, `name`, `email`, `datetime`, `phone`) VALUES
(12, 'Раскопки динозавров', 'ыкертвкет', 1, NULL, 4, 'кервке', 'rtrth@ge.rr', 1412238234, NULL),
(13, 'Раскопки динозавров', 'привет приветл.лдтлыдТВЛОВТДУЦЛОРДОРДУКЦРОДШ', 1, 2, 4, 'МИХАИЛ', '250-148@mail.ru', 1413401231, NULL),
(14, 'По следам динозавров', 'Привет', 3, 2, 20, 'Михаил', '250-148@mail.ru', 1413558521, NULL),
(15, 'По следам динозавров', 'dfdfddrs', 2, 2, 5, 'vМихаил', '250-148@mail.ru', 1413826957, NULL),
(16, 'Еще один тур', 'вот', 6, 6, 3, 'миха', '250-148@mail.ru', 1413828175, NULL),
(17, 'По следам динозавров', '', NULL, NULL, NULL, 'ergser', 'фцукпаыуфк', 1413879863, 'телефон 214'),
(18, 'Еще один тур', 'вот', 1, 3, 3, 'михаил', '250-148@mail.ru', 1413917004, '89670500047'),
(19, 'Раскопки динозавров', 'Все что можно проверка с айфона', 2, 4, 3, 'Это я', '250-148@mail.ru', 1414227573, '89670500047');

-- --------------------------------------------------------

--
-- Структура таблицы `app_tour_selection`
--

CREATE TABLE IF NOT EXISTS `app_tour_selection` (
  `id_app_tour_selection` int(8) NOT NULL AUTO_INCREMENT,
  `name` varchar(255) NOT NULL COMMENT 'Фамилия Имя',
  `planned_date` int(10) unsigned DEFAULT NULL COMMENT 'Планируемая дата прибытия',
  `days_stay` int(8) DEFAULT NULL COMMENT 'Планируемое количество дней пребывания',
  `town_out` varchar(255) DEFAULT NULL COMMENT 'Из какого населенного пункта Вы планируете выезд',
  `plan_get` longtext COMMENT 'Каким образом планируете добраться',
  `full_years` int(8) DEFAULT NULL COMMENT 'Сколько вам полных лет',
  `composition_group` longtext COMMENT 'Сколько человек в вашей группе и какого они возраста',
  `young_children` int(8) DEFAULT NULL COMMENT 'Сколько детей в возрасте до 5 лет',
  `pets_with` tinyint(1) NOT NULL DEFAULT '0' COMMENT 'Имеются ли с собой домашние животные',
  `insurance_with` tinyint(1) NOT NULL DEFAULT '0' COMMENT 'Имеется ли у Вас страховка от несчастных случаев',
  `tourism_prefer` longtext COMMENT 'Какой вид туризма вы предпочитаете',
  `our_tours` longtext COMMENT 'Вы что-то уже выбрали из наших туров',
  `wishes` longtext COMMENT 'Что бы Вы еще хотели увидеть, Ваши пожелания',
  `phone` varchar(255) DEFAULT NULL COMMENT 'Ваш контактный телефон для обратной связи',
  `additional_phone` varchar(255) DEFAULT NULL COMMENT 'Если есть дополнительный контактный номер',
  `email` varchar(255) NOT NULL COMMENT 'Ваш адрес электронной почты',
  `datetime` int(10) unsigned DEFAULT NULL COMMENT 'Дата заявки',
  `processed` tinyint(1) NOT NULL DEFAULT '0' COMMENT 'Обработано',
  PRIMARY KEY (`id_app_tour_selection`)
) ENGINE=InnoDB  DEFAULT CHARSET=utf8 COMMENT='Подбор тура' AUTO_INCREMENT=10 ;

--
-- Дамп данных таблицы `app_tour_selection`
--

INSERT INTO `app_tour_selection` (`id_app_tour_selection`, `name`, `planned_date`, `days_stay`, `town_out`, `plan_get`, `full_years`, `composition_group`, `young_children`, `pets_with`, `insurance_with`, `tourism_prefer`, `our_tours`, `wishes`, `phone`, `additional_phone`, `email`, `datetime`, `processed`) VALUES
(5, 'Денис', 1412193600, 2, 'Киров', 'Такси', 28, '3 разного возраста', 3, 0, 1, 'Оздоровительный, Экскурсионно-позновательный, Спортивный', 'По следам динозавров', '', '123451345', '', 'krvdns@mail.ru', 1412237979, 0),
(6, 'Михаил', 1416513600, 5, 'москва', 'пешком', 30, '2', 1, 1, 0, 'Экскурсионно-позновательный, Экстремальный', 'Раскопки динозавров', 'ппривет привер ждлтдть.ь.ь', '89670500047', 'да', '250-148@mail.ru', 1413401349, 0),
(7, 'михаил', 1412884800, 4, 'москва', 'пешком', 3, '5', 4, 0, 1, 'Оздоровительный', 'По следам динозавров', 'все', '89670500047', '89123789993', '250-148@mail.ru', 1413827041, 0),
(8, 'михаил', 1412798400, 7, 'москва', 'пешкои', 6, '89', 7, 1, 0, 'Религиозный', 'Еще один тур', 'вот', '89670500047', '', '250-148@mail.ru', 1413916884, 0),
(9, 'srtndrtn', 0, NULL, '', '', NULL, '', NULL, 0, 0, '', NULL, '&lt;script&gt;alert(1);&lt;/script&gt;', '', '', 'rtdrt@erg.er', 1416581123, 0);

-- --------------------------------------------------------

--
-- Структура таблицы `app_videoalbum`
--

CREATE TABLE IF NOT EXISTS `app_videoalbum` (
  `id_app_videoalbum` int(8) NOT NULL AUTO_INCREMENT,
  `url` varchar(255) NOT NULL COMMENT 'Ссылка на видео',
  `name_ru` varchar(255) NOT NULL COMMENT 'Название',
  `name_en` varchar(255) DEFAULT NULL COMMENT 'Название (по английски)',
  `visible` tinyint(1) NOT NULL DEFAULT '1' COMMENT 'Видимость',
  `sequence` int(8) DEFAULT NULL COMMENT 'п/п',
  PRIMARY KEY (`id_app_videoalbum`)
) ENGINE=InnoDB  DEFAULT CHARSET=utf8 COMMENT='Видоальбом' AUTO_INCREMENT=13 ;

--
-- Дамп данных таблицы `app_videoalbum`
--

INSERT INTO `app_videoalbum` (`id_app_videoalbum`, `url`, `name_ru`, `name_en`, `visible`, `sequence`) VALUES
(3, 'http://youtube.com/watch?v=fSQoXxU1PLc', '5 канал о Котельниче', NULL, 1, 3),
(4, 'http://youtube.com/watch?v=1iIBVV7ObFc', 'Вся правда о Вятке', NULL, 1, 4),
(5, 'http://youtube.com/watch?v=-1TbZpbuiS4', 'Первый канал о Котельниче', NULL, 1, 5),
(6, 'http://youtube.com/watch?v=Tg_tsLajidk', 'Кировская область', NULL, 1, 6),
(7, 'http://youtube.com/watch?v=zhwvqE4Z-eo', 'Фильм о Котельниче', NULL, 1, 7),
(8, 'https://www.youtube.com/watch?v=ABJCZ_7S-jE', 'Озеро Шайтан', 'lake Shaitan', 1, 8),
(9, 'https://www.youtube.com/watch?v=rvLE0TICL3c', 'Жуковлянские валуны', 'Jakovleska boulders', 1, 9),
(10, 'https://www.youtube.com/watch?v=kv9JUYpkn4Q#t=64', 'Скалы на реке Немда', 'Rocks on the river Nemda', 1, 10),
(11, 'https://www.youtube.com/watch?v=6otc0Pwn93E#t=14', 'Котельничские парейазавры', 'Kotelnich pareiasaur', 1, 11),
(12, 'https://www.youtube.com/watch?v=MVcvg45ncs4', 'Соколья гора - аномалия или мистика?', 'Sokolyi mountain anomaly or mysticism?', 1, 12);

-- --------------------------------------------------------

--
-- Структура таблицы `app_watermark`
--

CREATE TABLE IF NOT EXISTS `app_watermark` (
  `watermark_image` int(8) NOT NULL,
  `id_app_watermark` int(8) NOT NULL AUTO_INCREMENT,
  `id_object` int(8) NOT NULL COMMENT 'Применить к',
  PRIMARY KEY (`id_app_watermark`)
) ENGINE=InnoDB  DEFAULT CHARSET=utf8 COMMENT='Водные знаки' AUTO_INCREMENT=3 ;

--
-- Дамп данных таблицы `app_watermark`
--

INSERT INTO `app_watermark` (`watermark_image`, `id_app_watermark`, `id_object`) VALUES
(172, 1, 2),
(174, 2, 1);

-- --------------------------------------------------------

--
-- Структура таблицы `da_auth_assignment`
--

CREATE TABLE IF NOT EXISTS `da_auth_assignment` (
  `itemname` varchar(64) NOT NULL,
  `userid` varchar(64) NOT NULL,
  `bizrule` text,
  `data` text,
  PRIMARY KEY (`itemname`,`userid`)
) ENGINE=InnoDB DEFAULT CHARSET=utf8;

--
-- Дамп данных таблицы `da_auth_assignment`
--

INSERT INTO `da_auth_assignment` (`itemname`, `userid`, `bizrule`, `data`) VALUES
('dev', '106', NULL, 'N;'),
('editor', '107', NULL, 'N;');

-- --------------------------------------------------------

--
-- Структура таблицы `da_auth_item`
--

CREATE TABLE IF NOT EXISTS `da_auth_item` (
  `name` varchar(64) NOT NULL,
  `type` int(11) NOT NULL,
  `description` text,
  `bizrule` text,
  `data` text,
  PRIMARY KEY (`name`)
) ENGINE=InnoDB DEFAULT CHARSET=utf8;

--
-- Дамп данных таблицы `da_auth_item`
--

INSERT INTO `da_auth_item` (`name`, `type`, `description`, `bizrule`, `data`) VALUES
('create_object_101', 0, 'Операция создание экземпляра объекта Наборы модулей', NULL, 'N;'),
('create_object_103', 0, 'Операция создание экземпляра объекта Модули сайта', NULL, 'N;'),
('create_object_105', 0, 'Операция создание экземпляра объекта Голосование', NULL, 'N;'),
('create_object_106', 0, 'Операция создание экземпляра объекта Ответы на голосование', NULL, 'N;'),
('create_object_20', 0, 'Операция создание экземпляра объекта Объекты', NULL, 'N;'),
('create_object_21', 0, 'Операция создание экземпляра объекта Свойства объекта', NULL, 'N;'),
('create_object_22', 0, 'Операция создания для объекта Типы данных', NULL, 'N;'),
('create_object_23', 0, 'Операция создание экземпляра объекта Группы пользователей', NULL, 'N;'),
('create_object_24', 0, 'Операция создание экземпляра объекта Пользователи', NULL, 'N;'),
('create_object_250', 0, 'Операция создание экземпляра объекта Комментарии', NULL, 'N;'),
('create_object_26', 0, 'Операция создание экземпляра объекта Права доступа', NULL, 'N;'),
('create_object_260', 0, 'Операция создание экземпляра объекта Баннеры', NULL, 'N;'),
('create_object_261', 0, 'Операция создание экземпляра объекта Баннерные места', NULL, 'N;'),
('create_object_27', 0, 'Операция создание экземпляра объекта Справочники', NULL, 'N;'),
('create_object_28', 0, 'Операция создание экземпляра объекта Значения справочника', NULL, 'N;'),
('create_object_30', 0, 'Операция создание экземпляра объекта Настройки сайта', NULL, 'N;'),
('create_object_31', 0, 'Операция создание экземпляра объекта Домены сайта', NULL, 'N;'),
('create_object_33', 0, 'Операция создание экземпляра объекта Формат сообщения', NULL, 'N;'),
('create_object_34', 0, 'Операция создание экземпляра объекта Подписчики на события', NULL, 'N;'),
('create_object_35', 0, 'Операция создание экземпляра объекта Тип события', NULL, 'N;'),
('create_object_47', 0, 'Операция создание экземпляра объекта Права пользователей', NULL, 'N;'),
('create_object_50', 0, 'Операция создание экземпляра объекта Почтовые аккаунты', NULL, 'N;'),
('create_object_500', 0, 'Операция создание экземпляра объекта Фотогалереи', NULL, 'N;'),
('create_object_501', 0, 'Операция создание экземпляра объекта Фотографии', NULL, 'N;'),
('create_object_502', 0, 'Операция создание экземпляра объекта Новости', NULL, 'N;'),
('create_object_503', 0, 'Операция создание экземпляра объекта Категории новостей', NULL, 'N;'),
('create_object_505', 0, 'Операция создание экземпляра объекта Вопрос', NULL, 'N;'),
('create_object_506', 0, 'Операция создание экземпляра объекта Ответ', NULL, 'N;'),
('create_object_507', 0, 'Операция создание экземпляра объекта Отвечающий', NULL, 'N;'),
('create_object_508', 0, 'Операция создание экземпляра объекта Специализация отвечающего', NULL, 'N;'),
('create_object_509', 0, 'Операция создание экземпляра объекта Категории продукции', NULL, 'N;'),
('create_object_51', 0, 'Операция создание экземпляра объекта Планировщик', NULL, 'N;'),
('create_object_511', 0, 'Операция создание экземпляра объекта Продукция', NULL, 'N;'),
('create_object_512', 0, 'Операция создание экземпляра объекта Вопрос-ответ', NULL, 'N;'),
('create_object_513', 0, 'Операция создание экземпляра объекта OpenID провайдер', NULL, 'N;'),
('create_object_514', 0, 'Операция создание экземпляра объекта OpenId аккаунты', NULL, 'N;'),
('create_object_517', 0, 'Операция создание экземпляра объекта Обратная связь', NULL, 'N;'),
('create_object_520', 0, 'Операция создание экземпляра объекта Витрина', NULL, 'N;'),
('create_object_521', 0, 'Операция создание экземпляра объекта Викторины', NULL, 'N;'),
('create_object_522', 0, 'Операция создание экземпляра объекта Вопросы викторины', NULL, 'N;'),
('create_object_523', 0, 'Операция создание экземпляра объекта Варианты ответов', NULL, 'N;'),
('create_object_524', 0, 'Операция создание экземпляра объекта Ответ пользователя', NULL, 'N;'),
('create_object_525', 0, 'Операция создание экземпляра объекта Брэнды', NULL, 'N;'),
('create_object_529', 0, 'Операция создание экземпляра объекта Статусы остатка продукции', NULL, 'N;'),
('create_object_530', 0, 'Операция создание экземпляра объекта Отзывы клиентов', NULL, 'N;'),
('create_object_54', 0, 'Операция создание экземпляра объекта Доступные локализации', NULL, 'N;'),
('create_object_61', 0, 'Операция создание экземпляра объекта Инструкции', NULL, 'N;'),
('create_object_63', 0, 'Операция создание экземпляра объекта Представление', NULL, 'N;'),
('create_object_66', 0, 'Операция создание экземпляра объекта Колонка представления', NULL, 'N;'),
('create_object_80', 0, 'Операция создание экземпляра объекта php-скрипты', NULL, 'N;'),
('create_object_86', 0, 'Операция создание экземпляра объекта Интерфейс php-скрипта', NULL, 'N;'),
('create_object_project-bloki---ssylki-na-glavnoi', 0, 'Операция создания для объекта Блоки - ссылки на главной', NULL, 'N;'),
('create_object_project-bloki-kontenta', 0, 'Операция создания для объекта Блоки контента', NULL, 'N;'),
('create_object_project-eto-interesno', 0, 'Операция создания для объекта Это интересно', NULL, 'N;'),
('create_object_project-forma-obratnoi-svyazi', 0, 'Операция создания для объекта Форма обратной связи', NULL, 'N;'),
('create_object_project-forma-zakaza-zvonka', 0, 'Операция создания для объекта Форма заказа звонка', NULL, 'N;'),
('create_object_project-fotoalbomy', 0, 'Операция создания для объекта Фотоальбомы', NULL, 'N;'),
('create_object_project-kategorii-eto-interesno', 0, 'Операция создания для объекта Категории это интересно', NULL, 'N;'),
('create_object_project-kategorii-suvenirov', 0, 'Операция создания для объекта Категории сувениров', NULL, 'N;'),
('create_object_project-kategorii-turov', 0, 'Операция создания для объекта Категории туров', NULL, 'N;'),
('create_object_project-kontakty', 0, 'Операция создания для объекта Контакты', NULL, 'N;'),
('create_object_project-otzyvy', 0, 'Операция создания для объекта Отзывы', NULL, 'N;'),
('create_object_project-podbor-tura', 0, 'Операция создания для объекта Подбор тура', NULL, 'N;'),
('create_object_project-suveniry', 0, 'Операция создания для объекта Сувениры', NULL, 'N;'),
('create_object_project-svyaz-eto-interesno-i-kategorii', 0, 'Операция создания для объекта Связь Это интересно и Категорий', NULL, 'N;'),
('create_object_project-svyaz-turov-i-eto-interesno', 0, 'Операция создания для объекта Связь Туров и Это интересно', NULL, 'N;'),
('create_object_project-tury', 0, 'Операция создания для объекта Туры', NULL, 'N;'),
('create_object_project-vidoalbom', 0, 'Операция создания для объекта Видоальбом', NULL, 'N;'),
('create_object_project-vodnye-znaki', 0, 'Операция создания для объекта Водные знаки', NULL, 'N;'),
('create_object_project-zakaz-suvenira', 0, 'Операция создания для объекта Заказ сувенира', NULL, 'N;'),
('create_object_project-zakazy-turov', 0, 'Операция создания для объекта Заказы туров', NULL, 'N;'),
('create_object_ygin-menu', 0, 'Операция создания для объекта Меню', NULL, 'N;'),
('create_object_ygin-views-generator', 0, 'Операция создания для объекта Генерация вьюхи', NULL, 'N;'),
('delete_object_101', 0, 'Операция удаления экземпляра объекта Наборы модулей', NULL, 'N;'),
('delete_object_103', 0, 'Операция удаления экземпляра объекта Модули сайта', NULL, 'N;'),
('delete_object_105', 0, 'Операция удаления экземпляра объекта Голосование', NULL, 'N;'),
('delete_object_106', 0, 'Операция удаления экземпляра объекта Ответы на голосование', NULL, 'N;'),
('delete_object_20', 0, 'Операция удаления экземпляра объекта Объекты', NULL, 'N;'),
('delete_object_21', 0, 'Операция удаления экземпляра объекта Свойства объекта', NULL, 'N;'),
('delete_object_22', 0, 'Операция удаления для объекта Типы данных', NULL, 'N;'),
('delete_object_23', 0, 'Операция удаления экземпляра объекта Группы пользователей', NULL, 'N;'),
('delete_object_24', 0, 'Операция удаления экземпляра объекта Пользователи', NULL, 'N;'),
('delete_object_250', 0, 'Операция удаления экземпляра объекта Комментарии', NULL, 'N;'),
('delete_object_26', 0, 'Операция удаления экземпляра объекта Права доступа', NULL, 'N;'),
('delete_object_260', 0, 'Операция удаления экземпляра объекта Баннеры', NULL, 'N;'),
('delete_object_261', 0, 'Операция удаления экземпляра объекта Баннерные места', NULL, 'N;'),
('delete_object_27', 0, 'Операция удаления экземпляра объекта Справочники', NULL, 'N;'),
('delete_object_28', 0, 'Операция удаления экземпляра объекта Значения справочника', NULL, 'N;'),
('delete_object_30', 0, 'Операция удаления экземпляра объекта Настройки сайта', NULL, 'N;'),
('delete_object_33', 0, 'Операция удаления экземпляра объекта Формат сообщения', NULL, 'N;'),
('delete_object_34', 0, 'Операция удаления экземпляра объекта Подписчики на события', NULL, 'N;'),
('delete_object_35', 0, 'Операция удаления экземпляра объекта Тип события', NULL, 'N;'),
('delete_object_47', 0, 'Операция удаления экземпляра объекта Права пользователей', NULL, 'N;'),
('delete_object_50', 0, 'Операция удаления экземпляра объекта Почтовые аккаунты', NULL, 'N;'),
('delete_object_500', 0, 'Операция удаления экземпляра объекта Фотогалереи', NULL, 'N;'),
('delete_object_501', 0, 'Операция удаления экземпляра объекта Фотографии', NULL, 'N;'),
('delete_object_502', 0, 'Операция удаления экземпляра объекта Новости', NULL, 'N;'),
('delete_object_503', 0, 'Операция удаления экземпляра объекта Категории новостей', NULL, 'N;'),
('delete_object_505', 0, 'Операция удаления экземпляра объекта Вопрос', NULL, 'N;'),
('delete_object_506', 0, 'Операция удаления экземпляра объекта Ответ', NULL, 'N;'),
('delete_object_507', 0, 'Операция удаления экземпляра объекта Отвечающий', NULL, 'N;'),
('delete_object_508', 0, 'Операция удаления экземпляра объекта Специализация отвечающего', NULL, 'N;'),
('delete_object_509', 0, 'Операция удаления экземпляра объекта Категории продукции', NULL, 'N;'),
('delete_object_51', 0, 'Операция удаления экземпляра объекта Планировщик', NULL, 'N;'),
('delete_object_511', 0, 'Операция удаления экземпляра объекта Продукция', NULL, 'N;'),
('delete_object_512', 0, 'Операция удаления экземпляра объекта Вопрос-ответ', NULL, 'N;'),
('delete_object_513', 0, 'Операция удаления экземпляра объекта OpenID провайдер', NULL, 'N;'),
('delete_object_514', 0, 'Операция удаления экземпляра объекта OpenId аккаунты', NULL, 'N;'),
('delete_object_517', 0, 'Операция удаления экземпляра объекта Обратная связь', NULL, 'N;'),
('delete_object_519', 0, 'Операция удаления экземпляра объекта Заказы пользователей', NULL, 'N;'),
('delete_object_520', 0, 'Операция удаления экземпляра объекта Витрина', NULL, 'N;'),
('delete_object_521', 0, 'Операция удаления экземпляра объекта Викторины', NULL, 'N;'),
('delete_object_522', 0, 'Операция удаления экземпляра объекта Вопросы викторины', NULL, 'N;'),
('delete_object_523', 0, 'Операция удаления экземпляра объекта Варианты ответов', NULL, 'N;'),
('delete_object_524', 0, 'Операция удаления экземпляра объекта Ответ пользователя', NULL, 'N;'),
('delete_object_525', 0, 'Операция удаления экземпляра объекта Брэнды', NULL, 'N;'),
('delete_object_529', 0, 'Операция удаления экземпляра объекта Статусы остатка продукции', NULL, 'N;'),
('delete_object_530', 0, 'Операция удаления экземпляра объекта Отзывы клиентов', NULL, 'N;'),
('delete_object_531', 0, 'Операция удаления экземпляра объекта Уведомления', NULL, 'N;'),
('delete_object_54', 0, 'Операция удаления экземпляра объекта Доступные локализации', NULL, 'N;'),
('delete_object_61', 0, 'Операция удаления экземпляра объекта Инструкции', NULL, 'N;'),
('delete_object_63', 0, 'Операция удаления экземпляра объекта Представление', NULL, 'N;'),
('delete_object_66', 0, 'Операция удаления экземпляра объекта Колонка представления', NULL, 'N;'),
('delete_object_80', 0, 'Операция удаления экземпляра объекта php-скрипты', NULL, 'N;'),
('delete_object_86', 0, 'Операция удаления экземпляра объекта Интерфейс php-скрипта', NULL, 'N;'),
('delete_object_project-bloki---ssylki-na-glavnoi', 0, 'Операция удаления для объекта Блоки - ссылки на главной', NULL, 'N;'),
('delete_object_project-bloki-kontenta', 0, 'Операция удаления для объекта Блоки контента', NULL, 'N;'),
('delete_object_project-eto-interesno', 0, 'Операция удаления для объекта Это интересно', NULL, 'N;'),
('delete_object_project-forma-obratnoi-svyazi', 0, 'Операция удаления для объекта Форма обратной связи', NULL, 'N;'),
('delete_object_project-forma-zakaza-zvonka', 0, 'Операция удаления для объекта Форма заказа звонка', NULL, 'N;'),
('delete_object_project-fotoalbomy', 0, 'Операция удаления для объекта Фотоальбомы', NULL, 'N;'),
('delete_object_project-kategorii-eto-interesno', 0, 'Операция удаления для объекта Категории это интересно', NULL, 'N;'),
('delete_object_project-kategorii-suvenirov', 0, 'Операция удаления для объекта Категории сувениров', NULL, 'N;'),
('delete_object_project-kategorii-turov', 0, 'Операция удаления для объекта Категории туров', NULL, 'N;'),
('delete_object_project-kontakty', 0, 'Операция удаления для объекта Контакты', NULL, 'N;'),
('delete_object_project-otzyvy', 0, 'Операция удаления для объекта Отзывы', NULL, 'N;'),
('delete_object_project-podbor-tura', 0, 'Операция удаления для объекта Подбор тура', NULL, 'N;'),
('delete_object_project-suveniry', 0, 'Операция удаления для объекта Сувениры', NULL, 'N;'),
('delete_object_project-svyaz-eto-interesno-i-kategorii', 0, 'Операция удаления для объекта Связь Это интересно и Категорий', NULL, 'N;'),
('delete_object_project-svyaz-turov-i-eto-interesno', 0, 'Операция удаления для объекта Связь Туров и Это интересно', NULL, 'N;'),
('delete_object_project-tury', 0, 'Операция удаления для объекта Туры', NULL, 'N;'),
('delete_object_project-vidoalbom', 0, 'Операция удаления для объекта Видоальбом', NULL, 'N;'),
('delete_object_project-vodnye-znaki', 0, 'Операция удаления для объекта Водные знаки', NULL, 'N;'),
('delete_object_project-zakaz-suvenira', 0, 'Операция удаления для объекта Заказ сувенира', NULL, 'N;'),
('delete_object_project-zakazy-turov', 0, 'Операция удаления для объекта Заказы туров', NULL, 'N;'),
('delete_object_ygin-invoice', 0, 'Операция удаления для объекта Счета', NULL, 'N;'),
('delete_object_ygin-menu', 0, 'Операция удаления для объекта Меню', NULL, 'N;'),
('delete_object_ygin-views-generator', 0, 'Операция удаления для объекта Генерация вьюхи', NULL, 'N;'),
('dev', 2, 'Разработчик', NULL, 'N;'),
('editor', 2, 'Редактор', NULL, 'N;'),
('edit_object_101', 0, 'Операция изменения экземпляра объекта Наборы модулей', NULL, 'N;'),
('edit_object_103', 0, 'Операция изменения экземпляра объекта Модули сайта', NULL, 'N;'),
('edit_object_105', 0, 'Операция изменения экземпляра объекта Голосование', NULL, 'N;'),
('edit_object_106', 0, 'Операция изменения экземпляра объекта Ответы на голосование', NULL, 'N;'),
('edit_object_20', 0, 'Операция изменения экземпляра объекта Объекты', NULL, 'N;'),
('edit_object_21', 0, 'Операция изменения экземпляра объекта Свойства объекта', NULL, 'N;'),
('edit_object_22', 0, 'Операция изменения для объекта Типы данных', NULL, 'N;'),
('edit_object_23', 0, 'Операция изменения экземпляра объекта Группы пользователей', NULL, 'N;'),
('edit_object_24', 0, 'Операция изменения экземпляра объекта Пользователи', NULL, 'N;'),
('edit_object_250', 0, 'Операция изменения экземпляра объекта Комментарии', NULL, 'N;'),
('edit_object_26', 0, 'Операция изменения экземпляра объекта Права доступа', NULL, 'N;'),
('edit_object_260', 0, 'Операция изменения экземпляра объекта Баннеры', NULL, 'N;'),
('edit_object_261', 0, 'Операция изменения экземпляра объекта Баннерные места', NULL, 'N;'),
('edit_object_27', 0, 'Операция изменения экземпляра объекта Справочники', NULL, 'N;'),
('edit_object_28', 0, 'Операция изменения экземпляра объекта Значения справочника', NULL, 'N;'),
('edit_object_29', 0, 'Операция изменения экземпляра объекта Группы системных параметров', NULL, 'N;'),
('edit_object_30', 0, 'Операция изменения экземпляра объекта Настройки сайта', NULL, 'N;'),
('edit_object_31', 0, 'Операция изменения экземпляра объекта Домены сайта', NULL, 'N;'),
('edit_object_33', 0, 'Операция изменения экземпляра объекта Формат сообщения', NULL, 'N;'),
('edit_object_34', 0, 'Операция изменения экземпляра объекта Подписчики на события', NULL, 'N;'),
('edit_object_35', 0, 'Операция изменения экземпляра объекта Тип события', NULL, 'N;'),
('edit_object_47', 0, 'Операция изменения экземпляра объекта Права пользователей', NULL, 'N;'),
('edit_object_50', 0, 'Операция изменения экземпляра объекта Почтовые аккаунты', NULL, 'N;'),
('edit_object_500', 0, 'Операция изменения экземпляра объекта Фотогалереи', NULL, 'N;'),
('edit_object_501', 0, 'Операция изменения экземпляра объекта Фотографии', NULL, 'N;'),
('edit_object_502', 0, 'Операция изменения экземпляра объекта Новости', NULL, 'N;'),
('edit_object_503', 0, 'Операция изменения экземпляра объекта Категории новостей', NULL, 'N;'),
('edit_object_505', 0, 'Операция изменения экземпляра объекта Вопрос', NULL, 'N;'),
('edit_object_506', 0, 'Операция изменения экземпляра объекта Ответ', NULL, 'N;'),
('edit_object_507', 0, 'Операция изменения экземпляра объекта Отвечающий', NULL, 'N;'),
('edit_object_508', 0, 'Операция изменения экземпляра объекта Специализация отвечающего', NULL, 'N;'),
('edit_object_509', 0, 'Операция изменения экземпляра объекта Категории продукции', NULL, 'N;'),
('edit_object_51', 0, 'Операция изменения экземпляра объекта Планировщик', NULL, 'N;'),
('edit_object_511', 0, 'Операция изменения экземпляра объекта Продукция', NULL, 'N;'),
('edit_object_512', 0, 'Операция изменения экземпляра объекта Вопрос-ответ', NULL, 'N;'),
('edit_object_513', 0, 'Операция изменения экземпляра объекта OpenID провайдер', NULL, 'N;'),
('edit_object_514', 0, 'Операция изменения экземпляра объекта OpenId аккаунты', NULL, 'N;'),
('edit_object_517', 0, 'Операция изменения экземпляра объекта Обратная связь', NULL, 'N;'),
('edit_object_519', 0, 'Операция изменения экземпляра объекта Заказы пользователей', NULL, 'N;'),
('edit_object_520', 0, 'Операция изменения экземпляра объекта Витрина', NULL, 'N;'),
('edit_object_521', 0, 'Операция изменения экземпляра объекта Викторины', NULL, 'N;'),
('edit_object_522', 0, 'Операция изменения экземпляра объекта Вопросы викторины', NULL, 'N;'),
('edit_object_523', 0, 'Операция изменения экземпляра объекта Варианты ответов', NULL, 'N;'),
('edit_object_524', 0, 'Операция изменения экземпляра объекта Ответ пользователя', NULL, 'N;'),
('edit_object_525', 0, 'Операция изменения экземпляра объекта Брэнды', NULL, 'N;'),
('edit_object_529', 0, 'Операция изменения экземпляра объекта Статусы остатка продукции', NULL, 'N;'),
('edit_object_530', 0, 'Операция изменения экземпляра объекта Отзывы клиентов', NULL, 'N;'),
('edit_object_531', 0, 'Операция изменения экземпляра объекта Уведомления', NULL, 'N;'),
('edit_object_54', 0, 'Операция изменения экземпляра объекта Доступные локализации', NULL, 'N;'),
('edit_object_61', 0, 'Операция изменения экземпляра объекта Инструкции', NULL, 'N;'),
('edit_object_63', 0, 'Операция изменения экземпляра объекта Представление', NULL, 'N;'),
('edit_object_66', 0, 'Операция изменения экземпляра объекта Колонка представления', NULL, 'N;'),
('edit_object_80', 0, 'Операция изменения экземпляра объекта php-скрипты', NULL, 'N;'),
('edit_object_86', 0, 'Операция изменения экземпляра объекта Интерфейс php-скрипта', NULL, 'N;'),
('edit_object_project-bloki---ssylki-na-glavnoi', 0, 'Операция изменения для объекта Блоки - ссылки на главной', NULL, 'N;'),
('edit_object_project-bloki-kontenta', 0, 'Операция изменения для объекта Блоки контента', NULL, 'N;'),
('edit_object_project-eto-interesno', 0, 'Операция изменения для объекта Это интересно', NULL, 'N;'),
('edit_object_project-forma-obratnoi-svyazi', 0, 'Операция изменения для объекта Форма обратной связи', NULL, 'N;'),
('edit_object_project-forma-zakaza-zvonka', 0, 'Операция изменения для объекта Форма заказа звонка', NULL, 'N;'),
('edit_object_project-fotoalbomy', 0, 'Операция изменения для объекта Фотоальбомы', NULL, 'N;'),
('edit_object_project-kategorii-eto-interesno', 0, 'Операция изменения для объекта Категории это интересно', NULL, 'N;'),
('edit_object_project-kategorii-suvenirov', 0, 'Операция изменения для объекта Категории сувениров', NULL, 'N;'),
('edit_object_project-kategorii-turov', 0, 'Операция изменения для объекта Категории туров', NULL, 'N;'),
('edit_object_project-kontakty', 0, 'Операция изменения для объекта Контакты', NULL, 'N;'),
('edit_object_project-otzyvy', 0, 'Операция изменения для объекта Отзывы', NULL, 'N;'),
('edit_object_project-podbor-tura', 0, 'Операция изменения для объекта Подбор тура', NULL, 'N;'),
('edit_object_project-suveniry', 0, 'Операция изменения для объекта Сувениры', NULL, 'N;'),
('edit_object_project-svyaz-eto-interesno-i-kategorii', 0, 'Операция изменения для объекта Связь Это интересно и Категорий', NULL, 'N;'),
('edit_object_project-svyaz-turov-i-eto-interesno', 0, 'Операция изменения для объекта Связь Туров и Это интересно', NULL, 'N;'),
('edit_object_project-tury', 0, 'Операция изменения для объекта Туры', NULL, 'N;'),
('edit_object_project-vidoalbom', 0, 'Операция изменения для объекта Видоальбом', NULL, 'N;'),
('edit_object_project-vodnye-znaki', 0, 'Операция изменения для объекта Водные знаки', NULL, 'N;'),
('edit_object_project-zakaz-suvenira', 0, 'Операция изменения для объекта Заказ сувенира', NULL, 'N;'),
('edit_object_project-zakazy-turov', 0, 'Операция изменения для объекта Заказы туров', NULL, 'N;'),
('edit_object_ygin-invoice', 0, 'Операция изменения для объекта Счета', NULL, 'N;'),
('edit_object_ygin-menu', 0, 'Операция изменения для объекта Меню', NULL, 'N;'),
('edit_object_ygin-views-generator', 0, 'Операция изменения для объекта Генерация вьюхи', NULL, 'N;'),
('list_object_101', 0, 'Просмотр списка данных объекта Наборы модулей', NULL, 'N;'),
('list_object_103', 0, 'Просмотр списка данных объекта Модули сайта', NULL, 'N;'),
('list_object_20', 0, 'Просмотр списка данных объекта Объекты', NULL, 'N;'),
('list_object_21', 0, 'Просмотр списка данных объекта Свойства объекта', NULL, 'N;'),
('list_object_22', 0, 'Просмотр списка данных объекта Типы данных', NULL, 'N;'),
('list_object_23', 0, 'Просмотр списка данных объекта Группы пользователей', NULL, 'N;'),
('list_object_24', 0, 'Просмотр списка данных объекта Пользователи', NULL, 'N;'),
('list_object_250', 0, 'Просмотр списка данных объекта Комментарии', NULL, 'N;'),
('list_object_26', 0, 'Просмотр списка данных объекта Права доступа', NULL, 'N;'),
('list_object_27', 0, 'Просмотр списка данных объекта Справочники', NULL, 'N;'),
('list_object_28', 0, 'Просмотр списка данных объекта Значения справочника', NULL, 'N;'),
('list_object_29', 0, 'Просмотр списка данных объекта Группы системных параметров', NULL, 'N;'),
('list_object_30', 0, 'Просмотр списка данных объекта Настройки сайта', NULL, 'N;'),
('list_object_31', 0, 'Просмотр списка данных объекта Домены сайта', NULL, 'N;'),
('list_object_32', 0, 'Просмотр списка данных объекта Настройка прав', NULL, 'N;'),
('list_object_33', 0, 'Просмотр списка данных объекта Формат сообщения', NULL, 'N;'),
('list_object_34', 0, 'Просмотр списка данных объекта Подписчики на события', NULL, 'N;'),
('list_object_35', 0, 'Просмотр списка данных объекта Тип события', NULL, 'N;'),
('list_object_43', 0, 'Просмотр списка данных объекта SQL', NULL, 'N;'),
('list_object_47', 0, 'Просмотр списка данных объекта Права пользователей', NULL, 'N;'),
('list_object_50', 0, 'Просмотр списка данных объекта Почтовые аккаунты', NULL, 'N;'),
('list_object_500', 0, 'Просмотр списка данных объекта Галерея', NULL, 'N;'),
('list_object_501', 0, 'Просмотр списка данных объекта Фотографии', NULL, 'N;'),
('list_object_502', 0, 'Просмотр списка данных объекта Новости', NULL, 'N;'),
('list_object_505', 0, 'Просмотр списка данных объекта Вопрос', NULL, 'N;'),
('list_object_506', 0, 'Просмотр списка данных объекта Ответ', NULL, 'N;'),
('list_object_507', 0, 'Просмотр списка данных объекта Отвечающий', NULL, 'N;'),
('list_object_508', 0, 'Просмотр списка данных объекта Специализация отвечающего', NULL, 'N;'),
('list_object_51', 0, 'Просмотр списка данных объекта Планировщик', NULL, 'N;'),
('list_object_513', 0, 'Просмотр списка данных объекта OpenID провайдер', NULL, 'N;'),
('list_object_514', 0, 'Просмотр списка данных объекта OpenId аккаунты', NULL, 'N;'),
('list_object_521', 0, 'Просмотр списка данных объекта Викторины', NULL, 'N;'),
('list_object_522', 0, 'Просмотр списка данных объекта Вопросы викторины', NULL, 'N;'),
('list_object_523', 0, 'Просмотр списка данных объекта Варианты ответов', NULL, 'N;'),
('list_object_524', 0, 'Просмотр списка данных объекта Ответ пользователя', NULL, 'N;'),
('list_object_528', 0, 'Управление объектом Плагины системы', NULL, 'N;'),
('list_object_531', 0, 'Просмотр списка данных объекта ид=531', NULL, 'N;'),
('list_object_54', 0, 'Просмотр списка данных объекта Доступные локализации', NULL, 'N;'),
('list_object_60', 0, 'Просмотр списка данных объекта Проверка файлов', NULL, 'N;'),
('list_object_61', 0, 'Просмотр списка данных объекта Инструкции', NULL, 'N;'),
('list_object_63', 0, 'Просмотр списка данных объекта Представление', NULL, 'N;'),
('list_object_66', 0, 'Просмотр списка данных объекта Колонка представления', NULL, 'N;'),
('list_object_80', 0, 'Просмотр списка данных объекта php-скрипты', NULL, 'N;'),
('list_object_86', 0, 'Просмотр списка данных объекта Интерфейс php-скрипта', NULL, 'N;'),
('list_object_89', 0, 'Просмотр списка данных объекта Очистить кэш', NULL, 'N;'),
('list_object_91', 0, 'Просмотр списка данных объекта Поисковый индекс', NULL, 'N;'),
('list_object_94', 0, 'Просмотр списка данных объекта Логи', NULL, 'N;'),
('list_object_a', 0, 'Просмотр списка данных объекта Фотографии', NULL, 'N;'),
('list_object_project-bloki---ssylki-na-glavnoi', 0, 'Просмотр списка данных объекта Блоки - ссылки на главной', NULL, 'N;'),
('list_object_project-bloki-kontenta', 0, 'Просмотр списка данных объекта Блоки контента', NULL, 'N;'),
('list_object_project-eto-interesno', 0, 'Просмотр списка данных объекта Это интересно', NULL, 'N;'),
('list_object_project-forma-obratnoi-svyazi', 0, 'Просмотр списка данных объекта Форма обратной связи', NULL, 'N;'),
('list_object_project-forma-zakaza-zvonka', 0, 'Просмотр списка данных объекта Форма заказа звонка', NULL, 'N;'),
('list_object_project-fotoalbomy', 0, 'Просмотр списка данных объекта Фотоальбомы', NULL, 'N;'),
('list_object_project-kategorii-eto-interesno', 0, 'Просмотр списка данных объекта Категории это интересно', NULL, 'N;'),
('list_object_project-kategorii-suvenirov', 0, 'Просмотр списка данных объекта Категории сувениров', NULL, 'N;'),
('list_object_project-kategorii-turov', 0, 'Просмотр списка данных объекта Категории туров', NULL, 'N;'),
('list_object_project-kontakty', 0, 'Просмотр списка данных объекта Контакты', NULL, 'N;'),
('list_object_project-otzyvy', 0, 'Просмотр списка данных объекта Отзывы', NULL, 'N;'),
('list_object_project-podbor-tura', 0, 'Просмотр списка данных объекта Подбор тура', NULL, 'N;'),
('list_object_project-suveniry', 0, 'Просмотр списка данных объекта Сувениры', NULL, 'N;'),
('list_object_project-svyaz-eto-interesno-i-kategorii', 0, 'Просмотр списка данных объекта Связь Это интересно и Категорий', NULL, 'N;'),
('list_object_project-svyaz-turov-i-eto-interesno', 0, 'Просмотр списка данных объекта Связь Туров и Это интересно', NULL, 'N;'),
('list_object_project-tury', 0, 'Просмотр списка данных объекта Туры', NULL, 'N;'),
('list_object_project-vidoalbom', 0, 'Просмотр списка данных объекта Видоальбом', NULL, 'N;'),
('list_object_project-vodnye-znaki', 0, 'Просмотр списка данных объекта Водные знаки', NULL, 'N;'),
('list_object_project-zakaz-suvenira', 0, 'Просмотр списка данных объекта Заказ сувенира', NULL, 'N;'),
('list_object_project-zakazy-turov', 0, 'Просмотр списка данных объекта Заказы туров', NULL, 'N;'),
('list_object_ygin-gii', 0, 'Просмотр списка данных объекта gii (debug=true)', NULL, 'N;'),
('list_object_ygin-invoice', 0, 'Просмотр списка данных объекта Счета', NULL, 'N;'),
('list_object_ygin-menu', 0, 'Просмотр списка данных объекта Меню', NULL, 'N;'),
('list_object_ygin-override', 0, 'Просмотр списка данных объекта Переопределение представлений (debug=true)', NULL, 'N;'),
('list_object_ygin-views-generator', 0, 'Просмотр списка данных объекта Генерация вьюхи', NULL, 'N;'),
('showAdminPanel', 0, 'доступ к админке', NULL, 'N;'),
('view_object_250', 0, 'Операция просмотра для объекта Комментарии', NULL, 'N;'),
('view_object_26', 0, 'Операция просмотра экземпляра объекта Права доступа', NULL, 'N;'),
('view_object_30', 0, 'Операция просмотра экземпляра объекта Настройки сайта', NULL, 'N;'),
('view_object_32', 0, 'Операция просмотра экземпляра объекта Настройка прав', NULL, 'N;'),
('view_object_43', 0, 'Операция просмотра экземпляра объекта SQL', NULL, 'N;'),
('view_object_529', 0, 'Операция просмотра экземпляра объекта Статусы остатка продукции', NULL, 'N;'),
('view_object_531', 0, 'Операция просмотра экземпляра объекта Уведомления', NULL, 'N;'),
('view_object_60', 0, 'Операция просмотра экземпляра объекта Проверка файлов', NULL, 'N;'),
('view_object_89', 0, 'Операция просмотра экземпляра объекта Очистить кэш', NULL, 'N;'),
('view_object_91', 0, 'Операция просмотра для объекта Поисковый индекс', NULL, 'N;'),
('view_object_94', 0, 'Операция просмотра экземпляра объекта Логи', NULL, 'N;'),
('view_object_project-bloki---ssylki-na-glavnoi', 0, 'Операция просмотра для объекта Блоки - ссылки на главной', NULL, 'N;'),
('view_object_project-bloki-kontenta', 0, 'Операция просмотра для объекта Блоки контента', NULL, 'N;'),
('view_object_project-eto-interesno', 0, 'Операция просмотра для объекта Это интересно', NULL, 'N;'),
('view_object_project-forma-obratnoi-svyazi', 0, 'Операция просмотра для объекта Форма обратной связи', NULL, 'N;'),
('view_object_project-forma-zakaza-zvonka', 0, 'Операция просмотра для объекта Форма заказа звонка', NULL, 'N;'),
('view_object_project-fotoalbomy', 0, 'Операция просмотра для объекта Фотоальбомы', NULL, 'N;'),
('view_object_project-kategorii-eto-interesno', 0, 'Операция просмотра для объекта Категории это интересно', NULL, 'N;'),
('view_object_project-kategorii-suvenirov', 0, 'Операция просмотра для объекта Категории сувениров', NULL, 'N;'),
('view_object_project-kategorii-turov', 0, 'Операция просмотра для объекта Категории туров', NULL, 'N;'),
('view_object_project-kontakty', 0, 'Операция просмотра для объекта Контакты', NULL, 'N;'),
('view_object_project-otzyvy', 0, 'Операция просмотра для объекта Отзывы', NULL, 'N;'),
('view_object_project-podbor-tura', 0, 'Операция просмотра для объекта Подбор тура', NULL, 'N;'),
('view_object_project-suveniry', 0, 'Операция просмотра для объекта Сувениры', NULL, 'N;'),
('view_object_project-svyaz-eto-interesno-i-kategorii', 0, 'Операция просмотра для объекта Связь Это интересно и Категорий', NULL, 'N;'),
('view_object_project-svyaz-turov-i-eto-interesno', 0, 'Операция просмотра для объекта Связь Туров и Это интересно', NULL, 'N;'),
('view_object_project-tury', 0, 'Операция просмотра для объекта Туры', NULL, 'N;'),
('view_object_project-vidoalbom', 0, 'Операция просмотра для объекта Видоальбом', NULL, 'N;'),
('view_object_project-vodnye-znaki', 0, 'Операция просмотра для объекта Водные знаки', NULL, 'N;'),
('view_object_project-zakaz-suvenira', 0, 'Операция просмотра для объекта Заказ сувенира', NULL, 'N;'),
('view_object_project-zakazy-turov', 0, 'Операция просмотра для объекта Заказы туров', NULL, 'N;'),
('view_object_ygin-gii', 0, 'Операция просмотра для объекта gii (debug=true)', NULL, 'N;'),
('view_object_ygin-override', 0, 'Операция просмотра для объекта Переопределение представлений (debug=true)', NULL, 'N;'),
('view_object_ygin-views-generator', 0, 'Операция просмотра для объекта Генерация вьюхи', NULL, 'N;');

-- --------------------------------------------------------

--
-- Структура таблицы `da_auth_item_child`
--

CREATE TABLE IF NOT EXISTS `da_auth_item_child` (
  `parent` varchar(64) NOT NULL,
  `child` varchar(64) NOT NULL,
  PRIMARY KEY (`parent`,`child`),
  KEY `child` (`child`)
) ENGINE=InnoDB DEFAULT CHARSET=utf8;

--
-- Дамп данных таблицы `da_auth_item_child`
--

INSERT INTO `da_auth_item_child` (`parent`, `child`) VALUES
('dev', 'create_object_105'),
('editor', 'create_object_105'),
('dev', 'create_object_106'),
('dev', 'create_object_20'),
('dev', 'create_object_21'),
('dev', 'create_object_22'),
('dev', 'create_object_23'),
('dev', 'create_object_24'),
('dev', 'create_object_26'),
('dev', 'create_object_260'),
('editor', 'create_object_260'),
('dev', 'create_object_261'),
('dev', 'create_object_27'),
('dev', 'create_object_28'),
('dev', 'create_object_30'),
('dev', 'create_object_31'),
('dev', 'create_object_33'),
('dev', 'create_object_34'),
('dev', 'create_object_35'),
('dev', 'create_object_47'),
('dev', 'create_object_50'),
('dev', 'create_object_500'),
('editor', 'create_object_500'),
('dev', 'create_object_501'),
('editor', 'create_object_501'),
('dev', 'create_object_502'),
('editor', 'create_object_502'),
('dev', 'create_object_503'),
('editor', 'create_object_503'),
('dev', 'create_object_505'),
('editor', 'create_object_505'),
('dev', 'create_object_506'),
('editor', 'create_object_506'),
('dev', 'create_object_507'),
('editor', 'create_object_507'),
('dev', 'create_object_508'),
('editor', 'create_object_508'),
('dev', 'create_object_509'),
('editor', 'create_object_509'),
('dev', 'create_object_51'),
('dev', 'create_object_511'),
('editor', 'create_object_511'),
('dev', 'create_object_512'),
('editor', 'create_object_512'),
('dev', 'create_object_513'),
('dev', 'create_object_514'),
('editor', 'create_object_514'),
('dev', 'create_object_517'),
('editor', 'create_object_517'),
('dev', 'create_object_520'),
('editor', 'create_object_520'),
('dev', 'create_object_521'),
('dev', 'create_object_522'),
('dev', 'create_object_523'),
('dev', 'create_object_524'),
('dev', 'create_object_525'),
('editor', 'create_object_525'),
('dev', 'create_object_529'),
('editor', 'create_object_529'),
('dev', 'create_object_530'),
('editor', 'create_object_530'),
('dev', 'create_object_61'),
('dev', 'create_object_63'),
('dev', 'create_object_66'),
('dev', 'create_object_80'),
('dev', 'create_object_86'),
('dev', 'create_object_project-bloki---ssylki-na-glavnoi'),
('editor', 'create_object_project-bloki---ssylki-na-glavnoi'),
('dev', 'create_object_project-bloki-kontenta'),
('editor', 'create_object_project-bloki-kontenta'),
('dev', 'create_object_project-eto-interesno'),
('editor', 'create_object_project-eto-interesno'),
('dev', 'create_object_project-forma-obratnoi-svyazi'),
('editor', 'create_object_project-forma-obratnoi-svyazi'),
('dev', 'create_object_project-forma-zakaza-zvonka'),
('editor', 'create_object_project-forma-zakaza-zvonka'),
('dev', 'create_object_project-fotoalbomy'),
('editor', 'create_object_project-fotoalbomy'),
('dev', 'create_object_project-kategorii-eto-interesno'),
('editor', 'create_object_project-kategorii-eto-interesno'),
('dev', 'create_object_project-kategorii-suvenirov'),
('editor', 'create_object_project-kategorii-suvenirov'),
('dev', 'create_object_project-kategorii-turov'),
('editor', 'create_object_project-kategorii-turov'),
('dev', 'create_object_project-kontakty'),
('dev', 'create_object_project-otzyvy'),
('editor', 'create_object_project-otzyvy'),
('dev', 'create_object_project-podbor-tura'),
('editor', 'create_object_project-podbor-tura'),
('dev', 'create_object_project-suveniry'),
('editor', 'create_object_project-suveniry'),
('dev', 'create_object_project-svyaz-eto-interesno-i-kategorii'),
('editor', 'create_object_project-svyaz-eto-interesno-i-kategorii'),
('dev', 'create_object_project-svyaz-turov-i-eto-interesno'),
('editor', 'create_object_project-svyaz-turov-i-eto-interesno'),
('dev', 'create_object_project-tury'),
('editor', 'create_object_project-tury'),
('dev', 'create_object_project-vidoalbom'),
('editor', 'create_object_project-vidoalbom'),
('dev', 'create_object_project-vodnye-znaki'),
('editor', 'create_object_project-vodnye-znaki'),
('dev', 'create_object_ygin-menu'),
('editor', 'create_object_ygin-menu'),
('dev', 'create_object_ygin-views-generator'),
('editor', 'create_object_ygin-views-generator'),
('dev', 'delete_object_105'),
('editor', 'delete_object_105'),
('dev', 'delete_object_106'),
('dev', 'delete_object_20'),
('dev', 'delete_object_21'),
('dev', 'delete_object_22'),
('dev', 'delete_object_23'),
('dev', 'delete_object_24'),
('dev', 'delete_object_26'),
('dev', 'delete_object_260'),
('editor', 'delete_object_260'),
('dev', 'delete_object_261'),
('dev', 'delete_object_27'),
('dev', 'delete_object_28'),
('dev', 'delete_object_30'),
('dev', 'delete_object_33'),
('dev', 'delete_object_34'),
('dev', 'delete_object_35'),
('dev', 'delete_object_47'),
('dev', 'delete_object_50'),
('dev', 'delete_object_500'),
('editor', 'delete_object_500'),
('dev', 'delete_object_501'),
('editor', 'delete_object_501'),
('dev', 'delete_object_502'),
('editor', 'delete_object_502'),
('dev', 'delete_object_503'),
('editor', 'delete_object_503'),
('dev', 'delete_object_505'),
('editor', 'delete_object_505'),
('dev', 'delete_object_506'),
('editor', 'delete_object_506'),
('dev', 'delete_object_507'),
('editor', 'delete_object_507'),
('dev', 'delete_object_508'),
('editor', 'delete_object_508'),
('dev', 'delete_object_509'),
('editor', 'delete_object_509'),
('dev', 'delete_object_51'),
('dev', 'delete_object_511'),
('editor', 'delete_object_511'),
('dev', 'delete_object_512'),
('editor', 'delete_object_512'),
('dev', 'delete_object_513'),
('dev', 'delete_object_514'),
('editor', 'delete_object_514'),
('dev', 'delete_object_517'),
('editor', 'delete_object_517'),
('dev', 'delete_object_519'),
('dev', 'delete_object_520'),
('editor', 'delete_object_520'),
('dev', 'delete_object_521'),
('dev', 'delete_object_522'),
('dev', 'delete_object_523'),
('dev', 'delete_object_524'),
('dev', 'delete_object_525'),
('editor', 'delete_object_525'),
('dev', 'delete_object_529'),
('editor', 'delete_object_529'),
('dev', 'delete_object_530'),
('editor', 'delete_object_530'),
('dev', 'delete_object_531'),
('dev', 'delete_object_61'),
('dev', 'delete_object_63'),
('dev', 'delete_object_66'),
('dev', 'delete_object_80'),
('dev', 'delete_object_86'),
('dev', 'delete_object_project-bloki---ssylki-na-glavnoi'),
('editor', 'delete_object_project-bloki---ssylki-na-glavnoi'),
('dev', 'delete_object_project-bloki-kontenta'),
('editor', 'delete_object_project-bloki-kontenta'),
('dev', 'delete_object_project-eto-interesno'),
('editor', 'delete_object_project-eto-interesno'),
('dev', 'delete_object_project-forma-obratnoi-svyazi'),
('editor', 'delete_object_project-forma-obratnoi-svyazi'),
('dev', 'delete_object_project-forma-zakaza-zvonka'),
('editor', 'delete_object_project-forma-zakaza-zvonka'),
('dev', 'delete_object_project-fotoalbomy'),
('editor', 'delete_object_project-fotoalbomy'),
('dev', 'delete_object_project-kategorii-eto-interesno'),
('editor', 'delete_object_project-kategorii-eto-interesno'),
('dev', 'delete_object_project-kategorii-suvenirov'),
('editor', 'delete_object_project-kategorii-suvenirov'),
('dev', 'delete_object_project-kategorii-turov'),
('editor', 'delete_object_project-kategorii-turov'),
('dev', 'delete_object_project-kontakty'),
('dev', 'delete_object_project-otzyvy'),
('editor', 'delete_object_project-otzyvy'),
('dev', 'delete_object_project-podbor-tura'),
('editor', 'delete_object_project-podbor-tura'),
('dev', 'delete_object_project-suveniry'),
('editor', 'delete_object_project-suveniry'),
('dev', 'delete_object_project-svyaz-eto-interesno-i-kategorii'),
('editor', 'delete_object_project-svyaz-eto-interesno-i-kategorii'),
('dev', 'delete_object_project-svyaz-turov-i-eto-interesno'),
('editor', 'delete_object_project-svyaz-turov-i-eto-interesno'),
('dev', 'delete_object_project-tury'),
('editor', 'delete_object_project-tury'),
('dev', 'delete_object_project-vidoalbom'),
('editor', 'delete_object_project-vidoalbom'),
('dev', 'delete_object_project-vodnye-znaki'),
('dev', 'delete_object_project-zakaz-suvenira'),
('editor', 'delete_object_project-zakaz-suvenira'),
('dev', 'delete_object_project-zakazy-turov'),
('editor', 'delete_object_project-zakazy-turov'),
('dev', 'delete_object_ygin-menu'),
('editor', 'delete_object_ygin-menu'),
('dev', 'delete_object_ygin-views-generator'),
('editor', 'delete_object_ygin-views-generator'),
('dev', 'editor'),
('dev', 'edit_object_105'),
('editor', 'edit_object_105'),
('dev', 'edit_object_106'),
('dev', 'edit_object_20'),
('dev', 'edit_object_21'),
('dev', 'edit_object_22'),
('dev', 'edit_object_23'),
('dev', 'edit_object_24'),
('dev', 'edit_object_26'),
('dev', 'edit_object_260'),
('editor', 'edit_object_260'),
('dev', 'edit_object_261'),
('editor', 'edit_object_261'),
('dev', 'edit_object_27'),
('dev', 'edit_object_28'),
('dev', 'edit_object_30'),
('editor', 'edit_object_30'),
('dev', 'edit_object_31'),
('dev', 'edit_object_33'),
('dev', 'edit_object_34'),
('dev', 'edit_object_35'),
('dev', 'edit_object_47'),
('dev', 'edit_object_50'),
('dev', 'edit_object_500'),
('editor', 'edit_object_500'),
('dev', 'edit_object_501'),
('editor', 'edit_object_501'),
('dev', 'edit_object_502'),
('editor', 'edit_object_502'),
('dev', 'edit_object_503'),
('editor', 'edit_object_503'),
('dev', 'edit_object_505'),
('editor', 'edit_object_505'),
('dev', 'edit_object_506'),
('editor', 'edit_object_506'),
('dev', 'edit_object_507'),
('editor', 'edit_object_507'),
('dev', 'edit_object_508'),
('editor', 'edit_object_508'),
('dev', 'edit_object_509'),
('editor', 'edit_object_509'),
('dev', 'edit_object_51'),
('dev', 'edit_object_511'),
('editor', 'edit_object_511'),
('dev', 'edit_object_512'),
('editor', 'edit_object_512'),
('dev', 'edit_object_513'),
('dev', 'edit_object_514'),
('editor', 'edit_object_514'),
('dev', 'edit_object_517'),
('editor', 'edit_object_517'),
('dev', 'edit_object_519'),
('dev', 'edit_object_520'),
('editor', 'edit_object_520'),
('dev', 'edit_object_521'),
('dev', 'edit_object_522'),
('dev', 'edit_object_523'),
('dev', 'edit_object_524'),
('dev', 'edit_object_525'),
('editor', 'edit_object_525'),
('dev', 'edit_object_529'),
('editor', 'edit_object_529'),
('dev', 'edit_object_530'),
('editor', 'edit_object_530'),
('dev', 'edit_object_531'),
('dev', 'edit_object_61'),
('dev', 'edit_object_63'),
('dev', 'edit_object_66'),
('dev', 'edit_object_80'),
('dev', 'edit_object_86'),
('dev', 'edit_object_project-bloki---ssylki-na-glavnoi'),
('editor', 'edit_object_project-bloki---ssylki-na-glavnoi'),
('dev', 'edit_object_project-bloki-kontenta'),
('editor', 'edit_object_project-bloki-kontenta'),
('dev', 'edit_object_project-eto-interesno'),
('editor', 'edit_object_project-eto-interesno'),
('dev', 'edit_object_project-forma-obratnoi-svyazi'),
('dev', 'edit_object_project-forma-zakaza-zvonka'),
('dev', 'edit_object_project-fotoalbomy'),
('editor', 'edit_object_project-fotoalbomy'),
('dev', 'edit_object_project-kategorii-eto-interesno'),
('editor', 'edit_object_project-kategorii-eto-interesno'),
('dev', 'edit_object_project-kategorii-suvenirov'),
('editor', 'edit_object_project-kategorii-suvenirov'),
('dev', 'edit_object_project-kategorii-turov'),
('editor', 'edit_object_project-kategorii-turov'),
('dev', 'edit_object_project-kontakty'),
('editor', 'edit_object_project-kontakty'),
('dev', 'edit_object_project-otzyvy'),
('editor', 'edit_object_project-otzyvy'),
('dev', 'edit_object_project-podbor-tura'),
('editor', 'edit_object_project-podbor-tura'),
('dev', 'edit_object_project-suveniry'),
('editor', 'edit_object_project-suveniry'),
('dev', 'edit_object_project-svyaz-eto-interesno-i-kategorii'),
('editor', 'edit_object_project-svyaz-eto-interesno-i-kategorii'),
('dev', 'edit_object_project-svyaz-turov-i-eto-interesno'),
('editor', 'edit_object_project-svyaz-turov-i-eto-interesno'),
('dev', 'edit_object_project-tury'),
('editor', 'edit_object_project-tury'),
('dev', 'edit_object_project-vidoalbom'),
('editor', 'edit_object_project-vidoalbom'),
('dev', 'edit_object_project-vodnye-znaki'),
('editor', 'edit_object_project-vodnye-znaki'),
('dev', 'edit_object_project-zakaz-suvenira'),
('editor', 'edit_object_project-zakaz-suvenira'),
('dev', 'edit_object_ygin-menu'),
('editor', 'edit_object_ygin-menu'),
('dev', 'edit_object_ygin-views-generator'),
('editor', 'edit_object_ygin-views-generator'),
('dev', 'list_object_20'),
('dev', 'list_object_21'),
('dev', 'list_object_22'),
('dev', 'list_object_23'),
('dev', 'list_object_24'),
('dev', 'list_object_26'),
('dev', 'list_object_27'),
('dev', 'list_object_28'),
('dev', 'list_object_30'),
('editor', 'list_object_30'),
('dev', 'list_object_31'),
('dev', 'list_object_32'),
('dev', 'list_object_33'),
('dev', 'list_object_34'),
('dev', 'list_object_35'),
('dev', 'list_object_43'),
('dev', 'list_object_47'),
('dev', 'list_object_50'),
('editor', 'list_object_500'),
('dev', 'list_object_501'),
('editor', 'list_object_501'),
('editor', 'list_object_502'),
('editor', 'list_object_505'),
('editor', 'list_object_506'),
('editor', 'list_object_507'),
('editor', 'list_object_508'),
('dev', 'list_object_51'),
('dev', 'list_object_513'),
('dev', 'list_object_514'),
('editor', 'list_object_514'),
('dev', 'list_object_522'),
('dev', 'list_object_523'),
('dev', 'list_object_524'),
('dev', 'list_object_528'),
('dev', 'list_object_531'),
('dev', 'list_object_60'),
('dev', 'list_object_61'),
('dev', 'list_object_63'),
('dev', 'list_object_66'),
('dev', 'list_object_80'),
('dev', 'list_object_86'),
('dev', 'list_object_89'),
('dev', 'list_object_91'),
('editor', 'list_object_a'),
('dev', 'list_object_project-bloki---ssylki-na-glavnoi'),
('editor', 'list_object_project-bloki---ssylki-na-glavnoi'),
('dev', 'list_object_project-bloki-kontenta'),
('editor', 'list_object_project-bloki-kontenta'),
('dev', 'list_object_project-eto-interesno'),
('editor', 'list_object_project-eto-interesno'),
('dev', 'list_object_project-forma-obratnoi-svyazi'),
('editor', 'list_object_project-forma-obratnoi-svyazi'),
('dev', 'list_object_project-forma-zakaza-zvonka'),
('editor', 'list_object_project-forma-zakaza-zvonka'),
('dev', 'list_object_project-fotoalbomy'),
('editor', 'list_object_project-fotoalbomy'),
('dev', 'list_object_project-kategorii-eto-interesno'),
('editor', 'list_object_project-kategorii-eto-interesno'),
('dev', 'list_object_project-kategorii-suvenirov'),
('editor', 'list_object_project-kategorii-suvenirov'),
('dev', 'list_object_project-kategorii-turov'),
('editor', 'list_object_project-kategorii-turov'),
('dev', 'list_object_project-kontakty'),
('editor', 'list_object_project-kontakty'),
('dev', 'list_object_project-otzyvy'),
('editor', 'list_object_project-otzyvy'),
('dev', 'list_object_project-podbor-tura'),
('editor', 'list_object_project-podbor-tura'),
('dev', 'list_object_project-suveniry'),
('editor', 'list_object_project-suveniry'),
('dev', 'list_object_project-svyaz-eto-interesno-i-kategorii'),
('editor', 'list_object_project-svyaz-eto-interesno-i-kategorii'),
('dev', 'list_object_project-svyaz-turov-i-eto-interesno'),
('editor', 'list_object_project-svyaz-turov-i-eto-interesno'),
('dev', 'list_object_project-tury'),
('editor', 'list_object_project-tury'),
('dev', 'list_object_project-vidoalbom'),
('editor', 'list_object_project-vidoalbom'),
('dev', 'list_object_project-vodnye-znaki'),
('editor', 'list_object_project-vodnye-znaki'),
('dev', 'list_object_project-zakaz-suvenira'),
('editor', 'list_object_project-zakaz-suvenira'),
('dev', 'list_object_project-zakazy-turov'),
('editor', 'list_object_project-zakazy-turov'),
('dev', 'list_object_ygin-gii'),
('dev', 'list_object_ygin-menu'),
('editor', 'list_object_ygin-menu'),
('dev', 'list_object_ygin-override'),
('dev', 'list_object_ygin-views-generator'),
('editor', 'list_object_ygin-views-generator'),
('editor', 'showAdminPanel'),
('dev', 'view_object_26'),
('editor', 'view_object_30'),
('dev', 'view_object_32'),
('dev', 'view_object_43'),
('dev', 'view_object_529'),
('editor', 'view_object_529'),
('dev', 'view_object_531'),
('dev', 'view_object_60'),
('dev', 'view_object_89'),
('dev', 'view_object_91'),
('dev', 'view_object_project-bloki---ssylki-na-glavnoi'),
('editor', 'view_object_project-bloki---ssylki-na-glavnoi'),
('dev', 'view_object_project-bloki-kontenta'),
('editor', 'view_object_project-bloki-kontenta'),
('dev', 'view_object_project-eto-interesno'),
('editor', 'view_object_project-eto-interesno'),
('dev', 'view_object_project-forma-obratnoi-svyazi'),
('editor', 'view_object_project-forma-obratnoi-svyazi'),
('dev', 'view_object_project-forma-zakaza-zvonka'),
('editor', 'view_object_project-forma-zakaza-zvonka'),
('dev', 'view_object_project-fotoalbomy'),
('editor', 'view_object_project-fotoalbomy'),
('dev', 'view_object_project-kategorii-eto-interesno'),
('editor', 'view_object_project-kategorii-eto-interesno'),
('dev', 'view_object_project-kategorii-suvenirov'),
('editor', 'view_object_project-kategorii-suvenirov'),
('dev', 'view_object_project-kategorii-turov'),
('editor', 'view_object_project-kategorii-turov'),
('dev', 'view_object_project-kontakty'),
('editor', 'view_object_project-kontakty'),
('dev', 'view_object_project-otzyvy'),
('editor', 'view_object_project-otzyvy'),
('dev', 'view_object_project-podbor-tura'),
('editor', 'view_object_project-podbor-tura'),
('dev', 'view_object_project-suveniry'),
('editor', 'view_object_project-suveniry'),
('dev', 'view_object_project-svyaz-eto-interesno-i-kategorii'),
('editor', 'view_object_project-svyaz-eto-interesno-i-kategorii'),
('dev', 'view_object_project-svyaz-turov-i-eto-interesno'),
('editor', 'view_object_project-svyaz-turov-i-eto-interesno'),
('dev', 'view_object_project-tury'),
('editor', 'view_object_project-tury'),
('dev', 'view_object_project-vidoalbom'),
('editor', 'view_object_project-vidoalbom'),
('dev', 'view_object_project-vodnye-znaki'),
('editor', 'view_object_project-vodnye-znaki'),
('dev', 'view_object_project-zakaz-suvenira'),
('editor', 'view_object_project-zakaz-suvenira'),
('dev', 'view_object_project-zakazy-turov'),
('editor', 'view_object_project-zakazy-turov'),
('dev', 'view_object_ygin-gii'),
('dev', 'view_object_ygin-override'),
('dev', 'view_object_ygin-views-generator'),
('editor', 'view_object_ygin-views-generator');

-- --------------------------------------------------------

--
-- Структура таблицы `da_domain`
--

CREATE TABLE IF NOT EXISTS `da_domain` (
  `id_domain` int(8) NOT NULL COMMENT 'id',
  `domain_path` varchar(255) DEFAULT NULL COMMENT 'Путь к содержимому домена',
  `name` varchar(255) NOT NULL COMMENT 'Доменное имя',
  `id_default_page` int(8) NOT NULL COMMENT 'ID страницы по умолчанию',
  `description` varchar(255) DEFAULT NULL COMMENT 'Описание',
  `path2data_http` varchar(255) DEFAULT NULL COMMENT 'Путь к данным по http',
  `settings` text COMMENT 'Настройки',
  `keywords` varchar(255) DEFAULT NULL COMMENT 'Ключевые слова',
  `image_src` int(11) DEFAULT NULL COMMENT 'Картинка для сохранения в закладках',
  `active` tinyint(1) NOT NULL DEFAULT '1' COMMENT 'Активен',
  PRIMARY KEY (`id_domain`)
) ENGINE=InnoDB DEFAULT CHARSET=utf8 COMMENT='Домены сайта';

--
-- Дамп данных таблицы `da_domain`
--

INSERT INTO `da_domain` (`id_domain`, `domain_path`, `name`, `id_default_page`, `description`, `path2data_http`, `settings`, `keywords`, `image_src`, `active`) VALUES
(1, NULL, 'dino-tur.ru', 100, 'ДиноТур', NULL, '', NULL, NULL, 1);

-- --------------------------------------------------------

--
-- Структура таблицы `da_domain_localization`
--

CREATE TABLE IF NOT EXISTS `da_domain_localization` (
  `id_domain` int(8) NOT NULL,
  `id_localization` int(8) NOT NULL,
  PRIMARY KEY (`id_domain`,`id_localization`)
) ENGINE=InnoDB DEFAULT CHARSET=utf8;

--
-- Дамп данных таблицы `da_domain_localization`
--

INSERT INTO `da_domain_localization` (`id_domain`, `id_localization`) VALUES
(1, 1);

-- --------------------------------------------------------

--
-- Структура таблицы `da_event`
--

CREATE TABLE IF NOT EXISTS `da_event` (
  `id_instance` int(8) DEFAULT NULL COMMENT 'ИД экземпляра',
  `id_event` int(8) NOT NULL AUTO_INCREMENT COMMENT 'id',
  `id_event_type` int(8) NOT NULL DEFAULT '0' COMMENT 'Тип события',
  `event_message` longtext COMMENT 'Содержимое',
  `event_create` int(8) NOT NULL DEFAULT '0' COMMENT 'Дата создания события',
  PRIMARY KEY (`id_event`)
) ENGINE=InnoDB  DEFAULT CHARSET=utf8 COMMENT='События' AUTO_INCREMENT=112 ;

--
-- Дамп данных таблицы `da_event`
--

INSERT INTO `da_event` (`id_instance`, `id_event`, `id_event_type`, `event_message`, `event_create`) VALUES
(NULL, 1, 51, '<strong>Имя: </strong>купыук<br><strong>Телефон: </strong>ыукпыук<br>', 1409725974),
(NULL, 2, 51, '<strong>Имя: </strong>укпыку<br><strong>Телефон: </strong>ыукпыук<br>', 1409726333),
(NULL, 3, 51, '<strong>Имя: </strong>кенго<br><strong>Телефон: </strong>уеныкуе<br>', 1409726657),
(NULL, 4, 51, '<strong>Имя: </strong>укпыук<br><strong>Телефон: </strong>укпыу<br>', 1409727669),
(NULL, 5, 51, '<strong>Имя: </strong>укпыук<br><strong>Телефон: </strong>укпыу<br>', 1409727901),
(NULL, 6, 51, '<strong>Имя: </strong>укпыук<br><strong>Телефон: </strong>ыукпыук<br>', 1409727911),
(NULL, 7, 51, '<strong>Имя: </strong>уыкп<br><strong>Телефон: </strong>ыукп<br>', 1409727933),
(NULL, 8, 51, '<strong>Имя: </strong>уыкп<br><strong>Телефон: </strong>ыукп<br>', 1409728016),
(NULL, 9, 51, '<strong>Имя: </strong>кервк<br><strong>Телефон: </strong>квервкер<br>', 1409728026),
(NULL, 10, 51, '<strong>Имя: </strong>глнгпшд<br><strong>Телефон: </strong>гшдрг<br>', 1409728046),
(NULL, 11, 51, '<strong>Имя: </strong>глнгпшд<br><strong>Телефон: </strong>гшдрг<br>', 1409728216),
(NULL, 12, 52, '<strong>Имя: </strong>апт<br><strong>Телефон: </strong>чапт<br><strong>Email: </strong>afg@sfg.rg<br><strong>Текст сообщения: </strong><br>sthsdrtjh srth srth srth <br>', 1409746949),
(NULL, 13, 52, '<strong>Имя: </strong>фукпыук<br><strong>Телефон: </strong>укп<br><strong>Email: </strong>Serg@dfsg.erg<br><strong>Текст сообщения: </strong><br>erhser<br>', 1409749854),
(NULL, 14, 52, '<strong>Имя: </strong>fsbzdf<br><strong>Телефон: </strong>dfbdf<br><strong>Email: </strong>dfb@wearga.erg<br><strong>Текст сообщения: </strong><br>aergserg<br>', 1409750636),
(NULL, 15, 52, '<strong>Имя: </strong>erg<br><strong>Телефон: </strong>erg<br><strong>Email: </strong>ewrg@rg.gre<br><strong>Текст сообщения: </strong><br>eargser<br>', 1409750767),
(NULL, 16, 52, '<strong>Имя: </strong>sdv<br><strong>Телефон: </strong>sdv<br><strong>Email: </strong>sg@awreg.reg<br><strong>Текст сообщения: </strong><br>aergaerg<br>', 1409750862),
(NULL, 17, 53, '<strong>Имя: </strong>укп<br><strong>Телефон: </strong><br><strong>Email: </strong>ыукп<br><strong>Туры: </strong>По следам динозавров, Раскопки динозавров<br><strong>Состав группы. Взрослые: </strong>1<br><strong>Дети младше 5 лет: </strong>1<br><strong>Дети старше 5 лет: </strong>3<br><strong>Пожелания: </strong>укп<br>', 1411029607),
(NULL, 18, 53, '<strong>Имя: </strong>zdfg<br><strong>Телефон: </strong><br><strong>Email: </strong>df<br><strong>Туры: </strong>По следам динозавров<br><strong>Состав группы. Взрослые: </strong>1<br><strong>Дети младше 5 лет: </strong>7<br><strong>Дети старше 5 лет: </strong>9<br><strong>Пожелания: </strong><br>', 1411048682),
(NULL, 19, 54, '<h4>Был оставлен новый отзыв.</h4>\n<p>Пройдите в панель администрирования сайтом для модерации отзыва.</p>\n<strong>Имя: </strong>Денис<br><strong>Телефон: </strong>укпыукп<br>', 1411132493),
(NULL, 20, 54, '<h4>Был оставлен новый отзыв.</h4>\n<p>Пройдите в панель администрирования сайтом для модерации отзыва.</p>\n<strong>Имя: </strong>фваипы<br><strong>Телефон: </strong>варчва<br>', 1411132931),
(NULL, 21, 55, '<strong>Название сувенира: </strong>Фигурка кошка<br><strong>Идентификатор (id) сувенира: </strong>1<br><strong>Цена: </strong>45<br><strong>Параметры сувенира: </strong>\r\nРазмер укпыук укпыукп ыукпы:\r\n20 x 30 уыкпыу уыкпыук ыукп\r\nВес:\r\n20 гр\r\n<br><strong>Имя отправителя: </strong>ываим<br><strong>Телефон: </strong>ваичвяа<br><strong>Email: </strong>ваиява<br><strong>Адрес: </strong>ивяаи<br>', 1411976600),
(NULL, 22, 56, '<strong>Фамилия Имя: </strong>ывпртвап<br><strong>Планируемая дата прибытия: </strong>1411588800<br><strong>Планируемое количество дней пребывания: </strong>34<br><strong>Из какого населенного пункта Вы планируете выезд: </strong>веноено<br><strong>Каким образом планируете добраться: </strong>вунонео<br><strong>Сколько вам полных лет: </strong><br><strong>Сколько человек в вашей группе и какого они возраста: </strong><br><strong>Сколько детей в возрасте до 5 лет: </strong>4<br><strong>Имеются ли с собой домашние животные: </strong>1<br><strong>Имеется ли у Вас страховка от несчастных случаев: </strong>0<br><strong>Какой вид туризма вы предпочитаете: </strong>Оздоровительный<br><strong>Вы что-то уже выбрали из наших туров: </strong>tysrt<br><strong>Что бы Вы еще хотели увидеть, Ваши пожелания: </strong>еноан<br><strong>Ваш контактный телефон для обратной связи: </strong><br><strong>Если есть дополнительный контактный номер: </strong><br><strong>Ваш адрес электронной почты: </strong>веноавено<br>', 1411998060),
(NULL, 23, 56, '<strong>Фамилия Имя: </strong>авиячва<br><strong>Планируемая дата прибытия: </strong><br><strong>Планируемое количество дней пребывания: </strong><br><strong>Из какого населенного пункта Вы планируете выезд: </strong><br><strong>Каким образом планируете добраться: </strong><br><strong>Сколько вам полных лет: </strong><br><strong>Сколько человек в вашей группе и какого они возраста: </strong><br><strong>Сколько детей в возрасте до 5 лет: </strong><br>Нет<br>Нет<br><strong>Какой вид туризма вы предпочитаете: </strong>Оздоровительный, Экскурсионно-позновательный, Спортивный<br><strong>Вы что-то уже выбрали из наших туров: </strong>По следам динозавров<br><strong>Что бы Вы еще хотели увидеть, Ваши пожелания: </strong><br><strong>Ваш контактный телефон для обратной связи: </strong><br><strong>Если есть дополнительный контактный номер: </strong><br><strong>Ваш адрес электронной почты: </strong>яваиячва<br>', 1411998278),
(NULL, 24, 56, '<strong>Фамилия Имя: </strong>яывмява<br><strong>Планируемая дата прибытия: </strong>11 сентября 2014 г.<br><strong>Планируемое количество дней пребывания: </strong><br><strong>Из какого населенного пункта Вы планируете выезд: </strong><br><strong>Каким образом планируете добраться: </strong><br><strong>Сколько вам полных лет: </strong><br><strong>Сколько человек в вашей группе и какого они возраста: </strong><br><strong>Сколько детей в возрасте до 5 лет: </strong><br><strong>Имеются ли с собой домашние животные: </strong>Нет<br><strong>Имеется ли у Вас страховка от несчастных случаев: </strong>Да<br><strong>Какой вид туризма вы предпочитаете: </strong><br><strong>Вы что-то уже выбрали из наших туров: </strong><br><strong>Что бы Вы еще хотели увидеть, Ваши пожелания: </strong><br><strong>Ваш контактный телефон для обратной связи: </strong><br><strong>Если есть дополнительный контактный номер: </strong><br><strong>Ваш адрес электронной почты: </strong>ЫВм<br>', 1411999019),
(NULL, 25, 51, '<strong>Имя: </strong>gthdrt<br><strong>Телефон: </strong>rsthdrth<br>', 1412230865),
(NULL, 26, 51, '<strong>Имя: </strong>dfjnty<br><strong>Телефон: </strong>dytjfdtyj<br>', 1412231154),
(NULL, 27, 51, '<strong>Имя: </strong>dfjnty<br><strong>Телефон: </strong>dytjfdtyj<br>', 1412231191),
(NULL, 28, 51, '<strong>Имя: </strong>dfjnty<br><strong>Телефон: </strong>dytjfdtyj<br>', 1412231283),
(NULL, 29, 51, '<strong>Имя: </strong>dfjnty<br><strong>Телефон: </strong>dytjfdtyj<br>', 1412231315),
(NULL, 30, 51, '<strong>Имя: </strong>dfjnty<br><strong>Телефон: </strong>dytjfdtyj<br>', 1412231334),
(NULL, 31, 51, '<strong>Имя: </strong>dfjnty<br><strong>Телефон: </strong>dytjfdtyj<br>', 1412231347),
(NULL, 32, 51, '<strong>Имя: </strong>dfjnty<br><strong>Телефон: </strong>dytjfdtyj<br>', 1412231429),
(NULL, 33, 51, '<strong>Имя: </strong>dfjnty<br><strong>Телефон: </strong>dytjfdtyj<br>', 1412231444),
(NULL, 34, 51, '<strong>Имя: </strong>dfjnty<br><strong>Телефон: </strong>dytjfdtyj<br>', 1412231462),
(NULL, 35, 51, '<strong>Имя: </strong>dfjnty<br><strong>Телефон: </strong>dytjfdtyj<br>', 1412231485),
(NULL, 36, 51, '<strong>Имя: </strong>dfjnty<br><strong>Телефон: </strong>dytjfdtyj<br>', 1412231526),
(NULL, 37, 51, '<strong>Имя: </strong>dfjnty<br><strong>Телефон: </strong>dytjfdtyj<br>', 1412231540),
(NULL, 38, 51, '<strong>Имя: </strong>dfjnty<br><strong>Телефон: </strong>dytjfdtyj<br>', 1412231574),
(NULL, 39, 51, '<strong>Имя: </strong>dfjnty<br><strong>Телефон: </strong>dytjfdtyj<br>', 1412231628),
(NULL, 40, 51, '<strong>Имя: </strong>dfjnty<br><strong>Телефон: </strong>dytjfdtyj<br>', 1412231646),
(NULL, 41, 51, '<strong>Имя: </strong>dfjnty<br><strong>Телефон: </strong>dytjfdtyj<br>', 1412231658),
(NULL, 42, 51, '<strong>Имя: </strong>dfjnty<br><strong>Телефон: </strong>dytjfdtyj<br>', 1412231676),
(NULL, 43, 51, '<strong>Имя: </strong>dfjnty<br><strong>Телефон: </strong>dytjfdtyj<br>', 1412231687),
(NULL, 44, 51, '<strong>Имя: </strong>dfjnty<br><strong>Телефон: </strong>dytjfdtyj<br>', 1412231772),
(NULL, 45, 51, '<strong>Имя: </strong>dfjnty<br><strong>Телефон: </strong>dytjfdtyj<br>', 1412231781),
(NULL, 46, 51, '<strong>Имя: </strong>dfjnty<br><strong>Телефон: </strong>dytjfdtyj<br>', 1412231801),
(NULL, 47, 51, '<strong>Имя: </strong>dfjnty<br><strong>Телефон: </strong>dytjfdtyj<br>', 1412231810),
(NULL, 48, 51, '<strong>Имя: </strong>dfjnty<br><strong>Телефон: </strong>dytjfdtyj<br>', 1412231820),
(NULL, 49, 51, '<strong>Имя: </strong>dfjnty<br><strong>Телефон: </strong>dytjfdtyj<br>', 1412231833),
(NULL, 50, 51, '<strong>Имя: </strong>dfjnty<br><strong>Телефон: </strong>dytjfdtyj<br>', 1412231849),
(NULL, 51, 51, '<strong>Имя: </strong>dfjnty<br><strong>Телефон: </strong>dytjfdtyj<br>', 1412231857),
(NULL, 52, 51, '<strong>Имя: </strong>dfjnty<br><strong>Телефон: </strong>dytjfdtyj<br>', 1412232042),
(NULL, 53, 51, '<strong>Имя: </strong>dfjnty<br><strong>Телефон: </strong>dytjfdtyj<br>', 1412232149),
(NULL, 54, 51, '<strong>Имя: </strong>dfjnty<br><strong>Телефон: </strong>dytjfdtyj<br>', 1412232161),
(NULL, 55, 51, '<strong>Имя: </strong>dfjnty<br><strong>Телефон: </strong>dytjfdtyj<br>', 1412232170),
(NULL, 56, 51, '<strong>Имя: </strong>ndrt<br><strong>Телефон: </strong>rtndrt<br>', 1412234070),
(NULL, 57, 51, '<strong>Имя: </strong>ndrt<br><strong>Телефон: </strong>rtndrt<br>', 1412234084),
(NULL, 58, 51, '<strong>Имя: </strong>ndrt<br><strong>Телефон: </strong>rtndrt<br>', 1412234095),
(NULL, 59, 51, '<strong>Имя: </strong>ndrt<br><strong>Телефон: </strong>rtndrt<br>', 1412234106),
(NULL, 60, 51, '<strong>Имя: </strong>ndrt<br><strong>Телефон: </strong>rtndrt<br>', 1412234204),
(NULL, 61, 51, '<strong>Имя: </strong>ndrt<br><strong>Телефон: </strong>rtndrt<br>', 1412234217),
(NULL, 62, 51, '<strong>Имя: </strong>ndrt<br><strong>Телефон: </strong>rtndrt<br>', 1412234228),
(NULL, 63, 51, '<strong>Имя: </strong>ndrt<br><strong>Телефон: </strong>rtndrt<br>', 1412234252),
(NULL, 64, 51, '<strong>Имя: </strong>ndrt<br><strong>Телефон: </strong>rtndrt<br>', 1412234524),
(NULL, 65, 51, '<strong>Имя: </strong>ndrt<br><strong>Телефон: </strong>rtndrt<br>', 1412234535),
(NULL, 66, 51, '<strong>Имя: </strong>ndrt<br><strong>Телефон: </strong>rtndrt<br>', 1412234555),
(NULL, 67, 51, '<strong>Имя: </strong>ndrt<br><strong>Телефон: </strong>rtndrt<br>', 1412234560),
(NULL, 68, 51, '<strong>Имя: </strong>ndrt<br><strong>Телефон: </strong>rtndrt<br>', 1412234569),
(NULL, 69, 51, '<strong>Имя: </strong>ndrt<br><strong>Телефон: </strong>rtndrt<br>', 1412235648),
(NULL, 70, 52, '<strong>Имя: </strong>sths<br><strong>Телефон: </strong>stbhsdrt<br><strong>Email: </strong>awef@rfgr.er<br><strong>Текст сообщения: </strong><br>sfgndfgn<br>', 1412235961),
(NULL, 71, 51, '<strong>Имя: </strong>weht<br><strong>Телефон: </strong>srth<br>', 1412236465),
(NULL, 72, 51, '<strong>Имя: </strong>dfb<br><strong>Телефон: </strong>dfb<br>', 1412236611),
(NULL, 73, 51, '<strong>Имя: </strong>trh<br><strong>Телефон: </strong>rsth<br>', 1412236708),
(NULL, 74, 51, '<strong>Имя: </strong>rthj<br><strong>Телефон: </strong>drthdr<br>', 1412236760),
(NULL, 75, 51, '<strong>Имя: </strong>fdvd<br><strong>Телефон: </strong>dfv<br>', 1412237186),
(NULL, 76, 51, '<strong>Имя: </strong>erg<br><strong>Телефон: </strong>erg<br>', 1412237264),
(NULL, 77, 51, '<strong>Имя: </strong>rnd<br><strong>Телефон: </strong>ryhdrt<br>', 1412237776),
(NULL, 78, 56, '<strong>Фамилия Имя: </strong>Денис<br><strong>Планируемая дата прибытия: </strong>2 октября 2014 г.<br><strong>Планируемое количество дней пребывания: </strong>2<br><strong>Из какого населенного пункта Вы планируете выезд: </strong>Киров<br><strong>Каким образом планируете добраться: </strong>Такси<br><strong>Сколько вам полных лет: </strong>28<br><strong>Сколько человек в вашей группе и какого они возраста: </strong>3 разного возраста<br><strong>Сколько детей в возрасте до 5 лет: </strong>3<br><strong>Имеются ли с собой домашние животные: </strong>Нет<br><strong>Имеется ли у Вас страховка от несчастных случаев: </strong>Да<br><strong>Какой вид туризма вы предпочитаете: </strong>Оздоровительный, Экскурсионно-позновательный, Спортивный<br><strong>Вы что-то уже выбрали из наших туров: </strong>По следам динозавров<br><strong>Что бы Вы еще хотели увидеть, Ваши пожелания: </strong><br><strong>Ваш контактный телефон для обратной связи: </strong>123451345<br><strong>Если есть дополнительный контактный номер: </strong><br><strong>Ваш адрес электронной почты: </strong>krvdns@mail.ru<br>', 1412237979),
(NULL, 79, 54, '<h4>Был оставлен новый отзыв.</h4>\n<p>Пперейдите в панель администратора сайтa для модерации отзыва.</p>\n<strong>Имя: </strong>Денис<br><strong>Тест отзыва: </strong>Пишу отзыв<br>', 1412238065),
(NULL, 80, 53, '<strong>Имя: </strong>кервке<br><strong>Телефон: </strong><br><strong>Email: </strong>rtrth@ge.rr<br><strong>Туры: </strong>Раскопки динозавров<br><strong>Состав группы. Взрослые: </strong>1<br><strong>Дети младше 5 лет: </strong><br><strong>Дети старше 5 лет: </strong>4<br><strong>Пожелания: </strong>ыкертвкет<br>', 1412238234),
(NULL, 81, 52, '<strong>Имя: </strong>rynhedt<br><strong>Телефон: </strong>rthdrt<br><strong>Email: </strong>fg@gse.ee<br><strong>Текст сообщения: </strong><br>erherth<br>', 1412238295),
(NULL, 82, 52, '<strong>Имя: </strong>rther<br><strong>Телефон: </strong>rethrt<br><strong>Email: </strong>rth@stg.rr<br><strong>Текст сообщения: </strong><br>rtherth<br>', 1412238318),
(NULL, 83, 55, '<strong>Название сувенира: </strong>Фигурка кошка<br><strong>Идентификатор (id) сувенира: </strong>1<br><strong>Цена: </strong>45<br><strong>Параметры сувенира: </strong>\r\nРазмер укпыук укпыукп ыукпы:\r\n20 x 30 уыкпыу уыкпыук ыукп\r\nВес:\r\n20 гр\r\n<br><strong>Имя отправителя: </strong>erthdr<br><strong>Телефон: </strong>2345234<br><strong>Email: </strong>rthdetr@gt.er<br><strong>Адрес: </strong>rthsdrth<br>', 1412238372),
(NULL, 84, 54, '<h4>Был оставлен новый отзыв.</h4>\n<p>Перейдите в панель администратора сайтa для модерации отзыва.</p>\n<strong>Имя: </strong>trhrt<br><strong>Текст отзыва: </strong>hrthrt<br>', 1413079550),
(NULL, 85, 53, '<strong>Имя: </strong>МИХАИЛ<br><strong>Телефон: </strong><br><strong>Email: </strong>250-148@mail.ru<br><strong>Туры: </strong>Раскопки динозавров<br><strong>Состав группы. Взрослые: </strong>1<br><strong>Дети младше 5 лет: </strong>2<br><strong>Дети старше 5 лет: </strong>4<br><strong>Пожелания: </strong>привет приветл.лдтлыдТВЛОВТДУЦЛОРДОРДУКЦРОДШ<br>', 1413401231),
(NULL, 86, 56, '<strong>Фамилия Имя: </strong>Михаил<br><strong>Планируемая дата прибытия: </strong>21 ноября 2014 г.<br><strong>Планируемое количество дней пребывания: </strong>5<br><strong>Из какого населенного пункта Вы планируете выезд: </strong>москва<br><strong>Каким образом планируете добраться: </strong>пешком<br><strong>Сколько вам полных лет: </strong>30<br><strong>Сколько человек в вашей группе и какого они возраста: </strong>2<br><strong>Сколько детей в возрасте до 5 лет: </strong>1<br><strong>Имеются ли с собой домашние животные: </strong>Да<br><strong>Имеется ли у Вас страховка от несчастных случаев: </strong>Нет<br><strong>Какой вид туризма вы предпочитаете: </strong>Экскурсионно-позновательный, Экстремальный<br><strong>Вы что-то уже выбрали из наших туров: </strong>Раскопки динозавров<br><strong>Что бы Вы еще хотели увидеть, Ваши пожелания: </strong>ппривет привер ждлтдть.ь.ь<br><strong>Ваш контактный телефон для обратной связи: </strong>89670500047<br><strong>Если есть дополнительный контактный номер: </strong>да<br><strong>Ваш адрес электронной почты: </strong>250-148@mail.ru<br>', 1413401349),
(NULL, 87, 52, '<strong>Имя: </strong>михаил<br><strong>Телефон: </strong>78789809090789<br><strong>Email: </strong>250-148@mail.ru<br><strong>Текст сообщения: </strong><br>проверкадбьт.дь.ь.ьб.б<br>', 1413401406),
(NULL, 88, 51, '<strong>Имя: </strong>михаил<br><strong>Телефон: </strong>89670500047<br>', 1413401432),
(NULL, 89, 55, '<strong>Название сувенира: </strong>Длинное название сувенира в несколько строчек<br><strong>Идентификатор (id) сувенира: </strong>2<br><strong>Цена: </strong>34<br><strong>Параметры сувенира: </strong><br><strong>Имя отправителя: </strong>fghdr<br><strong>Телефон: </strong><br><strong>Email: </strong>drthdrt<br><strong>Адрес: </strong>hdrth<br>', 1413441585),
(NULL, 90, 51, '<strong>Имя: </strong>Дест заказа звонка<br><strong>Телефон: </strong>на адрес info@dinotour.ru<br>', 1413461333),
(NULL, 91, 51, '<strong>Имя: </strong>вап<br><strong>Телефон: </strong>вапва<br>', 1413464698),
(NULL, 92, 52, '<strong>Имя: </strong>ыкер<br><strong>Телефон: </strong>3652356<br><strong>Email: </strong>sdf@sdf.df<br><strong>Текст сообщения: </strong><br>рвкервкер<br>', 1413469691),
(NULL, 93, 51, '<strong>Имя: </strong>кервк<br><strong>Телефон: </strong>вкер<br>', 1413469792),
(NULL, 94, 52, '<strong>Имя: </strong>вторнв<br><strong>Телефон: </strong>веноваен<br><strong>Email: </strong>sdf@sdf.df<br><strong>Текст сообщения: </strong><br>кервкер<br>', 1413469828),
(NULL, 95, 53, '<strong>Имя: </strong>Михаил<br><strong>Телефон: </strong><br><strong>Email: </strong>250-148@mail.ru<br><strong>Туры: </strong>По следам динозавров<br><strong>Состав группы. Взрослые: </strong>3<br><strong>Дети младше 5 лет: </strong>2<br><strong>Дети старше 5 лет: </strong>20<br><strong>Пожелания: </strong>Привет<br>', 1413558521),
(NULL, 96, 53, '<strong>Имя: </strong>vМихаил<br><strong>Телефон: </strong><br><strong>Email: </strong>250-148@mail.ru<br><strong>Туры: </strong>По следам динозавров<br><strong>Состав группы. Взрослые: </strong>2<br><strong>Дети младше 5 лет: </strong>2<br><strong>Дети старше 5 лет: </strong>5<br><strong>Пожелания: </strong>dfdfddrs<br>', 1413826957),
(NULL, 97, 56, '<strong>Фамилия Имя: </strong>михаил<br><strong>Планируемая дата прибытия: </strong>10 октября 2014 г.<br><strong>Планируемое количество дней пребывания: </strong>4<br><strong>Из какого населенного пункта Вы планируете выезд: </strong>москва<br><strong>Каким образом планируете добраться: </strong>пешком<br><strong>Сколько вам полных лет: </strong>3<br><strong>Сколько человек в вашей группе и какого они возраста: </strong>5<br><strong>Сколько детей в возрасте до 5 лет: </strong>4<br><strong>Имеются ли с собой домашние животные: </strong>Нет<br><strong>Имеется ли у Вас страховка от несчастных случаев: </strong>Да<br><strong>Какой вид туризма вы предпочитаете: </strong>Оздоровительный<br><strong>Вы что-то уже выбрали из наших туров: </strong>По следам динозавров<br><strong>Что бы Вы еще хотели увидеть, Ваши пожелания: </strong>все<br><strong>Ваш контактный телефон для обратной связи: </strong>89670500047<br><strong>Если есть дополнительный контактный номер: </strong>89123789993<br><strong>Ваш адрес электронной почты: </strong>250-148@mail.ru<br>', 1413827041),
(NULL, 98, 51, '<strong>Имя: </strong>михаил<br><strong>Телефон: </strong>89670500047<br>', 1413827066),
(NULL, 99, 52, '<strong>Имя: </strong>Михаил<br><strong>Телефон: </strong>89670500047<br><strong>Email: </strong>250-148@mail.ru<br><strong>Текст сообщения: </strong><br>проверка<br>', 1413827124),
(NULL, 100, 53, '<strong>Имя: </strong>миха<br><strong>Телефон: </strong><br><strong>Email: </strong>250-148@mail.ru<br><strong>Туры: </strong>Еще один тур<br><strong>Состав группы. Взрослые: </strong>6<br><strong>Дети младше 5 лет: </strong>6<br><strong>Дети старше 5 лет: </strong>3<br><strong>Пожелания: </strong>вот<br>', 1413828175),
(NULL, 101, 53, '<strong>Имя: </strong>ergser<br><strong>Телефон: </strong>телефон 214<br><strong>Email: </strong>фцукпаыуфк<br><strong>Туры: </strong>По следам динозавров<br><strong>Состав группы. Взрослые: </strong><br><strong>Дети младше 5 лет: </strong><br><strong>Дети старше 5 лет: </strong><br><strong>Пожелания: </strong><br>', 1413879863),
(NULL, 102, 56, '<strong>Фамилия Имя: </strong>михаил<br><strong>Планируемая дата прибытия: </strong>9 октября 2014 г.<br><strong>Планируемое количество дней пребывания: </strong>7<br><strong>Из какого населенного пункта Вы планируете выезд: </strong>москва<br><strong>Каким образом планируете добраться: </strong>пешкои<br><strong>Сколько вам полных лет: </strong>6<br><strong>Сколько человек в вашей группе и какого они возраста: </strong>89<br><strong>Сколько детей в возрасте до 5 лет: </strong>7<br><strong>Имеются ли с собой домашние животные: </strong>Да<br><strong>Имеется ли у Вас страховка от несчастных случаев: </strong>Нет<br><strong>Какой вид туризма вы предпочитаете: </strong>Религиозный<br><strong>Вы что-то уже выбрали из наших туров: </strong>Еще один тур<br><strong>Что бы Вы еще хотели увидеть, Ваши пожелания: </strong>вот<br><strong>Ваш контактный телефон для обратной связи: </strong>89670500047<br><strong>Если есть дополнительный контактный номер: </strong><br><strong>Ваш адрес электронной почты: </strong>250-148@mail.ru<br>', 1413916884),
(NULL, 103, 51, '<strong>Имя: </strong>михаил<br><strong>Телефон: </strong>89670500047<br>', 1413916944),
(NULL, 104, 53, '<strong>Имя: </strong>михаил<br><strong>Телефон: </strong>89670500047<br><strong>Email: </strong>250-148@mail.ru<br><strong>Туры: </strong>Еще один тур<br><strong>Состав группы. Взрослые: </strong>1<br><strong>Дети младше 5 лет: </strong>3<br><strong>Дети старше 5 лет: </strong>3<br><strong>Пожелания: </strong>вот<br>', 1413917004),
(NULL, 105, 52, '<strong>Имя: </strong>Михаил<br><strong>Телефон: </strong>89670500047<br><strong>Email: </strong>250-148@mail.ru<br><strong>Текст сообщения: </strong><br>Проверка с айфона<br>', 1414227032),
(NULL, 106, 53, '<strong>Имя: </strong>Это я<br><strong>Телефон: </strong>89670500047<br><strong>Email: </strong>250-148@mail.ru<br><strong>Туры: </strong>Раскопки динозавров<br><strong>Состав группы. Взрослые: </strong>2<br><strong>Дети младше 5 лет: </strong>4<br><strong>Дети старше 5 лет: </strong>3<br><strong>Пожелания: </strong>Все что можно проверка с айфона<br>', 1414227574),
(NULL, 107, 52, '<strong>Имя: </strong>Orlando9Dof<br><strong>Телефон: </strong>123456<br><strong>Email: </strong>orlando9bag@mail.ru<br><strong>Текст сообщения: </strong><br>Вот эта компания - это молодая компания, появившаяся на рынке товаров для кормящих матерей в 2005 году. Но вам лишь стоит взглянуть на эту ссылку <a href=http://pipstyle.com/ru/o-kompanii >одежда для кормления </a>, чтобы увидеть всё качество предоставляемых товаров\r\n<br>', 1414324853),
(NULL, 108, 54, '<h4>Был оставлен новый отзыв.</h4>\n<p>Перейдите в панель администратора сайтa для модерации отзыва.</p>\n<strong>Имя: </strong>Светлана<br><strong>Текст отзыва: </strong>Спасибо организаторам за интересный тур! Все остались довольны!<br>', 1416578635),
(NULL, 109, 51, '<strong>Имя: </strong>rgeg<br><strong>Телефон: </strong>&lt;script&gt;alert(1);&lt;/script&gt;<br>', 1416581047),
(NULL, 110, 56, '<strong>Фамилия Имя: </strong>srtndrtn<br><strong>Планируемая дата прибытия: </strong>21 ноября 2014 г.<br><strong>Планируемое количество дней пребывания: </strong><br><strong>Из какого населенного пункта Вы планируете выезд: </strong><br><strong>Каким образом планируете добраться: </strong><br><strong>Сколько вам полных лет: </strong><br><strong>Сколько человек в вашей группе и какого они возраста: </strong><br><strong>Сколько детей в возрасте до 5 лет: </strong><br><strong>Имеются ли с собой домашние животные: </strong>Нет<br><strong>Имеется ли у Вас страховка от несчастных случаев: </strong>Нет<br><strong>Какой вид туризма вы предпочитаете: </strong><br><strong>Вы что-то уже выбрали из наших туров: </strong><br><strong>Что бы Вы еще хотели увидеть, Ваши пожелания: </strong>&lt;script&gt;alert(1);&lt;/script&gt;<br><strong>Ваш контактный телефон для обратной связи: </strong><br><strong>Если есть дополнительный контактный номер: </strong><br><strong>Ваш адрес электронной почты: </strong>rtdrt@erg.er<br>', 1416581123),
(NULL, 111, 52, '<strong>Имя: </strong>Dominic78Frof<br><strong>Телефон: </strong>123456<br><strong>Email: </strong>domini78ctror@mail.ru<br><strong>Текст сообщения: </strong><br>Мощные гильдии собрались на FireCrush.ru, чтобы испытать общие навыки и оставить лепту в истории &lt;a href=http://firecrush.ru&gt;Lineage 2&lt;/a&gt;. А игроки, читающие &lt;a href=http://igrochamp.ru&gt;новости игровой индустрии 2014&lt;/a&gt;, вступили на земли нового мира La2 Gracia Epilogue  и начали последнюю баталию в истории королевства Элмор. Источник &lt;a href=http://gludio.net&gt;сайта&lt;/a&gt; и &lt;a href=http://mmo-play.ru&gt;тут&lt;/a&gt;; &lt;a href=http://windstrike.ru/&gt;анонс серверов ла2&lt;/a&gt;\r\n<br>', 1416797712);

-- --------------------------------------------------------

--
-- Структура таблицы `da_event_format`
--

CREATE TABLE IF NOT EXISTS `da_event_format` (
  `id_event_format` int(8) NOT NULL COMMENT 'id',
  `description` varchar(255) NOT NULL COMMENT 'Описание',
  `place` int(1) NOT NULL DEFAULT '1' COMMENT 'Расположение',
  `file_name` varchar(50) DEFAULT NULL COMMENT 'Имя файла во вложении',
  `name` varchar(20) NOT NULL COMMENT 'Сокращённое название (для разработчика)',
  PRIMARY KEY (`id_event_format`)
) ENGINE=InnoDB DEFAULT CHARSET=utf8 COMMENT='Формат сообщения';

--
-- Дамп данных таблицы `da_event_format`
--

INSERT INTO `da_event_format` (`id_event_format`, `description`, `place`, `file_name`, `name`) VALUES
(1, 'Текстовое содержимое', 1, 'text.txt', 'TXT'),
(2, 'HTML-письмо', 1, NULL, 'HTML');

-- --------------------------------------------------------

--
-- Структура таблицы `da_event_process`
--

CREATE TABLE IF NOT EXISTS `da_event_process` (
  `id_event` int(8) NOT NULL DEFAULT '0',
  `email` varchar(70) NOT NULL,
  `notify_date` int(10) DEFAULT NULL,
  `id_event_subscriber` int(8) NOT NULL DEFAULT '0',
  PRIMARY KEY (`id_event`,`email`,`id_event_subscriber`)
) ENGINE=InnoDB DEFAULT CHARSET=utf8;

--
-- Дамп данных таблицы `da_event_process`
--

INSERT INTO `da_event_process` (`id_event`, `email`, `notify_date`, `id_event_subscriber`) VALUES
(1, 'krvdns@mail.ru', 1409725974, 1),
(2, 'krvdns@mail.ru', 1409726333, 1),
(3, 'krvdns@mail.ru', 1409726657, 1),
(4, 'krvdns@mail.ru', 1409727670, 1),
(5, 'krvdns@mail.ru', 1409727901, 1),
(6, 'krvdns@mail.ru', 1409727912, 1),
(7, 'krvdns@mail.ru', 1409727933, 1),
(8, 'krvdns@mail.ru', 1409728016, 1),
(9, 'krvdns@mail.ru', 1409728027, 1),
(10, 'krvdns@mail.ru', 1409728047, 1),
(11, 'krvdns@mail.ru', 1409728216, 1),
(12, 'krvdns@mail.ru', 1409746949, 2),
(13, 'krvdns@mail.ru', 1409749854, 2),
(14, 'krvdns@mail.ru', 1409750636, 2),
(15, 'krvdns@mail.ru', 1409750767, 2),
(16, 'krvdns@mail.ru', 1409750863, 2),
(17, 'krvdns@mail.ru', 1411029608, 3),
(18, 'krvdns@mail.ru', 1411048683, 3),
(19, 'krvdns@mail.ru', 1411132494, 4),
(20, 'krvdns@mail.ru', 1411132931, 4),
(21, 'krvdns@mail.ru', 1411976600, 5),
(22, 'krvdns@mail.ru', 1411998061, 6),
(23, 'krvdns@mail.ru', 1411998278, 6),
(24, 'krvdns@mail.ru', 1411999020, 6),
(25, 'krvdns@mail.ru', NULL, 1),
(26, 'krvdns@mail.ru', NULL, 1),
(27, 'krvdns@mail.ru', NULL, 1),
(28, 'krvdns@mail.ru', NULL, 1),
(29, 'krvdns@mail.ru', NULL, 1),
(30, 'krvdns@mail.ru', NULL, 1),
(31, 'krvdns@mail.ru', NULL, 1),
(32, 'krvdns@mail.ru', NULL, 1),
(33, 'krvdns@mail.ru', NULL, 1),
(34, 'krvdns@mail.ru', NULL, 1),
(35, 'krvdns@mail.ru', NULL, 1),
(36, 'krvdns@mail.ru', NULL, 1),
(37, 'krvdns@mail.ru', NULL, 1),
(38, 'krvdns@mail.ru', NULL, 1),
(39, 'krvdns@mail.ru', NULL, 1),
(40, 'krvdns@mail.ru', NULL, 1),
(41, 'krvdns@mail.ru', NULL, 1),
(42, 'krvdns@mail.ru', NULL, 1),
(43, 'krvdns@mail.ru', NULL, 1),
(44, 'krvdns@mail.ru', NULL, 1),
(45, 'krvdns@mail.ru', NULL, 1),
(46, 'krvdns@mail.ru', NULL, 1),
(47, 'krvdns@mail.ru', NULL, 1),
(48, 'krvdns@mail.ru', NULL, 1),
(49, 'krvdns@mail.ru', NULL, 1),
(50, 'krvdns@mail.ru', NULL, 1),
(51, 'krvdns@mail.ru', NULL, 1),
(52, 'krvdns@mail.ru', NULL, 1),
(53, 'krvdns@mail.ru', NULL, 1),
(54, 'krvdns@mail.ru', NULL, 1),
(55, 'krvdns@mail.ru', NULL, 1),
(56, 'krvdns@mail.ru', NULL, 1),
(57, 'krvdns@mail.ru', NULL, 1),
(58, 'krvdns@mail.ru', NULL, 1),
(59, 'krvdns@mail.ru', NULL, 1),
(60, 'krvdns@mail.ru', NULL, 1),
(61, 'krvdns@mail.ru', NULL, 1),
(62, 'krvdns@mail.ru', NULL, 1),
(63, 'krvdns@mail.ru', NULL, 1),
(64, 'krvdns@mail.ru', NULL, 1),
(65, 'krvdns@mail.ru', NULL, 1),
(66, 'krvdns@mail.ru', NULL, 1),
(67, 'krvdns@mail.ru', NULL, 1),
(68, 'krvdns@mail.ru', NULL, 1),
(69, 'krvdns@mail.ru', NULL, 1),
(70, 'krvdns@mail.ru', NULL, 2),
(71, 'krvdns@mail.ru', NULL, 1),
(72, 'krvdns@mail.ru', NULL, 1),
(73, 'krvdns@mail.ru', NULL, 1),
(74, 'krvdns@mail.ru', NULL, 1),
(75, 'krvdns@mail.ru', NULL, 1),
(76, 'krvdns@mail.ru', NULL, 1),
(77, 'krvdns@mail.ru', 1412237776, 1),
(78, 'krvdns@mail.ru', 1412237979, 6),
(79, 'krvdns@mail.ru', 1412238065, 4),
(80, 'krvdns@mail.ru', 1412238234, 3),
(81, 'krvdns@mail.ru', 1412238295, 2),
(82, 'krvdns@mail.ru', 1412238318, 2),
(83, 'krvdns@mail.ru', 1412238372, 5),
(84, 'krvdns@mail.ru', 1413079550, 4),
(85, 'krvdns@mail.ru', 1413401231, 3),
(86, 'krvdns@mail.ru', 1413401349, 6),
(87, 'krvdns@mail.ru', 1413401407, 2),
(88, 'krvdns@mail.ru', 1413401432, 1),
(89, 'krvdns@mail.ru', 1413441585, 5),
(90, 'info@dinotour.ru', 1413461334, 12),
(90, 'krvdns@mail.ru', 1413461334, 1),
(91, 'info@dinotour.ru', 1413464699, 12),
(91, 'krvdns@mail.ru', 1413464699, 1),
(92, 'info@dinotour.ru', 1413469691, 11),
(92, 'krvdns@mail.ru', 1413469691, 2),
(93, 'info@dinotour.ru', 1413469792, 12),
(93, 'krvdns@mail.ru', 1413469792, 1),
(94, 'info@dinotour.ru', 1413469828, 11),
(94, 'krvdns@mail.ru', 1413469828, 2),
(95, 'info@dinotour.ru', 1413558522, 10),
(95, 'krvdns@mail.ru', 1413558522, 3),
(96, 'info@dinotour.ru', 1413826957, 10),
(96, 'krvdns@mail.ru', 1413826957, 3),
(97, 'info@dinotour.ru', 1413827041, 7),
(97, 'krvdns@mail.ru', 1413827041, 6),
(98, 'info@dinotour.ru', 1413827066, 12),
(98, 'krvdns@mail.ru', 1413827066, 1),
(99, 'info@dinotour.ru', 1413827124, 11),
(99, 'krvdns@mail.ru', 1413827124, 2),
(100, 'info@dinotour.ru', 1413828175, 10),
(100, 'krvdns@mail.ru', 1413828175, 3),
(101, 'info@dinotour.ru', 1413879863, 10),
(101, 'krvdns@mail.ru', 1413879863, 3),
(102, 'info@dinotour.ru', 1413916884, 7),
(102, 'krvdns@mail.ru', 1413916884, 6),
(103, 'info@dinotour.ru', 1413916944, 12),
(103, 'krvdns@mail.ru', 1413916944, 1),
(104, 'info@dinotour.ru', 1413917004, 10),
(104, 'krvdns@mail.ru', 1413917004, 3),
(105, 'info@dinotour.ru', 1414227032, 11),
(105, 'krvdns@mail.ru', 1414227032, 2),
(106, 'info@dinotour.ru', 1414227574, 10),
(106, 'krvdns@mail.ru', 1414227574, 3),
(107, 'info@dinotour.ru', 1414324853, 11),
(107, 'krvdns@mail.ru', 1414324853, 2),
(108, 'info@dinotour.ru', 1416578635, 9),
(109, 'info@dinotour.ru', 1416581048, 12),
(110, 'info@dinotour.ru', 1416581123, 7),
(111, 'info@dinotour.ru', 1416797712, 11);

-- --------------------------------------------------------

--
-- Структура таблицы `da_event_subscriber`
--

CREATE TABLE IF NOT EXISTS `da_event_subscriber` (
  `id_event_subscriber` int(8) NOT NULL AUTO_INCREMENT COMMENT 'id',
  `id_event_type` int(8) NOT NULL DEFAULT '0' COMMENT 'Тип события',
  `id_user` int(8) DEFAULT NULL COMMENT 'Пользователь',
  `format` int(2) NOT NULL COMMENT 'Формат сообщения',
  `archive_attach` int(1) NOT NULL DEFAULT '0' COMMENT 'Архивировать ли вложение',
  `email` varchar(60) DEFAULT NULL COMMENT 'E-mail адрес',
  `name` varchar(255) DEFAULT NULL COMMENT 'Имя подписчика',
  PRIMARY KEY (`id_event_subscriber`)
) ENGINE=InnoDB  DEFAULT CHARSET=utf8 PACK_KEYS=0 COMMENT='Подписчики на события' AUTO_INCREMENT=13 ;

--
-- Дамп данных таблицы `da_event_subscriber`
--

INSERT INTO `da_event_subscriber` (`id_event_subscriber`, `id_event_type`, `id_user`, `format`, `archive_attach`, `email`, `name`) VALUES
(7, 56, NULL, 2, 0, 'info@dinotour.ru', 'Михаил'),
(8, 55, NULL, 2, 0, 'info@dinotour.ru', 'Михаил'),
(9, 54, NULL, 2, 0, 'info@dinotour.ru', 'Михаил'),
(10, 53, NULL, 2, 0, 'info@dinotour.ru', 'Михаил'),
(11, 52, NULL, 2, 0, 'info@dinotour.ru', 'Михаил'),
(12, 51, NULL, 2, 0, 'info@dinotour.ru', 'Михаил');

-- --------------------------------------------------------

--
-- Структура таблицы `da_event_type`
--

CREATE TABLE IF NOT EXISTS `da_event_type` (
  `id_event_type` int(8) NOT NULL AUTO_INCREMENT COMMENT 'id',
  `id_object` varchar(255) DEFAULT NULL COMMENT 'Объект для работы',
  `last_time` int(10) DEFAULT NULL COMMENT 'Дата последей обработки',
  `interval_value` int(8) DEFAULT NULL COMMENT 'Интервал времени, через которое будет проходить обработка события',
  `sql_condition` varchar(255) DEFAULT NULL COMMENT 'SQL получающая экемпляры ("AS id_instance")',
  `name` varchar(100) NOT NULL COMMENT 'Название',
  `condition_done` varchar(255) DEFAULT NULL COMMENT 'SQL выражение, срабатывающее после обработки экземпляра (<<id_instance>>)',
  `id_mail_account` int(8) NOT NULL DEFAULT '0' COMMENT 'Используемый почтовый аккаунт',
  PRIMARY KEY (`id_event_type`)
) ENGINE=InnoDB  DEFAULT CHARSET=utf8 PACK_KEYS=0 COMMENT='Тип события' AUTO_INCREMENT=57 ;

--
-- Дамп данных таблицы `da_event_type`
--

INSERT INTO `da_event_type` (`id_event_type`, `id_object`, `last_time`, `interval_value`, `sql_condition`, `name`, `condition_done`, `id_mail_account`) VALUES
(50, '', 1344593834, 300, NULL, 'Новый комментарий', NULL, 0),
(51, '', NULL, 90, NULL, 'Письмо заказа звонка', NULL, 0),
(52, '', NULL, 90, NULL, 'Письмо с форм написать нам / задать вопрос', NULL, 0),
(53, '', NULL, 90, NULL, 'Форма заказа тура', NULL, 0),
(54, '', NULL, 90, NULL, 'Новый отзыв', NULL, 0),
(55, '', NULL, 90, NULL, 'Заказ сувенира', NULL, 0),
(56, '', NULL, 90, NULL, 'Подбор тура', NULL, 0);

-- --------------------------------------------------------

--
-- Структура таблицы `da_files`
--

CREATE TABLE IF NOT EXISTS `da_files` (
  `id_file` int(8) NOT NULL AUTO_INCREMENT COMMENT 'id',
  `file_path` varchar(255) NOT NULL COMMENT 'Путь к файлу',
  `id_file_type` int(8) DEFAULT NULL COMMENT 'Тип файла',
  `count` int(6) DEFAULT NULL COMMENT 'Количество загрузок',
  `id_object` varchar(255) DEFAULT NULL COMMENT 'Объект',
  `id_instance` int(8) DEFAULT NULL COMMENT 'ИД экземпляра',
  `id_parameter` varchar(255) DEFAULT NULL COMMENT 'Свойство объекта',
  `id_property` int(8) DEFAULT NULL COMMENT 'Пользовательское свойство',
  `create_date` int(10) DEFAULT NULL COMMENT 'Дата создания файла',
  `id_parent_file` int(8) DEFAULT NULL COMMENT 'Родительский файл',
  `id_tmp` varchar(32) DEFAULT NULL COMMENT 'Временный ИД',
  `status_process` tinyint(1) NOT NULL DEFAULT '0' COMMENT 'Статус создания превью-файла',
  PRIMARY KEY (`id_file`),
  KEY `id_tmp` (`id_tmp`,`id_object`,`id_instance`,`id_parameter`,`id_parent_file`,`id_file_type`,`file_path`)
) ENGINE=InnoDB  DEFAULT CHARSET=utf8 COMMENT='Файлы' AUTO_INCREMENT=2232 ;

--
-- Дамп данных таблицы `da_files`
--

INSERT INTO `da_files` (`id_file`, `file_path`, `id_file_type`, `count`, `id_object`, `id_instance`, `id_parameter`, `id_property`, `create_date`, `id_parent_file`, `id_tmp`, `status_process`) VALUES
(3, '/content/promoblock/2/promo-2.png', 1, NULL, 'project-bloki---ssylki-na-glavnoi', 2, 'project-bloki---ssylki-na-glavnoi-bg-image', NULL, 1409828740, NULL, NULL, 0),
(5, '/content/promoblock/3/promo-3.png', 1, NULL, 'project-bloki---ssylki-na-glavnoi', 3, 'project-bloki---ssylki-na-glavnoi-bg-image', NULL, 1409828775, NULL, NULL, 0),
(11, 'content/promoblock/1/promo-1.png', 1, NULL, 'project-bloki---ssylki-na-glavnoi', 1, 'project-bloki---ssylki-na-glavnoi-bg-image', NULL, 1410764024, NULL, NULL, 0),
(104, 'temp/eb679f71448ae8e385fb72e1db616732/f6e0f82ea59eac17633ca419b10c769b4b2e2804.png', 1, NULL, 'project-suveniry', NULL, 'project-suveniry-main-image', NULL, 1411644052, NULL, 'eb679f71448ae8e385fb72e1db616732', 0),
(130, 'temp/44d28ef9561339e7ebb4db53ec8fbefa/b57c06ac60d5cb7a72a1af8cca7a899ba9fd4321.jpg', 1, NULL, 'project-eto-interesno', NULL, 'project-eto-interesno-main-image', NULL, 1412079241, NULL, '44d28ef9561339e7ebb4db53ec8fbefa', 0),
(132, 'temp/aea07dce54f4b9fa2ea94aa4bddf6791/45b4eeedc4495acb6400e900315f7255650d414d.jpg', 1, NULL, 'project-eto-interesno', NULL, 'project-eto-interesno-main-image', NULL, 1412079398, NULL, 'aea07dce54f4b9fa2ea94aa4bddf6791', 0),
(134, 'content/interesting/1/3c214e05afd68f91134802fe0c3c7779857e2cfe.jpg', 1, NULL, 'project-eto-interesno', 1, 'project-eto-interesno-main-image', NULL, 1412160459, NULL, NULL, 0),
(142, '/content/interesting/3/692f6d340f6be24d607931aafbd45083472354ae.jpg', 1, NULL, 'project-eto-interesno', 3, 'project-eto-interesno-main-image', NULL, 1412253559, NULL, NULL, 0),
(145, 'content/interesting/4/6fd67d37ed4128fce343d26263161074d572e267.jpg', 1, NULL, 'project-eto-interesno', 4, 'project-eto-interesno-main-image', NULL, 1415713935, NULL, NULL, 0),
(148, '/content/interesting/5/LKr0mB6KHDU.jpg', 1, NULL, 'project-eto-interesno', 5, 'project-eto-interesno-main-image', NULL, 1413889079, NULL, NULL, 0),
(166, '/content/interesting/6/d98d0c06c24c53228f4f90c4d08c097ee7ebbcb4.jpg', 1, NULL, 'project-eto-interesno', 6, 'project-eto-interesno-main-image', NULL, 1414069782, NULL, NULL, 0),
(172, '/content/watermark/1/84958e071f23b9549ae8513dd61469a6727b8aa3.png', 1, NULL, 'project-vodnye-znaki', 1, 'project-vodnye-znaki-watermark-image', NULL, 1414501813, NULL, NULL, 0),
(174, 'content/watermark/2/5d1f46794d8f2df243e8cc5dc2a619e5629620a1.png', 1, NULL, 'project-vodnye-znaki', 2, 'project-vodnye-znaki-watermark-image', NULL, 1414583436, NULL, NULL, 0),
(301, 'temp/455a077b22e2cff905c8c86d95ccf007/794d8695683cd2bf2fc44839ec2840899c26385d.jpg', 1, NULL, 'project-eto-interesno', NULL, 'project-eto-interesno-main-image', NULL, 1415629234, NULL, '455a077b22e2cff905c8c86d95ccf007', 0),
(310, '/content/interesting/7/ae520f5a33f1ad055df494d80a784d68e0f210de.jpg', 1, NULL, 'project-eto-interesno', 7, 'project-eto-interesno-main-image', NULL, 1415632340, NULL, NULL, 0),
(313, '/content/interesting/8/35cb3fd649359bc16da25f80ed020368027912ae.jpg', 1, NULL, 'project-eto-interesno', 8, 'project-eto-interesno-main-image', NULL, 1415699243, NULL, NULL, 0),
(316, '/content/interesting/9/c2b22d3facc38ab88ab6eb61b009f2c559ee6089.jpg', 1, NULL, 'project-eto-interesno', 9, 'project-eto-interesno-main-image', NULL, 1415710122, NULL, NULL, 0),
(321, '/content/interesting/10/c628ad27327a9e48d99ac46f96079fb689171488.jpg', 1, NULL, 'project-eto-interesno', 10, 'project-eto-interesno-main-image', NULL, 1415792574, NULL, NULL, 0),
(324, '/content/interesting/11/3ccd4590e909e03782ac4e4da7400fd95c29f797.jpg', 1, NULL, 'project-eto-interesno', 11, 'project-eto-interesno-main-image', NULL, 1415797917, NULL, NULL, 0),
(327, '/content/interesting/12/a38925c50edfbff4a3662e5193593617f64e3d8c.jpg', 1, NULL, 'project-eto-interesno', 12, 'project-eto-interesno-main-image', NULL, 1415803533, NULL, NULL, 0),
(331, '/content/souvenir/3/cf39a68440e2406e3274a487a1cc7cc2af15602d.jpg', 1, NULL, 'project-suveniry', 3, 'project-suveniry-main-image', NULL, 1416299210, NULL, NULL, 0),
(333, '/content/souvenir/3/fdeecc71ddb06072d6da71eb9a7f787e71aecd85.jpg', 1, NULL, 'project-suveniry', 3, 'project-suveniry-galereya', NULL, 1416299217, NULL, NULL, 0),
(335, '/content/souvenir/3/7606c500e3961d4cbb5eb5f3a152dc5b0567e9a1.jpg', 1, NULL, 'project-suveniry', 3, 'project-suveniry-galereya', NULL, 1416299221, NULL, NULL, 0),
(337, '/content/souvenir/3/daf7c6ea49e6bacc564e29c9e2166d8887653f0b.jpg', 1, NULL, 'project-suveniry', 3, 'project-suveniry-galereya', NULL, 1416299226, NULL, NULL, 0),
(349, '/content/souvenir/4/3e540ba75eaca985e1c23ebef505670aa2e9dcb3.jpg', 1, NULL, 'project-suveniry', 4, 'project-suveniry-main-image', NULL, 1416299530, NULL, NULL, 0),
(351, '/content/souvenir/4/0d958b41111fe5c12894c73ede7a5317d24d60f9.jpg', 1, NULL, 'project-suveniry', 4, 'project-suveniry-galereya', NULL, 1416299537, NULL, NULL, 0),
(353, '/content/souvenir/4/ab74ceb745a16c3a5f4253fc398b03073e929a56.jpg', 1, NULL, 'project-suveniry', 4, 'project-suveniry-galereya', NULL, 1416299543, NULL, NULL, 0),
(355, '/content/souvenir/4/1694ee5f2247676b51f839a376bf50ace4afadd9.jpg', 1, NULL, 'project-suveniry', 4, 'project-suveniry-galereya', NULL, 1416299547, NULL, NULL, 0),
(357, '/content/souvenir/4/4178ebb8997ebb3bce0c3f1e9e3a635804516cf6.jpg', 1, NULL, 'project-suveniry', 4, 'project-suveniry-galereya', NULL, 1416299554, NULL, NULL, 0),
(359, '/content/souvenir/4/9a3941b412a2a97b3e5da1e7c918250080b79c15.jpg', 1, NULL, 'project-suveniry', 4, 'project-suveniry-galereya', NULL, 1416299559, NULL, NULL, 0),
(361, '/content/souvenir/4/1224f3de58bb4a14c510b3fdddd30951746d2940.jpg', 1, NULL, 'project-suveniry', 4, 'project-suveniry-galereya', NULL, 1416299566, NULL, NULL, 0),
(363, '/content/souvenir/4/dde3065d7fb93d3aa8f8895a7db97440624163f8.jpg', 1, NULL, 'project-suveniry', 4, 'project-suveniry-galereya', NULL, 1416299576, NULL, NULL, 0),
(365, '/content/souvenir/4/6a2b6bd708fcbaca39c4d8363beb2bab27c432df.jpg', 1, NULL, 'project-suveniry', 4, 'project-suveniry-galereya', NULL, 1416299578, NULL, NULL, 0),
(392, '/content/souvenir/5/41928f0dac034f881258b431a25740aabebcaabb.jpg', 1, NULL, 'project-suveniry', 5, 'project-suveniry-main-image', NULL, 1416299841, NULL, NULL, 0),
(394, '/content/souvenir/5/48ee31ac5b02c24439ebf2abd2cfb0a8e1f2f1cc.jpg', 1, NULL, 'project-suveniry', 5, 'project-suveniry-galereya', NULL, 1416299852, NULL, NULL, 0),
(396, '/content/souvenir/5/011eb7ffcf87e3946a5cfdec62e43653e53a16c3.jpg', 1, NULL, 'project-suveniry', 5, 'project-suveniry-galereya', NULL, 1416299854, NULL, NULL, 0),
(398, '/content/souvenir/5/df2e9613ab2119eb7e694935f814df3bd903e33f.jpg', 1, NULL, 'project-suveniry', 5, 'project-suveniry-galereya', NULL, 1416299856, NULL, NULL, 0),
(400, '/content/souvenir/5/603aa8fd6637b2b454ea09d9eeac6890f033e98a.jpg', 1, NULL, 'project-suveniry', 5, 'project-suveniry-galereya', NULL, 1416299857, NULL, NULL, 0),
(416, '/content/tour/5/743ec29513428d35db2cc3405ec18bcf3a4b3d4f.jpg', 1, NULL, 'project-tury', 5, 'project-tury-main-image', NULL, 1416489267, NULL, NULL, 0),
(418, '/content/tour/5/985f132e463f1224e29c45ac29d2f9d4d1000402.jpg', 1, NULL, 'project-tury', 5, 'project-tury-galereya', NULL, 1416489352, NULL, NULL, 0),
(420, '/content/tour/5/22577c6086271178c93dbafbb8e6937ebb298c4d.jpg', 1, NULL, 'project-tury', 5, 'project-tury-galereya', NULL, 1416489354, NULL, NULL, 0),
(422, '/content/tour/5/c6d42f361643bc09cf9663275ddb0490024ccb34.jpg', 1, NULL, 'project-tury', 5, 'project-tury-galereya', NULL, 1416489366, NULL, NULL, 0),
(424, '/content/tour/5/f6ff4b1b1f01e18e6591f759f1fbe77913d5f5cf.jpg', 1, NULL, 'project-tury', 5, 'project-tury-galereya', NULL, 1416489367, NULL, NULL, 0),
(426, '/content/tour/5/e637e174c25c147d6b78eeeb5c3e1b0de2556d5f.jpg', 1, NULL, 'project-tury', 5, 'project-tury-galereya', NULL, 1416489369, NULL, NULL, 0),
(428, '/content/tour/5/7ffbee2bf8424eae7f26ae19533201979c67cde9.jpg', 1, NULL, 'project-tury', 5, 'project-tury-galereya', NULL, 1416489378, NULL, NULL, 0),
(430, '/content/tour/5/95b1d6882d25dac891d16b573830b04564535f5d.jpg', 1, NULL, 'project-tury', 5, 'project-tury-galereya', NULL, 1416489397, NULL, NULL, 0),
(432, '/content/tour/5/5739e09a548930eb0b6ac3204a6b735d9bd1214e.jpg', 1, NULL, 'project-tury', 5, 'project-tury-galereya', NULL, 1416489400, NULL, NULL, 0),
(434, '/content/tour/5/9a86d1dc46978d9fe13590b826a5ecd8ce050385.jpg', 1, NULL, 'project-tury', 5, 'project-tury-galereya', NULL, 1416489410, NULL, NULL, 0),
(436, '/content/tour/5/98efd1446eca739555548c4088a2f9c555ebe8bc.jpg', 1, NULL, 'project-tury', 5, 'project-tury-galereya', NULL, 1416489411, NULL, NULL, 0),
(469, '/content/tour/6/e0863c936097c03bd4848250f92fbfe9af764a8a.jpg', 1, NULL, 'project-tury', 6, 'project-tury-main-image', NULL, 1416491651, NULL, NULL, 0),
(471, '/content/tour/6/2ad71da4fa824c1a902cac19cab54284ca8a14ab.jpg', 1, NULL, 'project-tury', 6, 'project-tury-galereya', NULL, 1416491771, NULL, NULL, 0),
(473, '/content/tour/6/566189dfd60c01f7b5c7d57259a99a33eca0e295.jpg', 1, NULL, 'project-tury', 6, 'project-tury-galereya', NULL, 1416491773, NULL, NULL, 0),
(475, '/content/tour/6/3f3464c633ac45cb0a8cae247254be44578fa71f.jpg', 1, NULL, 'project-tury', 6, 'project-tury-galereya', NULL, 1416491777, NULL, NULL, 0),
(477, '/content/tour/6/0c2b26555cf4e2d20621a901c183e4cf58f4a70b.jpg', 1, NULL, 'project-tury', 6, 'project-tury-galereya', NULL, 1416491791, NULL, NULL, 0),
(479, '/content/tour/6/f8d22a4ab44184ce17f8f31b3de5cf7d0b498cc3.jpg', 1, NULL, 'project-tury', 6, 'project-tury-galereya', NULL, 1416491795, NULL, NULL, 0),
(481, '/content/tour/6/e8a59483d1468c6f3df5d137914afee1cea44148.jpg', 1, NULL, 'project-tury', 6, 'project-tury-galereya', NULL, 1416491797, NULL, NULL, 0),
(483, '/content/tour/6/83f83f87bcb3a215f44d5fb9f29a23a141293642.jpg', 1, NULL, 'project-tury', 6, 'project-tury-galereya', NULL, 1416491802, NULL, NULL, 0),
(485, '/content/tour/6/7b37ffbfd96412b7bb9594e9b527ab39e10b6321.jpg', 1, NULL, 'project-tury', 6, 'project-tury-galereya', NULL, 1416491809, NULL, NULL, 0),
(487, '/content/tour/6/5b5c64c0223a535e0a3ce90c9b843917f0eb0884.jpg', 1, NULL, 'project-tury', 6, 'project-tury-galereya', NULL, 1416491810, NULL, NULL, 0),
(489, '/content/tour/6/2a828672a3513cde11c3c28c3f1ad2c95cd0c239.jpg', 1, NULL, 'project-tury', 6, 'project-tury-galereya', NULL, 1416491815, NULL, NULL, 0),
(491, '/content/tour/6/0cebf362295c90aef62dfabe93116024c08d28a0.jpg', 1, NULL, 'project-tury', 6, 'project-tury-galereya', NULL, 1416491820, NULL, NULL, 0),
(493, '/content/tour/6/ab31520da251285a9291e2d6b2461a01064ae2b1.jpg', 1, NULL, 'project-tury', 6, 'project-tury-galereya', NULL, 1416491829, NULL, NULL, 0),
(495, '/content/tour/6/8fe2a01b17a2cf481b621e7e17d8f2e908178deb.jpg', 1, NULL, 'project-tury', 6, 'project-tury-galereya', NULL, 1416491844, NULL, NULL, 0),
(497, '/content/tour/6/5b92d06cac628b07dad2ab16598bd77bd3d95d9a.jpg', 1, NULL, 'project-tury', 6, 'project-tury-galereya', NULL, 1416491848, NULL, NULL, 0),
(499, '/content/tour/6/c55e662a4c568e6f8db71b9f09767bc39d8f8953.jpg', 1, NULL, 'project-tury', 6, 'project-tury-galereya', NULL, 1416491852, NULL, NULL, 0),
(501, '/content/tour/6/4c6ab5eb76f7f44dc20fabf4b087ac9671e55b45.jpg', 1, NULL, 'project-tury', 6, 'project-tury-galereya', NULL, 1416491855, NULL, NULL, 0),
(552, '/content/tour/7/d6adae5b1381f4d9e56308b5983be17504e4168f.jpg', 1, NULL, 'project-tury', 7, 'project-tury-main-image', NULL, 1416492253, NULL, NULL, 0),
(554, '/content/tour/7/5869cc393e04722397484b27033d81ff6dc7eecd.jpg', 1, NULL, 'project-tury', 7, 'project-tury-galereya', NULL, 1416492262, NULL, NULL, 0),
(556, '/content/tour/7/ac41136f9810e46a423d7ed043181ad472103794.jpg', 1, NULL, 'project-tury', 7, 'project-tury-galereya', NULL, 1416492263, NULL, NULL, 0),
(558, '/content/tour/7/b0b33cc0c39b63a8aae447ced5cde81a8b7d4bea.jpg', 1, NULL, 'project-tury', 7, 'project-tury-galereya', NULL, 1416492264, NULL, NULL, 0),
(560, '/content/tour/7/98194cde1b08c076523281ba1212184a921df360.jpg', 1, NULL, 'project-tury', 7, 'project-tury-galereya', NULL, 1416492265, NULL, NULL, 0),
(562, '/content/tour/7/25a786cb5d06386d7d7cf8989df9c9ad4b674ecd.jpg', 1, NULL, 'project-tury', 7, 'project-tury-galereya', NULL, 1416492266, NULL, NULL, 0),
(564, '/content/tour/7/9ea2a80b33ec80343efcba3f6014033f93e077c1.jpg', 1, NULL, 'project-tury', 7, 'project-tury-galereya', NULL, 1416492267, NULL, NULL, 0),
(566, '/content/tour/7/5cf29d18ab44462cf4b4c88b96b494440b5c8b83.jpg', 1, NULL, 'project-tury', 7, 'project-tury-galereya', NULL, 1416492269, NULL, NULL, 0),
(568, '/content/tour/7/0cf465e5373681278235d84282714d651ee52f16.jpg', 1, NULL, 'project-tury', 7, 'project-tury-galereya', NULL, 1416492269, NULL, NULL, 0),
(570, '/content/tour/7/31f577dbf687461ce4c85ecfdb47a8317f2af1d3.jpg', 1, NULL, 'project-tury', 7, 'project-tury-galereya', NULL, 1416492269, NULL, NULL, 0),
(572, '/content/tour/7/395ec83cb30db6a60a81fc88aaf991a97c5cb468.jpg', 1, NULL, 'project-tury', 7, 'project-tury-galereya', NULL, 1416492271, NULL, NULL, 0),
(574, '/content/tour/7/05871fd00b72ccc937e733ad0d7405f417962654.jpg', 1, NULL, 'project-tury', 7, 'project-tury-galereya', NULL, 1416492274, NULL, NULL, 0),
(576, '/content/tour/7/4e705a944963652ce2b8b81acda4cc542aee8d5c.jpg', 1, NULL, 'project-tury', 7, 'project-tury-galereya', NULL, 1416492275, NULL, NULL, 0),
(578, '/content/tour/7/1d0e92e2917da6b1176ff85632e90a07ff762a72.jpg', 1, NULL, 'project-tury', 7, 'project-tury-galereya', NULL, 1416492282, NULL, NULL, 0),
(580, '/content/tour/7/a5487348e9a05956ec825ec3f5f1a5494d41f479.jpg', 1, NULL, 'project-tury', 7, 'project-tury-galereya', NULL, 1416492284, NULL, NULL, 0),
(582, '/content/tour/7/20c2624b2a83ab30738bd93799753206fc875e47.jpg', 1, NULL, 'project-tury', 7, 'project-tury-galereya', NULL, 1416492298, NULL, NULL, 0),
(630, 'content/photos/4/d9d5925d0f5df96db8a1961f85b2b1f474a7b8c4.jpg', 1, NULL, '501', 4, '1510', NULL, 1416493256, NULL, NULL, 0),
(632, 'content/photos/5/c14583d4b845eef6458069f2600db49e5b50f3e6.jpg', 1, NULL, '501', 5, '1510', NULL, 1416493256, NULL, NULL, 0),
(634, 'content/photos/6/912f13b4d6bee35b64a41691e18b39fd6be21724.jpg', 1, NULL, '501', 6, '1510', NULL, 1416493256, NULL, NULL, 0),
(636, 'content/photos/7/97487b9f81aa1c067b0913166f7eb0ad110fa478.jpg', 1, NULL, '501', 7, '1510', NULL, 1416813082, NULL, NULL, 0),
(638, 'content/photos/8/137f81b67de0916e4da141709699eb46cd5bdfda.jpg', 1, NULL, '501', 8, '1510', NULL, 1416812819, NULL, NULL, 0),
(640, 'content/photos/9/8f76d0bf6d1e2972763f378813347e8764b0641d.jpg', 1, NULL, '501', 9, '1510', NULL, 1416813018, NULL, NULL, 0),
(642, 'content/photos/10/9cbcfa1e55d38a17b54ce31292233b0ad796ac23.jpg', 1, NULL, '501', 10, '1510', NULL, 1416812948, NULL, NULL, 0),
(644, 'content/photos/11/87a224ce8b063dbd1c9c6e2893762dd1723960e9.jpg', 1, NULL, '501', 11, '1510', NULL, 1416812985, NULL, NULL, 0),
(646, 'content/photos/12/e0bcd13a9987a5e4542270a0dca0b58c79fde9de.jpg', 1, NULL, '501', 12, '1510', NULL, 1416493268, NULL, NULL, 0),
(648, 'content/photos/13/79d5b301b0def8649811aa6127c9de2f30c992dc.jpg', 1, NULL, '501', 13, '1510', NULL, 1416493320, NULL, NULL, 0),
(650, 'content/photos/14/10b95156a4b690d4e79ae884bb41b91f58d23ce4.jpg', 1, NULL, '501', 14, '1510', NULL, 1416493335, NULL, NULL, 0),
(652, 'content/photos/15/4883f808cbecbab261b5b8bd63261c7fd04ac3e0.jpg', 1, NULL, '501', 15, '1510', NULL, 1416493337, NULL, NULL, 0),
(654, 'content/photos/16/58f204a859756951b8b8476f5e4afbfc5fc66bc6.jpg', 1, NULL, '501', 16, '1510', NULL, 1416493348, NULL, NULL, 0),
(656, 'content/photos/17/70f4dfc14c3f5e3109acdce98adcaabd51924677.jpg', 1, NULL, '501', 17, '1510', NULL, 1416493354, NULL, NULL, 0),
(658, 'content/photos/19/fbcfd7627e19bb1773edf623d7b73972728225d5.jpg', 1, NULL, '501', 19, '1510', NULL, 1416493379, NULL, NULL, 0),
(660, 'content/photos/20/739467889d3b1f0bcd756719fd57607a35e2d746.jpg', 1, NULL, '501', 20, '1510', NULL, 1416493386, NULL, NULL, 0),
(662, 'content/photos/21/28a75f883d59d9290c63f63139198c48ef9200d0.jpg', 1, NULL, '501', 21, '1510', NULL, 1416493387, NULL, NULL, 0),
(664, 'content/photos/22/34ab697f2c66e5bdc7fe0fd80a2da8ab04d4e657.jpg', 1, NULL, '501', 22, '1510', NULL, 1416493396, NULL, NULL, 0),
(666, 'content/photos/23/9d53ee79d674ea3f80aa8e933c3219905703cfbc.jpg', 1, NULL, '501', 23, '1510', NULL, 1416493399, NULL, NULL, 0),
(668, 'content/photos/24/f0c11d764293ef50c8eae5a0a81d1d8d9fa853d6.jpg', 1, NULL, '501', 24, '1510', NULL, 1416493402, NULL, NULL, 0),
(686, 'content/photos/25/bfade3f19d755fb2e3f1a306a22e4e72aa8adc35.jpg', 1, NULL, '501', 25, '1510', NULL, 1416493474, NULL, NULL, 0),
(688, 'content/photos/26/ff1b994e63950b461fe9be250782518c3b625080.jpg', 1, NULL, '501', 26, '1510', NULL, 1416493478, NULL, NULL, 0),
(690, 'content/photos/27/86d652fd8b44a9eb26e2b3d6385b735229b607cb.jpg', 1, NULL, '501', 27, '1510', NULL, 1416493480, NULL, NULL, 0),
(692, 'content/photos/28/dafc7ef18ea9051a3599854cbae0c321bcb802cc.jpg', 1, NULL, '501', 28, '1510', NULL, 1416493480, NULL, NULL, 0),
(694, 'content/photos/29/250e67191346fbfae006c2def1cb88f260692950.jpg', 1, NULL, '501', 29, '1510', NULL, 1416493480, NULL, NULL, 0),
(696, 'content/photos/30/7cdc39722b5191984ec5b237436acdf1e148aed2.jpg', 1, NULL, '501', 30, '1510', NULL, 1416493481, NULL, NULL, 0),
(698, 'content/photos/31/d966b8901fccbae1bf0fd406477fb75085633294.jpg', 1, NULL, '501', 31, '1510', NULL, 1416493483, NULL, NULL, 0),
(700, 'content/photos/32/caacbb43da60befded127b51bfcf013d3f573d29.jpg', 1, NULL, '501', 32, '1510', NULL, 1416493485, NULL, NULL, 0),
(702, 'content/photos/33/690d5b6a74abb67a0a9e1be345587ff87f4d4719.jpg', 1, NULL, '501', 33, '1510', NULL, 1416493486, NULL, NULL, 0),
(704, 'content/photos/34/e35d33e40d61fe0e425bb7c4345fe421439d69b9.jpg', 1, NULL, '501', 34, '1510', NULL, 1416493487, NULL, NULL, 0),
(706, 'content/photos/35/71f9cd4b95a1e789df83ce1b37b8c6a82e593028.jpg', 1, NULL, '501', 35, '1510', NULL, 1416493489, NULL, NULL, 0),
(708, 'content/photos/36/7d51a36fadfa302e7a9d10784270a8d139d97df5.jpg', 1, NULL, '501', 36, '1510', NULL, 1416493514, NULL, NULL, 0),
(710, 'content/photos/37/0e426279f1a13f7e119dd304b05beba45a14d837.jpg', 1, NULL, '501', 37, '1510', NULL, 1416493519, NULL, NULL, 0),
(712, 'content/photos/38/a3ab2bdd30965dccde2429a379b3abb5f0053ce1.jpg', 1, NULL, '501', 38, '1510', NULL, 1416493519, NULL, NULL, 0),
(714, 'content/photos/39/a983317ca4873bf3b36aca40edc35fa96f9f7cc5.jpg', 1, NULL, '501', 39, '1510', NULL, 1416493530, NULL, NULL, 0),
(716, 'content/photos/40/55e27030fc4e0098a1d68030a5c1ffd2a1ed308c.jpg', 1, NULL, '501', 40, '1510', NULL, 1416493561, NULL, NULL, 0),
(718, 'content/photos/41/70fee718ae15ec1f700ff90e127b3a59b84354e4.jpg', 1, NULL, '501', 41, '1510', NULL, 1416493563, NULL, NULL, 0),
(720, 'content/photos/42/e8dd230e5b29ef0678dfb997d650c39be0970f89.jpg', 1, NULL, '501', 42, '1510', NULL, 1416493564, NULL, NULL, 0),
(722, 'content/photos/43/87ba4b6e3d3178c9641f0b0abf9c9868af9a01e3.jpg', 1, NULL, '501', 43, '1510', NULL, 1416493566, NULL, NULL, 0),
(724, 'content/photos/44/18c763d6e6a9f92daa1401b6af1df219d8d434da.jpg', 1, NULL, '501', 44, '1510', NULL, 1416493571, NULL, NULL, 0),
(726, 'content/photos/45/26aad11571ba483a42f9ead3b3fac4c045e79dd2.jpg', 1, NULL, '501', 45, '1510', NULL, 1416493572, NULL, NULL, 0),
(728, 'content/photos/46/e833c4b546ce33cc97c948060df44838fe5e3bdc.jpg', 1, NULL, '501', 46, '1510', NULL, 1416493574, NULL, NULL, 0),
(730, 'content/photos/47/c67e16c8a07fe1a5fe91ae985657d58577497fb2.jpg', 1, NULL, '501', 47, '1510', NULL, 1416493577, NULL, NULL, 0),
(732, 'content/photos/48/3aa0e7aef385ba6ac0b4169bc9279ce72a578ff1.jpg', 1, NULL, '501', 48, '1510', NULL, 1416493577, NULL, NULL, 0),
(734, 'content/photos/49/f49582ad925e173bd346b1fc13aec0f43b8d686f.jpg', 1, NULL, '501', 49, '1510', NULL, 1416493578, NULL, NULL, 0),
(736, 'content/photos/50/37782b65c93ff6b7234962b79165221393c85111.jpg', 1, NULL, '501', 50, '1510', NULL, 1416493578, NULL, NULL, 0),
(738, 'content/photos/51/ffa90f307495c323c3df998bc7917f0e72ab2e28.jpg', 1, NULL, '501', 51, '1510', NULL, 1416493578, NULL, NULL, 0),
(740, 'content/photos/52/0baa5d14d157c5b390f0c7de802c7026cc4225c4.jpg', 1, NULL, '501', 52, '1510', NULL, 1416493580, NULL, NULL, 0),
(742, 'content/photos/53/d6c3ce6b68f13bb8f2f91e0fcd4986255b8bdbd9.jpg', 1, NULL, '501', 53, '1510', NULL, 1416493581, NULL, NULL, 0),
(744, 'content/photos/54/ae73141256331dcb26484e83580fdf5e7110ca42.jpg', 1, NULL, '501', 54, '1510', NULL, 1416493581, NULL, NULL, 0),
(746, 'content/photos/55/233c01e2920712ad1392f48f4e978e362e461b1d.jpg', 1, NULL, '501', 55, '1510', NULL, 1416493582, NULL, NULL, 0),
(748, 'content/photos/56/61d6f459a04aec8eab29e0231c57f42ac1654752.jpg', 1, NULL, '501', 56, '1510', NULL, 1416493583, NULL, NULL, 0),
(750, 'content/photos/57/1ced57775d993081cb15f96b911a6164df6a24cd.jpg', 1, NULL, '501', 57, '1510', NULL, 1416493585, NULL, NULL, 0),
(752, 'content/photos/58/dd1b697b682d5f32fbabba275619d7c98276b362.jpg', 1, NULL, '501', 58, '1510', NULL, 1416493585, NULL, NULL, 0),
(754, 'content/photos/59/a6b90e19eea15e48250279dd2b87be3d5638f70e.jpg', 1, NULL, '501', 59, '1510', NULL, 1416493585, NULL, NULL, 0),
(756, 'content/photos/60/6dfdc7ef4a2930100e2ac3dc09903978b17bfd5c.jpg', 1, NULL, '501', 60, '1510', NULL, 1416493586, NULL, NULL, 0),
(758, 'content/photos/61/7af51087dcaa708988e96abf462ab0eb158743e9.jpg', 1, NULL, '501', 61, '1510', NULL, 1416493587, NULL, NULL, 0),
(760, 'content/photos/62/caac67ffd7dc27f58db3a97d1c2e9c003ef0cde8.jpg', 1, NULL, '501', 62, '1510', NULL, 1416493589, NULL, NULL, 0),
(762, 'content/photos/63/2777d90347d060875c8c3dac0c0fcaf781a802cd.jpg', 1, NULL, '501', 63, '1510', NULL, 1416493589, NULL, NULL, 0),
(764, 'content/photos/64/7d0ddee762c25515a8f660eef3e6e0ef2ae8e6e6.jpg', 1, NULL, '501', 64, '1510', NULL, 1416493589, NULL, NULL, 0),
(766, 'content/photos/65/cc81c288be57f02770d8ad0a5179091a5df26097.jpg', 1, NULL, '501', 65, '1510', NULL, 1416493590, NULL, NULL, 0),
(768, 'content/photos/66/457da28c260a7e945f32f358fafbc03002e57d59.jpg', 1, NULL, '501', 66, '1510', NULL, 1416493591, NULL, NULL, 0),
(770, 'content/photos/67/f512539daf41aa0a686b8058559ebbd01ceecba7.jpg', 1, NULL, '501', 67, '1510', NULL, 1416493592, NULL, NULL, 0),
(772, 'content/photos/68/fd93dd74e6e70bf9a25fc441733109d4488d3f1a.jpg', 1, NULL, '501', 68, '1510', NULL, 1416493592, NULL, NULL, 0),
(774, 'content/photos/69/1d0a5459a57b936a3593ef10511e71c5485839c5.jpg', 1, NULL, '501', 69, '1510', NULL, 1416493593, NULL, NULL, 0),
(776, 'content/photos/70/71d575f1907594bba42fbc7da2ef36dd4c4d3b2c.jpg', 1, NULL, '501', 70, '1510', NULL, 1416493593, NULL, NULL, 0),
(778, 'content/photos/71/524e230f66c2afc04615adb35273ac19c30bb6a5.jpg', 1, NULL, '501', 71, '1510', NULL, 1416493594, NULL, NULL, 0),
(780, 'content/photos/72/a4b033e79d6b94ba439db240407fb0e4191b9cb1.jpg', 1, NULL, '501', 72, '1510', NULL, 1416493594, NULL, NULL, 0),
(782, 'content/photos/73/cea27163586a565b8826679dc24e3a5aac6d567d.jpg', 1, NULL, '501', 73, '1510', NULL, 1416493594, NULL, NULL, 0),
(784, 'content/photos/74/2c378a9361f3f706e0aa75ca13a83c228197af07.jpg', 1, NULL, '501', 74, '1510', NULL, 1416493594, NULL, NULL, 0),
(786, 'content/photos/75/25beb4c2fa7ee94f9bfcf875b057edcd17425529.jpg', 1, NULL, '501', 75, '1510', NULL, 1416493595, NULL, NULL, 0),
(788, 'content/photos/76/c6062a72e3a342f5ead605f214157ef108147df9.jpg', 1, NULL, '501', 76, '1510', NULL, 1416493595, NULL, NULL, 0),
(790, 'content/photos/77/279b36a54f61a2fb9be754017c98156608a9c3b7.jpg', 1, NULL, '501', 77, '1510', NULL, 1416493597, NULL, NULL, 0),
(792, 'content/photos/78/856652ac2a44b5808291a743e3769d2ca15a0b25.jpg', 1, NULL, '501', 78, '1510', NULL, 1416493597, NULL, NULL, 0),
(794, 'content/photos/79/11fb4d15743b81afadd5189698f202488e836d79.jpg', 1, NULL, '501', 79, '1510', NULL, 1416493598, NULL, NULL, 0),
(796, 'content/photos/80/a7856869e5371e4d2841b6dd272881b32b40d732.jpg', 1, NULL, '501', 80, '1510', NULL, 1416493598, NULL, NULL, 0),
(798, 'content/photos/81/31fd24e3c178a10446b5121534233f3c274de957.jpg', 1, NULL, '501', 81, '1510', NULL, 1416493598, NULL, NULL, 0),
(800, 'content/photos/82/2d26b7220a4f49e75079c68ec128a0e51d9a8eb6.jpg', 1, NULL, '501', 82, '1510', NULL, 1416493599, NULL, NULL, 0),
(802, 'content/photos/83/9bb8fab62ed0497d4b82dbbc6052bbd5b355930b.jpg', 1, NULL, '501', 83, '1510', NULL, 1416493599, NULL, NULL, 0),
(804, 'content/photos/84/f66e75f71c3986353067533a526069802cb3d8c4.jpg', 1, NULL, '501', 84, '1510', NULL, 1416493599, NULL, NULL, 0),
(806, 'content/photos/85/07b29ba91168347d05999a634a042d3d3dc2c14f.jpg', 1, NULL, '501', 85, '1510', NULL, 1416493600, NULL, NULL, 0),
(808, 'content/photos/86/ae10cc8379a73bc5939bfda81c459be799bcda2c.jpg', 1, NULL, '501', 86, '1510', NULL, 1416493600, NULL, NULL, 0),
(810, 'content/photos/87/f5abb357fa07b26951bb976f5228d11c49a3de47.jpg', 1, NULL, '501', 87, '1510', NULL, 1416493601, NULL, NULL, 0),
(812, 'content/photos/88/652e8eb3f5c67f46e871735898226cd229831f82.jpg', 1, NULL, '501', 88, '1510', NULL, 1416493601, NULL, NULL, 0),
(814, 'content/photos/89/be273e9a187ef23c680b4fa3d20f8005ec12fa1f.jpg', 1, NULL, '501', 89, '1510', NULL, 1416493602, NULL, NULL, 0),
(816, 'content/photos/90/bafaca4c493a7b9b1cf04df592cbfd284b3db9b8.jpg', 1, NULL, '501', 90, '1510', NULL, 1416493602, NULL, NULL, 0),
(818, 'content/photos/91/5d9eaa629c221e1a0957e1cafd7cbfe86b9eadea.jpg', 1, NULL, '501', 91, '1510', NULL, 1416493603, NULL, NULL, 0),
(820, 'content/photos/92/c31e9398e2632964ddc8a66218987a3c027f08fd.jpg', 1, NULL, '501', 92, '1510', NULL, 1416493603, NULL, NULL, 0),
(822, 'content/photos/93/be121cdc3d1112722594cbeca5b43129303135f0.jpg', 1, NULL, '501', 93, '1510', NULL, 1416493604, NULL, NULL, 0),
(824, 'content/photos/94/d69a9c6264e195c4be04957dd9f30bb8870c6120.jpg', 1, NULL, '501', 94, '1510', NULL, 1416493605, NULL, NULL, 0),
(826, 'content/photos/95/37d59da1b2cda4db288f92c2f4a0eda3c26e4b30.jpg', 1, NULL, '501', 95, '1510', NULL, 1416493606, NULL, NULL, 0),
(828, 'content/photos/96/4b1122c3b81c586b612abfdd39e7516f441dce2a.jpg', 1, NULL, '501', 96, '1510', NULL, 1416493606, NULL, NULL, 0),
(830, 'content/photos/97/140aa2304c12ed34da4d396e82321f877ecc18de.jpg', 1, NULL, '501', 97, '1510', NULL, 1416493608, NULL, NULL, 0),
(1594, 'content/souvenir/3/cf39a68440e2406e3274a487a1cc7cc2af15602d_main_image.jpg', 1, NULL, 'project-suveniry', 3, 'project-suveniry-main-image', NULL, 1416828492, 331, NULL, 0),
(1595, 'content/souvenir/4/3e540ba75eaca985e1c23ebef505670aa2e9dcb3_main_image.jpg', 1, NULL, 'project-suveniry', 4, 'project-suveniry-main-image', NULL, 1416828492, 349, NULL, 0),
(1596, 'content/souvenir/5/41928f0dac034f881258b431a25740aabebcaabb_main_image.jpg', 1, NULL, 'project-suveniry', 5, 'project-suveniry-main-image', NULL, 1416828492, 392, NULL, 0),
(1597, 'content/souvenir/3/fdeecc71ddb06072d6da71eb9a7f787e71aecd85_full.jpg', 1, NULL, 'project-suveniry', 3, 'project-suveniry-galereya', NULL, 1416828503, 333, NULL, 0),
(1598, 'content/souvenir/3/fdeecc71ddb06072d6da71eb9a7f787e71aecd85_big_thumb.jpg', 1, NULL, 'project-suveniry', 3, 'project-suveniry-galereya', NULL, 1416828503, 333, NULL, 0),
(1599, 'content/souvenir/3/fdeecc71ddb06072d6da71eb9a7f787e71aecd85_thumb.jpg', 1, NULL, 'project-suveniry', 3, 'project-suveniry-galereya', NULL, 1416828503, 333, NULL, 0),
(1600, 'content/souvenir/3/7606c500e3961d4cbb5eb5f3a152dc5b0567e9a1_full.jpg', 1, NULL, 'project-suveniry', 3, 'project-suveniry-galereya', NULL, 1416828503, 335, NULL, 0),
(1601, 'content/souvenir/3/7606c500e3961d4cbb5eb5f3a152dc5b0567e9a1_big_thumb.jpg', 1, NULL, 'project-suveniry', 3, 'project-suveniry-galereya', NULL, 1416828503, 335, NULL, 0),
(1602, 'content/souvenir/3/7606c500e3961d4cbb5eb5f3a152dc5b0567e9a1_thumb.jpg', 1, NULL, 'project-suveniry', 3, 'project-suveniry-galereya', NULL, 1416828504, 335, NULL, 0),
(1603, 'content/souvenir/3/daf7c6ea49e6bacc564e29c9e2166d8887653f0b_full.jpg', 1, NULL, 'project-suveniry', 3, 'project-suveniry-galereya', NULL, 1416828504, 337, NULL, 0),
(1604, 'content/souvenir/3/daf7c6ea49e6bacc564e29c9e2166d8887653f0b_big_thumb.jpg', 1, NULL, 'project-suveniry', 3, 'project-suveniry-galereya', NULL, 1416828504, 337, NULL, 0),
(1605, 'content/souvenir/3/daf7c6ea49e6bacc564e29c9e2166d8887653f0b_thumb.jpg', 1, NULL, 'project-suveniry', 3, 'project-suveniry-galereya', NULL, 1416828504, 337, NULL, 0),
(1606, 'content/interesting/3/692f6d340f6be24d607931aafbd45083472354ae_main_image.jpg', 1, NULL, 'project-eto-interesno', 3, 'project-eto-interesno-main-image', NULL, 1416828542, 142, NULL, 0),
(1607, 'content/interesting/7/ae520f5a33f1ad055df494d80a784d68e0f210de_main_image.jpg', 1, NULL, 'project-eto-interesno', 7, 'project-eto-interesno-main-image', NULL, 1416828542, 310, NULL, 0),
(1608, 'content/interesting/8/35cb3fd649359bc16da25f80ed020368027912ae_main_image.jpg', 1, NULL, 'project-eto-interesno', 8, 'project-eto-interesno-main-image', NULL, 1416828542, 313, NULL, 0),
(1609, 'content/interesting/5/LKr0mB6KHDU_main_image.jpg', 1, NULL, 'project-eto-interesno', 5, 'project-eto-interesno-main-image', NULL, 1416828542, 148, NULL, 0),
(1610, 'content/interesting/6/d98d0c06c24c53228f4f90c4d08c097ee7ebbcb4_main_image.jpg', 1, NULL, 'project-eto-interesno', 6, 'project-eto-interesno-main-image', NULL, 1416828542, 166, NULL, 0),
(1611, 'content/interesting/11/3ccd4590e909e03782ac4e4da7400fd95c29f797_main_image.jpg', 1, NULL, 'project-eto-interesno', 11, 'project-eto-interesno-main-image', NULL, 1416828542, 324, NULL, 0),
(1612, 'content/interesting/12/a38925c50edfbff4a3662e5193593617f64e3d8c_main_image.jpg', 1, NULL, 'project-eto-interesno', 12, 'project-eto-interesno-main-image', NULL, 1416828542, 327, NULL, 0),
(1613, 'content/interesting/10/c628ad27327a9e48d99ac46f96079fb689171488_main_image.jpg', 1, NULL, 'project-eto-interesno', 10, 'project-eto-interesno-main-image', NULL, 1416828542, 321, NULL, 0),
(1614, 'content/interesting/9/c2b22d3facc38ab88ab6eb61b009f2c559ee6089_main_image.jpg', 1, NULL, 'project-eto-interesno', 9, 'project-eto-interesno-main-image', NULL, 1416828542, 316, NULL, 0),
(1615, 'content/interesting/1/3c214e05afd68f91134802fe0c3c7779857e2cfe_main_image.jpg', 1, NULL, 'project-eto-interesno', 1, 'project-eto-interesno-main-image', NULL, 1416828542, 134, NULL, 0),
(1616, 'content/interesting/4/6fd67d37ed4128fce343d26263161074d572e267_main_image.jpg', 1, NULL, 'project-eto-interesno', 4, 'project-eto-interesno-main-image', NULL, 1416828542, 145, NULL, 0),
(1617, 'content/souvenir/5/48ee31ac5b02c24439ebf2abd2cfb0a8e1f2f1cc_full.jpg', 1, NULL, 'project-suveniry', 5, 'project-suveniry-galereya', NULL, 1416828636, 394, NULL, 0),
(1618, 'content/souvenir/5/48ee31ac5b02c24439ebf2abd2cfb0a8e1f2f1cc_big_thumb.jpg', 1, NULL, 'project-suveniry', 5, 'project-suveniry-galereya', NULL, 1416828636, 394, NULL, 0),
(1619, 'content/souvenir/5/48ee31ac5b02c24439ebf2abd2cfb0a8e1f2f1cc_thumb.jpg', 1, NULL, 'project-suveniry', 5, 'project-suveniry-galereya', NULL, 1416828636, 394, NULL, 0),
(1620, 'content/souvenir/5/011eb7ffcf87e3946a5cfdec62e43653e53a16c3_full.jpg', 1, NULL, 'project-suveniry', 5, 'project-suveniry-galereya', NULL, 1416828636, 396, NULL, 0),
(1621, 'content/souvenir/5/011eb7ffcf87e3946a5cfdec62e43653e53a16c3_big_thumb.jpg', 1, NULL, 'project-suveniry', 5, 'project-suveniry-galereya', NULL, 1416828636, 396, NULL, 0),
(1622, 'content/souvenir/5/011eb7ffcf87e3946a5cfdec62e43653e53a16c3_thumb.jpg', 1, NULL, 'project-suveniry', 5, 'project-suveniry-galereya', NULL, 1416828636, 396, NULL, 0),
(1623, 'content/souvenir/5/df2e9613ab2119eb7e694935f814df3bd903e33f_full.jpg', 1, NULL, 'project-suveniry', 5, 'project-suveniry-galereya', NULL, 1416828636, 398, NULL, 0),
(1624, 'content/souvenir/5/df2e9613ab2119eb7e694935f814df3bd903e33f_big_thumb.jpg', 1, NULL, 'project-suveniry', 5, 'project-suveniry-galereya', NULL, 1416828636, 398, NULL, 0),
(1625, 'content/souvenir/5/df2e9613ab2119eb7e694935f814df3bd903e33f_thumb.jpg', 1, NULL, 'project-suveniry', 5, 'project-suveniry-galereya', NULL, 1416828636, 398, NULL, 0),
(1626, 'content/souvenir/5/603aa8fd6637b2b454ea09d9eeac6890f033e98a_full.jpg', 1, NULL, 'project-suveniry', 5, 'project-suveniry-galereya', NULL, 1416828636, 400, NULL, 0),
(1627, 'content/souvenir/5/603aa8fd6637b2b454ea09d9eeac6890f033e98a_big_thumb.jpg', 1, NULL, 'project-suveniry', 5, 'project-suveniry-galereya', NULL, 1416828636, 400, NULL, 0),
(1628, 'content/souvenir/5/603aa8fd6637b2b454ea09d9eeac6890f033e98a_thumb.jpg', 1, NULL, 'project-suveniry', 5, 'project-suveniry-galereya', NULL, 1416828636, 400, NULL, 0),
(1629, 'content/promoblock/1/promo-1_bg.png', 1, NULL, 'project-bloki---ssylki-na-glavnoi', 1, 'project-bloki---ssylki-na-glavnoi-bg-image', NULL, 1416830936, 11, NULL, 0),
(1630, 'content/promoblock/2/promo-2_bg.png', 1, NULL, 'project-bloki---ssylki-na-glavnoi', 2, 'project-bloki---ssylki-na-glavnoi-bg-image', NULL, 1416830936, 3, NULL, 0),
(1631, 'content/promoblock/3/promo-3_bg.png', 1, NULL, 'project-bloki---ssylki-na-glavnoi', 3, 'project-bloki---ssylki-na-glavnoi-bg-image', NULL, 1416830936, 5, NULL, 0),
(1632, 'content/photos/47/c67e16c8a07fe1a5fe91ae985657d58577497fb2_rand_small.jpg', 1, NULL, '501', 47, '1510', NULL, 1416830936, 730, NULL, 0),
(1633, 'content/photos/47/c67e16c8a07fe1a5fe91ae985657d58577497fb2_full.jpg', 1, NULL, '501', 47, '1510', NULL, 1416830936, 730, NULL, 0),
(1634, 'content/photos/88/652e8eb3f5c67f46e871735898226cd229831f82_rand_small.jpg', 1, NULL, '501', 88, '1510', NULL, 1416830936, 812, NULL, 0),
(1635, 'content/photos/88/652e8eb3f5c67f46e871735898226cd229831f82_full.jpg', 1, NULL, '501', 88, '1510', NULL, 1416830937, 812, NULL, 0),
(1636, 'content/photos/38/a3ab2bdd30965dccde2429a379b3abb5f0053ce1_rand_small.jpg', 1, NULL, '501', 38, '1510', NULL, 1416830937, 712, NULL, 0),
(1637, 'content/photos/38/a3ab2bdd30965dccde2429a379b3abb5f0053ce1_full.jpg', 1, NULL, '501', 38, '1510', NULL, 1416830937, 712, NULL, 0),
(1638, 'content/photos/92/c31e9398e2632964ddc8a66218987a3c027f08fd_rand_small.jpg', 1, NULL, '501', 92, '1510', NULL, 1416830937, 820, NULL, 0),
(1639, 'content/photos/92/c31e9398e2632964ddc8a66218987a3c027f08fd_full.jpg', 1, NULL, '501', 92, '1510', NULL, 1416830937, 820, NULL, 0),
(1640, 'content/photos/79/11fb4d15743b81afadd5189698f202488e836d79_rand_small.jpg', 1, NULL, '501', 79, '1510', NULL, 1416830954, 794, NULL, 0),
(1641, 'content/photos/79/11fb4d15743b81afadd5189698f202488e836d79_full.jpg', 1, NULL, '501', 79, '1510', NULL, 1416830954, 794, NULL, 0),
(1642, 'content/photos/21/28a75f883d59d9290c63f63139198c48ef9200d0_rand_small.jpg', 1, NULL, '501', 21, '1510', NULL, 1416830954, 662, NULL, 0),
(1643, 'content/photos/21/28a75f883d59d9290c63f63139198c48ef9200d0_full.jpg', 1, NULL, '501', 21, '1510', NULL, 1416830954, 662, NULL, 0),
(1644, 'content/photos/29/250e67191346fbfae006c2def1cb88f260692950_rand_small.jpg', 1, NULL, '501', 29, '1510', NULL, 1416830954, 694, NULL, 0),
(1645, 'content/photos/29/250e67191346fbfae006c2def1cb88f260692950_full.jpg', 1, NULL, '501', 29, '1510', NULL, 1416830954, 694, NULL, 0),
(1646, 'content/tour/5/743ec29513428d35db2cc3405ec18bcf3a4b3d4f_main_image.jpg', 1, NULL, 'project-tury', 5, 'project-tury-main-image', NULL, 1416831026, 416, NULL, 0),
(1647, 'content/tour/6/e0863c936097c03bd4848250f92fbfe9af764a8a_main_image.jpg', 1, NULL, 'project-tury', 6, 'project-tury-main-image', NULL, 1416831026, 469, NULL, 0),
(1648, 'content/tour/7/d6adae5b1381f4d9e56308b5983be17504e4168f_main_image.jpg', 1, NULL, 'project-tury', 7, 'project-tury-main-image', NULL, 1416831026, 552, NULL, 0),
(1649, 'content/tour/5/985f132e463f1224e29c45ac29d2f9d4d1000402_full.jpg', 1, NULL, 'project-tury', 5, 'project-tury-galereya', NULL, 1416831031, 418, NULL, 0),
(1650, 'content/tour/5/985f132e463f1224e29c45ac29d2f9d4d1000402_big_thumb.jpg', 1, NULL, 'project-tury', 5, 'project-tury-galereya', NULL, 1416831031, 418, NULL, 0),
(1651, 'content/tour/5/985f132e463f1224e29c45ac29d2f9d4d1000402_thumb.jpg', 1, NULL, 'project-tury', 5, 'project-tury-galereya', NULL, 1416831031, 418, NULL, 0),
(1652, 'content/tour/5/22577c6086271178c93dbafbb8e6937ebb298c4d_full.jpg', 1, NULL, 'project-tury', 5, 'project-tury-galereya', NULL, 1416831031, 420, NULL, 0),
(1653, 'content/tour/5/22577c6086271178c93dbafbb8e6937ebb298c4d_big_thumb.jpg', 1, NULL, 'project-tury', 5, 'project-tury-galereya', NULL, 1416831031, 420, NULL, 0),
(1654, 'content/tour/5/22577c6086271178c93dbafbb8e6937ebb298c4d_thumb.jpg', 1, NULL, 'project-tury', 5, 'project-tury-galereya', NULL, 1416831031, 420, NULL, 0),
(1655, 'content/tour/5/c6d42f361643bc09cf9663275ddb0490024ccb34_full.jpg', 1, NULL, 'project-tury', 5, 'project-tury-galereya', NULL, 1416831031, 422, NULL, 0),
(1656, 'content/tour/5/c6d42f361643bc09cf9663275ddb0490024ccb34_big_thumb.jpg', 1, NULL, 'project-tury', 5, 'project-tury-galereya', NULL, 1416831032, 422, NULL, 0),
(1657, 'content/tour/5/c6d42f361643bc09cf9663275ddb0490024ccb34_thumb.jpg', 1, NULL, 'project-tury', 5, 'project-tury-galereya', NULL, 1416831032, 422, NULL, 0),
(1658, 'content/tour/5/f6ff4b1b1f01e18e6591f759f1fbe77913d5f5cf_full.jpg', 1, NULL, 'project-tury', 5, 'project-tury-galereya', NULL, 1416831032, 424, NULL, 0),
(1659, 'content/tour/5/f6ff4b1b1f01e18e6591f759f1fbe77913d5f5cf_big_thumb.jpg', 1, NULL, 'project-tury', 5, 'project-tury-galereya', NULL, 1416831032, 424, NULL, 0),
(1660, 'content/tour/5/f6ff4b1b1f01e18e6591f759f1fbe77913d5f5cf_thumb.jpg', 1, NULL, 'project-tury', 5, 'project-tury-galereya', NULL, 1416831032, 424, NULL, 0),
(1661, 'content/tour/5/e637e174c25c147d6b78eeeb5c3e1b0de2556d5f_full.jpg', 1, NULL, 'project-tury', 5, 'project-tury-galereya', NULL, 1416831032, 426, NULL, 0),
(1662, 'content/tour/5/e637e174c25c147d6b78eeeb5c3e1b0de2556d5f_big_thumb.jpg', 1, NULL, 'project-tury', 5, 'project-tury-galereya', NULL, 1416831032, 426, NULL, 0),
(1663, 'content/tour/5/e637e174c25c147d6b78eeeb5c3e1b0de2556d5f_thumb.jpg', 1, NULL, 'project-tury', 5, 'project-tury-galereya', NULL, 1416831032, 426, NULL, 0),
(1664, 'content/tour/5/7ffbee2bf8424eae7f26ae19533201979c67cde9_full.jpg', 1, NULL, 'project-tury', 5, 'project-tury-galereya', NULL, 1416831032, 428, NULL, 0),
(1665, 'content/tour/5/7ffbee2bf8424eae7f26ae19533201979c67cde9_big_thumb.jpg', 1, NULL, 'project-tury', 5, 'project-tury-galereya', NULL, 1416831032, 428, NULL, 0),
(1666, 'content/tour/5/7ffbee2bf8424eae7f26ae19533201979c67cde9_thumb.jpg', 1, NULL, 'project-tury', 5, 'project-tury-galereya', NULL, 1416831032, 428, NULL, 0),
(1667, 'content/tour/5/95b1d6882d25dac891d16b573830b04564535f5d_full.jpg', 1, NULL, 'project-tury', 5, 'project-tury-galereya', NULL, 1416831032, 430, NULL, 0),
(1668, 'content/tour/5/95b1d6882d25dac891d16b573830b04564535f5d_big_thumb.jpg', 1, NULL, 'project-tury', 5, 'project-tury-galereya', NULL, 1416831032, 430, NULL, 0),
(1669, 'content/tour/5/95b1d6882d25dac891d16b573830b04564535f5d_thumb.jpg', 1, NULL, 'project-tury', 5, 'project-tury-galereya', NULL, 1416831032, 430, NULL, 0),
(1670, 'content/tour/5/5739e09a548930eb0b6ac3204a6b735d9bd1214e_full.jpg', 1, NULL, 'project-tury', 5, 'project-tury-galereya', NULL, 1416831032, 432, NULL, 0),
(1671, 'content/tour/5/5739e09a548930eb0b6ac3204a6b735d9bd1214e_big_thumb.jpg', 1, NULL, 'project-tury', 5, 'project-tury-galereya', NULL, 1416831032, 432, NULL, 0),
(1672, 'content/tour/5/5739e09a548930eb0b6ac3204a6b735d9bd1214e_thumb.jpg', 1, NULL, 'project-tury', 5, 'project-tury-galereya', NULL, 1416831032, 432, NULL, 0),
(1673, 'content/tour/5/9a86d1dc46978d9fe13590b826a5ecd8ce050385_full.jpg', 1, NULL, 'project-tury', 5, 'project-tury-galereya', NULL, 1416831033, 434, NULL, 0),
(1674, 'content/tour/5/9a86d1dc46978d9fe13590b826a5ecd8ce050385_big_thumb.jpg', 1, NULL, 'project-tury', 5, 'project-tury-galereya', NULL, 1416831033, 434, NULL, 0),
(1675, 'content/tour/5/9a86d1dc46978d9fe13590b826a5ecd8ce050385_thumb.jpg', 1, NULL, 'project-tury', 5, 'project-tury-galereya', NULL, 1416831033, 434, NULL, 0),
(1676, 'content/tour/5/98efd1446eca739555548c4088a2f9c555ebe8bc_full.jpg', 1, NULL, 'project-tury', 5, 'project-tury-galereya', NULL, 1416831033, 436, NULL, 0),
(1677, 'content/tour/5/98efd1446eca739555548c4088a2f9c555ebe8bc_big_thumb.jpg', 1, NULL, 'project-tury', 5, 'project-tury-galereya', NULL, 1416831033, 436, NULL, 0),
(1678, 'content/tour/5/98efd1446eca739555548c4088a2f9c555ebe8bc_thumb.jpg', 1, NULL, 'project-tury', 5, 'project-tury-galereya', NULL, 1416831033, 436, NULL, 0),
(1679, 'content/photos/71/524e230f66c2afc04615adb35273ac19c30bb6a5_rand_small.jpg', 1, NULL, '501', 71, '1510', NULL, 1416831533, 778, NULL, 0),
(1680, 'content/photos/71/524e230f66c2afc04615adb35273ac19c30bb6a5_full.jpg', 1, NULL, '501', 71, '1510', NULL, 1416831533, 778, NULL, 0),
(1681, 'content/photos/93/be121cdc3d1112722594cbeca5b43129303135f0_rand_small.jpg', 1, NULL, '501', 93, '1510', NULL, 1416831533, 822, NULL, 0),
(1682, 'content/photos/93/be121cdc3d1112722594cbeca5b43129303135f0_full.jpg', 1, NULL, '501', 93, '1510', NULL, 1416831534, 822, NULL, 0),
(1683, 'content/photos/11/87a224ce8b063dbd1c9c6e2893762dd1723960e9_rand_small.jpg', 1, NULL, '501', 11, '1510', NULL, 1416831534, 644, NULL, 0),
(1684, 'content/photos/11/87a224ce8b063dbd1c9c6e2893762dd1723960e9_full.jpg', 1, NULL, '501', 11, '1510', NULL, 1416831534, 644, NULL, 0),
(1685, 'content/photos/96/4b1122c3b81c586b612abfdd39e7516f441dce2a_rand_small.jpg', 1, NULL, '501', 96, '1510', NULL, 1416831534, 828, NULL, 0),
(1686, 'content/photos/96/4b1122c3b81c586b612abfdd39e7516f441dce2a_full.jpg', 1, NULL, '501', 96, '1510', NULL, 1416831534, 828, NULL, 0),
(1687, 'content/photos/70/71d575f1907594bba42fbc7da2ef36dd4c4d3b2c_rand_small.jpg', 1, NULL, '501', 70, '1510', NULL, 1416833588, 776, NULL, 0),
(1688, 'content/photos/70/71d575f1907594bba42fbc7da2ef36dd4c4d3b2c_full.jpg', 1, NULL, '501', 70, '1510', NULL, 1416833588, 776, NULL, 0),
(1689, 'content/photos/59/a6b90e19eea15e48250279dd2b87be3d5638f70e_rand_small.jpg', 1, NULL, '501', 59, '1510', NULL, 1416833588, 754, NULL, 0),
(1690, 'content/photos/59/a6b90e19eea15e48250279dd2b87be3d5638f70e_full.jpg', 1, NULL, '501', 59, '1510', NULL, 1416833588, 754, NULL, 0),
(1691, 'content/photos/45/26aad11571ba483a42f9ead3b3fac4c045e79dd2_rand_small.jpg', 1, NULL, '501', 45, '1510', NULL, 1416833588, 726, NULL, 0),
(1692, 'content/photos/45/26aad11571ba483a42f9ead3b3fac4c045e79dd2_full.jpg', 1, NULL, '501', 45, '1510', NULL, 1416833588, 726, NULL, 0),
(1693, 'content/photos/9/8f76d0bf6d1e2972763f378813347e8764b0641d_rand_small.jpg', 1, NULL, '501', 9, '1510', NULL, 1416837048, 640, NULL, 0),
(1694, 'content/photos/9/8f76d0bf6d1e2972763f378813347e8764b0641d_full.jpg', 1, NULL, '501', 9, '1510', NULL, 1416837048, 640, NULL, 0),
(1695, 'content/photos/94/d69a9c6264e195c4be04957dd9f30bb8870c6120_rand_small.jpg', 1, NULL, '501', 94, '1510', NULL, 1416837048, 824, NULL, 0),
(1696, 'content/photos/94/d69a9c6264e195c4be04957dd9f30bb8870c6120_full.jpg', 1, NULL, '501', 94, '1510', NULL, 1416837048, 824, NULL, 0),
(1697, 'content/photos/4/d9d5925d0f5df96db8a1961f85b2b1f474a7b8c4_gal.jpg', 1, NULL, '501', 4, '1510', NULL, 1416837078, 630, NULL, 0),
(1698, 'content/photos/4/d9d5925d0f5df96db8a1961f85b2b1f474a7b8c4_full.jpg', 1, NULL, '501', 4, '1510', NULL, 1416837078, 630, NULL, 0),
(1699, 'content/photos/5/c14583d4b845eef6458069f2600db49e5b50f3e6_gal.jpg', 1, NULL, '501', 5, '1510', NULL, 1416837078, 632, NULL, 0),
(1700, 'content/photos/5/c14583d4b845eef6458069f2600db49e5b50f3e6_full.jpg', 1, NULL, '501', 5, '1510', NULL, 1416837078, 632, NULL, 0),
(1701, 'content/photos/6/912f13b4d6bee35b64a41691e18b39fd6be21724_gal.jpg', 1, NULL, '501', 6, '1510', NULL, 1416837078, 634, NULL, 0),
(1702, 'content/photos/6/912f13b4d6bee35b64a41691e18b39fd6be21724_full.jpg', 1, NULL, '501', 6, '1510', NULL, 1416837078, 634, NULL, 0),
(1703, 'content/photos/7/97487b9f81aa1c067b0913166f7eb0ad110fa478_gal.jpg', 1, NULL, '501', 7, '1510', NULL, 1416837078, 636, NULL, 0),
(1704, 'content/photos/7/97487b9f81aa1c067b0913166f7eb0ad110fa478_full.jpg', 1, NULL, '501', 7, '1510', NULL, 1416837078, 636, NULL, 0),
(1705, 'content/photos/8/137f81b67de0916e4da141709699eb46cd5bdfda_gal.jpg', 1, NULL, '501', 8, '1510', NULL, 1416837078, 638, NULL, 0),
(1706, 'content/photos/8/137f81b67de0916e4da141709699eb46cd5bdfda_full.jpg', 1, NULL, '501', 8, '1510', NULL, 1416837078, 638, NULL, 0),
(1707, 'content/photos/9/8f76d0bf6d1e2972763f378813347e8764b0641d_gal.jpg', 1, NULL, '501', 9, '1510', NULL, 1416837078, 640, NULL, 0),
(1708, 'content/photos/10/9cbcfa1e55d38a17b54ce31292233b0ad796ac23_gal.jpg', 1, NULL, '501', 10, '1510', NULL, 1416837078, 642, NULL, 0),
(1709, 'content/photos/10/9cbcfa1e55d38a17b54ce31292233b0ad796ac23_full.jpg', 1, NULL, '501', 10, '1510', NULL, 1416837078, 642, NULL, 0),
(1710, 'content/photos/11/87a224ce8b063dbd1c9c6e2893762dd1723960e9_gal.jpg', 1, NULL, '501', 11, '1510', NULL, 1416837078, 644, NULL, 0),
(1711, 'content/photos/25/bfade3f19d755fb2e3f1a306a22e4e72aa8adc35_gal.jpg', 1, NULL, '501', 25, '1510', NULL, 1416837078, 686, NULL, 0),
(1712, 'content/photos/25/bfade3f19d755fb2e3f1a306a22e4e72aa8adc35_full.jpg', 1, NULL, '501', 25, '1510', NULL, 1416837079, 686, NULL, 0),
(1713, 'content/photos/26/ff1b994e63950b461fe9be250782518c3b625080_gal.jpg', 1, NULL, '501', 26, '1510', NULL, 1416837079, 688, NULL, 0),
(1714, 'content/photos/26/ff1b994e63950b461fe9be250782518c3b625080_full.jpg', 1, NULL, '501', 26, '1510', NULL, 1416837079, 688, NULL, 0),
(1715, 'content/photos/27/86d652fd8b44a9eb26e2b3d6385b735229b607cb_gal.jpg', 1, NULL, '501', 27, '1510', NULL, 1416837079, 690, NULL, 0),
(1716, 'content/photos/27/86d652fd8b44a9eb26e2b3d6385b735229b607cb_full.jpg', 1, NULL, '501', 27, '1510', NULL, 1416837079, 690, NULL, 0),
(1717, 'content/photos/28/dafc7ef18ea9051a3599854cbae0c321bcb802cc_gal.jpg', 1, NULL, '501', 28, '1510', NULL, 1416837079, 692, NULL, 0),
(1718, 'content/photos/28/dafc7ef18ea9051a3599854cbae0c321bcb802cc_full.jpg', 1, NULL, '501', 28, '1510', NULL, 1416837079, 692, NULL, 0),
(1719, 'content/photos/29/250e67191346fbfae006c2def1cb88f260692950_gal.jpg', 1, NULL, '501', 29, '1510', NULL, 1416837079, 694, NULL, 0),
(1720, 'content/photos/30/7cdc39722b5191984ec5b237436acdf1e148aed2_gal.jpg', 1, NULL, '501', 30, '1510', NULL, 1416837079, 696, NULL, 0),
(1721, 'content/photos/30/7cdc39722b5191984ec5b237436acdf1e148aed2_full.jpg', 1, NULL, '501', 30, '1510', NULL, 1416837079, 696, NULL, 0),
(1722, 'content/photos/31/d966b8901fccbae1bf0fd406477fb75085633294_gal.jpg', 1, NULL, '501', 31, '1510', NULL, 1416837080, 698, NULL, 0),
(1723, 'content/photos/31/d966b8901fccbae1bf0fd406477fb75085633294_full.jpg', 1, NULL, '501', 31, '1510', NULL, 1416837080, 698, NULL, 0),
(1724, 'content/photos/32/caacbb43da60befded127b51bfcf013d3f573d29_gal.jpg', 1, NULL, '501', 32, '1510', NULL, 1416837080, 700, NULL, 0),
(1725, 'content/photos/32/caacbb43da60befded127b51bfcf013d3f573d29_full.jpg', 1, NULL, '501', 32, '1510', NULL, 1416837080, 700, NULL, 0),
(1726, 'content/souvenir/4/0d958b41111fe5c12894c73ede7a5317d24d60f9_full.jpg', 1, NULL, 'project-suveniry', 4, 'project-suveniry-galereya', NULL, 1416837114, 351, NULL, 0),
(1727, 'content/souvenir/4/0d958b41111fe5c12894c73ede7a5317d24d60f9_big_thumb.jpg', 1, NULL, 'project-suveniry', 4, 'project-suveniry-galereya', NULL, 1416837114, 351, NULL, 0),
(1728, 'content/souvenir/4/0d958b41111fe5c12894c73ede7a5317d24d60f9_thumb.jpg', 1, NULL, 'project-suveniry', 4, 'project-suveniry-galereya', NULL, 1416837114, 351, NULL, 0),
(1729, 'content/souvenir/4/ab74ceb745a16c3a5f4253fc398b03073e929a56_full.jpg', 1, NULL, 'project-suveniry', 4, 'project-suveniry-galereya', NULL, 1416837114, 353, NULL, 0),
(1730, 'content/souvenir/4/ab74ceb745a16c3a5f4253fc398b03073e929a56_big_thumb.jpg', 1, NULL, 'project-suveniry', 4, 'project-suveniry-galereya', NULL, 1416837114, 353, NULL, 0),
(1731, 'content/souvenir/4/ab74ceb745a16c3a5f4253fc398b03073e929a56_thumb.jpg', 1, NULL, 'project-suveniry', 4, 'project-suveniry-galereya', NULL, 1416837114, 353, NULL, 0),
(1732, 'content/souvenir/4/1694ee5f2247676b51f839a376bf50ace4afadd9_full.jpg', 1, NULL, 'project-suveniry', 4, 'project-suveniry-galereya', NULL, 1416837114, 355, NULL, 0),
(1733, 'content/souvenir/4/1694ee5f2247676b51f839a376bf50ace4afadd9_big_thumb.jpg', 1, NULL, 'project-suveniry', 4, 'project-suveniry-galereya', NULL, 1416837114, 355, NULL, 0),
(1734, 'content/souvenir/4/1694ee5f2247676b51f839a376bf50ace4afadd9_thumb.jpg', 1, NULL, 'project-suveniry', 4, 'project-suveniry-galereya', NULL, 1416837114, 355, NULL, 0),
(1735, 'content/souvenir/4/4178ebb8997ebb3bce0c3f1e9e3a635804516cf6_full.jpg', 1, NULL, 'project-suveniry', 4, 'project-suveniry-galereya', NULL, 1416837114, 357, NULL, 0),
(1736, 'content/souvenir/4/4178ebb8997ebb3bce0c3f1e9e3a635804516cf6_big_thumb.jpg', 1, NULL, 'project-suveniry', 4, 'project-suveniry-galereya', NULL, 1416837114, 357, NULL, 0),
(1737, 'content/souvenir/4/4178ebb8997ebb3bce0c3f1e9e3a635804516cf6_thumb.jpg', 1, NULL, 'project-suveniry', 4, 'project-suveniry-galereya', NULL, 1416837114, 357, NULL, 0),
(1738, 'content/souvenir/4/9a3941b412a2a97b3e5da1e7c918250080b79c15_full.jpg', 1, NULL, 'project-suveniry', 4, 'project-suveniry-galereya', NULL, 1416837115, 359, NULL, 0),
(1739, 'content/souvenir/4/9a3941b412a2a97b3e5da1e7c918250080b79c15_big_thumb.jpg', 1, NULL, 'project-suveniry', 4, 'project-suveniry-galereya', NULL, 1416837115, 359, NULL, 0),
(1740, 'content/souvenir/4/9a3941b412a2a97b3e5da1e7c918250080b79c15_thumb.jpg', 1, NULL, 'project-suveniry', 4, 'project-suveniry-galereya', NULL, 1416837115, 359, NULL, 0),
(1741, 'content/souvenir/4/1224f3de58bb4a14c510b3fdddd30951746d2940_full.jpg', 1, NULL, 'project-suveniry', 4, 'project-suveniry-galereya', NULL, 1416837115, 361, NULL, 0),
(1742, 'content/souvenir/4/1224f3de58bb4a14c510b3fdddd30951746d2940_big_thumb.jpg', 1, NULL, 'project-suveniry', 4, 'project-suveniry-galereya', NULL, 1416837115, 361, NULL, 0),
(1743, 'content/souvenir/4/1224f3de58bb4a14c510b3fdddd30951746d2940_thumb.jpg', 1, NULL, 'project-suveniry', 4, 'project-suveniry-galereya', NULL, 1416837115, 361, NULL, 0),
(1744, 'content/souvenir/4/dde3065d7fb93d3aa8f8895a7db97440624163f8_full.jpg', 1, NULL, 'project-suveniry', 4, 'project-suveniry-galereya', NULL, 1416837115, 363, NULL, 0);
INSERT INTO `da_files` (`id_file`, `file_path`, `id_file_type`, `count`, `id_object`, `id_instance`, `id_parameter`, `id_property`, `create_date`, `id_parent_file`, `id_tmp`, `status_process`) VALUES
(1745, 'content/souvenir/4/dde3065d7fb93d3aa8f8895a7db97440624163f8_big_thumb.jpg', 1, NULL, 'project-suveniry', 4, 'project-suveniry-galereya', NULL, 1416837115, 363, NULL, 0),
(1746, 'content/souvenir/4/dde3065d7fb93d3aa8f8895a7db97440624163f8_thumb.jpg', 1, NULL, 'project-suveniry', 4, 'project-suveniry-galereya', NULL, 1416837115, 363, NULL, 0),
(1747, 'content/souvenir/4/6a2b6bd708fcbaca39c4d8363beb2bab27c432df_full.jpg', 1, NULL, 'project-suveniry', 4, 'project-suveniry-galereya', NULL, 1416837115, 365, NULL, 0),
(1748, 'content/souvenir/4/6a2b6bd708fcbaca39c4d8363beb2bab27c432df_big_thumb.jpg', 1, NULL, 'project-suveniry', 4, 'project-suveniry-galereya', NULL, 1416837115, 365, NULL, 0),
(1749, 'content/souvenir/4/6a2b6bd708fcbaca39c4d8363beb2bab27c432df_thumb.jpg', 1, NULL, 'project-suveniry', 4, 'project-suveniry-galereya', NULL, 1416837115, 365, NULL, 0),
(1750, 'content/photos/81/31fd24e3c178a10446b5121534233f3c274de957_rand_small.jpg', 1, NULL, '501', 81, '1510', NULL, 1416837283, 798, NULL, 0),
(1751, 'content/photos/81/31fd24e3c178a10446b5121534233f3c274de957_full.jpg', 1, NULL, '501', 81, '1510', NULL, 1416837283, 798, NULL, 0),
(1752, 'content/photos/17/70f4dfc14c3f5e3109acdce98adcaabd51924677_rand_small.jpg', 1, NULL, '501', 17, '1510', NULL, 1416837283, 656, NULL, 0),
(1753, 'content/photos/17/70f4dfc14c3f5e3109acdce98adcaabd51924677_full.jpg', 1, NULL, '501', 17, '1510', NULL, 1416837283, 656, NULL, 0),
(1754, 'content/photos/73/cea27163586a565b8826679dc24e3a5aac6d567d_rand_small.jpg', 1, NULL, '501', 73, '1510', NULL, 1416837283, 782, NULL, 0),
(1755, 'content/photos/73/cea27163586a565b8826679dc24e3a5aac6d567d_full.jpg', 1, NULL, '501', 73, '1510', NULL, 1416837283, 782, NULL, 0),
(1756, 'content/photos/41/70fee718ae15ec1f700ff90e127b3a59b84354e4_rand_small.jpg', 1, NULL, '501', 41, '1510', NULL, 1416837284, 718, NULL, 0),
(1757, 'content/photos/41/70fee718ae15ec1f700ff90e127b3a59b84354e4_full.jpg', 1, NULL, '501', 41, '1510', NULL, 1416837284, 718, NULL, 0),
(1758, 'content/photos/87/f5abb357fa07b26951bb976f5228d11c49a3de47_rand_small.jpg', 1, NULL, '501', 87, '1510', NULL, 1416837420, 810, NULL, 0),
(1759, 'content/photos/87/f5abb357fa07b26951bb976f5228d11c49a3de47_full.jpg', 1, NULL, '501', 87, '1510', NULL, 1416837420, 810, NULL, 0),
(1760, 'content/photos/42/e8dd230e5b29ef0678dfb997d650c39be0970f89_rand_small.jpg', 1, NULL, '501', 42, '1510', NULL, 1416837421, 720, NULL, 0),
(1761, 'content/photos/42/e8dd230e5b29ef0678dfb997d650c39be0970f89_full.jpg', 1, NULL, '501', 42, '1510', NULL, 1416837421, 720, NULL, 0),
(1762, 'content/photos/97/140aa2304c12ed34da4d396e82321f877ecc18de_rand_small.jpg', 1, NULL, '501', 97, '1510', NULL, 1416837421, 830, NULL, 0),
(1763, 'content/photos/97/140aa2304c12ed34da4d396e82321f877ecc18de_full.jpg', 1, NULL, '501', 97, '1510', NULL, 1416837421, 830, NULL, 0),
(1764, 'content/photos/56/61d6f459a04aec8eab29e0231c57f42ac1654752_rand_small.jpg', 1, NULL, '501', 56, '1510', NULL, 1416837421, 748, NULL, 0),
(1765, 'content/photos/56/61d6f459a04aec8eab29e0231c57f42ac1654752_full.jpg', 1, NULL, '501', 56, '1510', NULL, 1416837421, 748, NULL, 0),
(1766, 'content/photos/52/0baa5d14d157c5b390f0c7de802c7026cc4225c4_rand_small.jpg', 1, NULL, '501', 52, '1510', NULL, 1416838360, 740, NULL, 0),
(1767, 'content/photos/52/0baa5d14d157c5b390f0c7de802c7026cc4225c4_full.jpg', 1, NULL, '501', 52, '1510', NULL, 1416838360, 740, NULL, 0),
(1768, 'content/photos/90/bafaca4c493a7b9b1cf04df592cbfd284b3db9b8_rand_small.jpg', 1, NULL, '501', 90, '1510', NULL, 1416838360, 816, NULL, 0),
(1769, 'content/photos/90/bafaca4c493a7b9b1cf04df592cbfd284b3db9b8_full.jpg', 1, NULL, '501', 90, '1510', NULL, 1416838360, 816, NULL, 0),
(1770, 'content/photos/65/cc81c288be57f02770d8ad0a5179091a5df26097_rand_small.jpg', 1, NULL, '501', 65, '1510', NULL, 1416838360, 766, NULL, 0),
(1771, 'content/photos/65/cc81c288be57f02770d8ad0a5179091a5df26097_full.jpg', 1, NULL, '501', 65, '1510', NULL, 1416838361, 766, NULL, 0),
(1772, 'content/photos/8/137f81b67de0916e4da141709699eb46cd5bdfda_rand_small.jpg', 1, NULL, '501', 8, '1510', NULL, 1416838378, 638, NULL, 0),
(1773, 'content/photos/83/9bb8fab62ed0497d4b82dbbc6052bbd5b355930b_rand_small.jpg', 1, NULL, '501', 83, '1510', NULL, 1416838378, 802, NULL, 0),
(1774, 'content/photos/83/9bb8fab62ed0497d4b82dbbc6052bbd5b355930b_full.jpg', 1, NULL, '501', 83, '1510', NULL, 1416838378, 802, NULL, 0),
(1775, 'content/photos/48/3aa0e7aef385ba6ac0b4169bc9279ce72a578ff1_rand_small.jpg', 1, NULL, '501', 48, '1510', NULL, 1416838378, 732, NULL, 0),
(1776, 'content/photos/48/3aa0e7aef385ba6ac0b4169bc9279ce72a578ff1_full.jpg', 1, NULL, '501', 48, '1510', NULL, 1416838378, 732, NULL, 0),
(1777, 'content/photos/50/37782b65c93ff6b7234962b79165221393c85111_rand_small.jpg', 1, NULL, '501', 50, '1510', NULL, 1416839385, 736, NULL, 0),
(1778, 'content/photos/50/37782b65c93ff6b7234962b79165221393c85111_full.jpg', 1, NULL, '501', 50, '1510', NULL, 1416839385, 736, NULL, 0),
(1779, 'content/photos/49/f49582ad925e173bd346b1fc13aec0f43b8d686f_rand_small.jpg', 1, NULL, '501', 49, '1510', NULL, 1416839385, 734, NULL, 0),
(1780, 'content/photos/49/f49582ad925e173bd346b1fc13aec0f43b8d686f_full.jpg', 1, NULL, '501', 49, '1510', NULL, 1416839386, 734, NULL, 0),
(1781, 'content/tour/5/743ec29513428d35db2cc3405ec18bcf3a4b3d4f_da.jpg', 1, NULL, 'project-tury', 5, 'project-tury-main-image', NULL, 1416839407, 416, NULL, 0),
(1782, 'content/tour/6/e0863c936097c03bd4848250f92fbfe9af764a8a_da.jpg', 1, NULL, 'project-tury', 6, 'project-tury-main-image', NULL, 1416839407, 469, NULL, 0),
(1783, 'content/tour/7/d6adae5b1381f4d9e56308b5983be17504e4168f_da.jpg', 1, NULL, 'project-tury', 7, 'project-tury-main-image', NULL, 1416839407, 552, NULL, 0),
(1784, 'content/interesting/12/a38925c50edfbff4a3662e5193593617f64e3d8c_da.jpg', 1, NULL, 'project-eto-interesno', 12, 'project-eto-interesno-main-image', NULL, 1416839413, 327, NULL, 0),
(1785, 'content/interesting/11/3ccd4590e909e03782ac4e4da7400fd95c29f797_da.jpg', 1, NULL, 'project-eto-interesno', 11, 'project-eto-interesno-main-image', NULL, 1416839413, 324, NULL, 0),
(1786, 'content/interesting/10/c628ad27327a9e48d99ac46f96079fb689171488_da.jpg', 1, NULL, 'project-eto-interesno', 10, 'project-eto-interesno-main-image', NULL, 1416839413, 321, NULL, 0),
(1787, 'content/interesting/9/c2b22d3facc38ab88ab6eb61b009f2c559ee6089_da.jpg', 1, NULL, 'project-eto-interesno', 9, 'project-eto-interesno-main-image', NULL, 1416839413, 316, NULL, 0),
(1788, 'content/interesting/8/35cb3fd649359bc16da25f80ed020368027912ae_da.jpg', 1, NULL, 'project-eto-interesno', 8, 'project-eto-interesno-main-image', NULL, 1416839413, 313, NULL, 0),
(1789, 'content/interesting/7/ae520f5a33f1ad055df494d80a784d68e0f210de_da.jpg', 1, NULL, 'project-eto-interesno', 7, 'project-eto-interesno-main-image', NULL, 1416839413, 310, NULL, 0),
(1790, 'content/interesting/6/d98d0c06c24c53228f4f90c4d08c097ee7ebbcb4_da.jpg', 1, NULL, 'project-eto-interesno', 6, 'project-eto-interesno-main-image', NULL, 1416839413, 166, NULL, 0),
(1791, 'content/interesting/5/LKr0mB6KHDU_da.jpg', 1, NULL, 'project-eto-interesno', 5, 'project-eto-interesno-main-image', NULL, 1416839413, 148, NULL, 0),
(1792, 'content/interesting/4/6fd67d37ed4128fce343d26263161074d572e267_da.jpg', 1, NULL, 'project-eto-interesno', 4, 'project-eto-interesno-main-image', NULL, 1416839413, 145, NULL, 0),
(1793, 'content/interesting/3/692f6d340f6be24d607931aafbd45083472354ae_da.jpg', 1, NULL, 'project-eto-interesno', 3, 'project-eto-interesno-main-image', NULL, 1416839413, 142, NULL, 0),
(1794, 'content/interesting/1/3c214e05afd68f91134802fe0c3c7779857e2cfe_da.jpg', 1, NULL, 'project-eto-interesno', 1, 'project-eto-interesno-main-image', NULL, 1416839413, 134, NULL, 0),
(1795, 'content/photos/80/a7856869e5371e4d2841b6dd272881b32b40d732_rand_small.jpg', 1, NULL, '501', 80, '1510', NULL, 1416840427, 796, NULL, 0),
(1796, 'content/photos/80/a7856869e5371e4d2841b6dd272881b32b40d732_full.jpg', 1, NULL, '501', 80, '1510', NULL, 1416840428, 796, NULL, 0),
(1797, 'content/photos/30/7cdc39722b5191984ec5b237436acdf1e148aed2_rand_small.jpg', 1, NULL, '501', 30, '1510', NULL, 1416840428, 696, NULL, 0),
(1798, 'content/photos/61/7af51087dcaa708988e96abf462ab0eb158743e9_rand_small.jpg', 1, NULL, '501', 61, '1510', NULL, 1416840428, 758, NULL, 0),
(1799, 'content/photos/61/7af51087dcaa708988e96abf462ab0eb158743e9_full.jpg', 1, NULL, '501', 61, '1510', NULL, 1416840428, 758, NULL, 0),
(1800, 'content/tour/6/2ad71da4fa824c1a902cac19cab54284ca8a14ab_full.jpg', 1, NULL, 'project-tury', 6, 'project-tury-galereya', NULL, 1416841180, 471, NULL, 0),
(1801, 'content/tour/6/2ad71da4fa824c1a902cac19cab54284ca8a14ab_big_thumb.jpg', 1, NULL, 'project-tury', 6, 'project-tury-galereya', NULL, 1416841180, 471, NULL, 0),
(1802, 'content/tour/6/2ad71da4fa824c1a902cac19cab54284ca8a14ab_thumb.jpg', 1, NULL, 'project-tury', 6, 'project-tury-galereya', NULL, 1416841180, 471, NULL, 0),
(1803, 'content/tour/6/566189dfd60c01f7b5c7d57259a99a33eca0e295_full.jpg', 1, NULL, 'project-tury', 6, 'project-tury-galereya', NULL, 1416841180, 473, NULL, 0),
(1804, 'content/tour/6/566189dfd60c01f7b5c7d57259a99a33eca0e295_big_thumb.jpg', 1, NULL, 'project-tury', 6, 'project-tury-galereya', NULL, 1416841180, 473, NULL, 0),
(1805, 'content/tour/6/566189dfd60c01f7b5c7d57259a99a33eca0e295_thumb.jpg', 1, NULL, 'project-tury', 6, 'project-tury-galereya', NULL, 1416841180, 473, NULL, 0),
(1806, 'content/tour/6/3f3464c633ac45cb0a8cae247254be44578fa71f_full.jpg', 1, NULL, 'project-tury', 6, 'project-tury-galereya', NULL, 1416841181, 475, NULL, 0),
(1807, 'content/tour/6/3f3464c633ac45cb0a8cae247254be44578fa71f_big_thumb.jpg', 1, NULL, 'project-tury', 6, 'project-tury-galereya', NULL, 1416841181, 475, NULL, 0),
(1808, 'content/tour/6/3f3464c633ac45cb0a8cae247254be44578fa71f_thumb.jpg', 1, NULL, 'project-tury', 6, 'project-tury-galereya', NULL, 1416841181, 475, NULL, 0),
(1809, 'content/tour/6/0c2b26555cf4e2d20621a901c183e4cf58f4a70b_full.jpg', 1, NULL, 'project-tury', 6, 'project-tury-galereya', NULL, 1416841181, 477, NULL, 0),
(1810, 'content/tour/6/0c2b26555cf4e2d20621a901c183e4cf58f4a70b_big_thumb.jpg', 1, NULL, 'project-tury', 6, 'project-tury-galereya', NULL, 1416841181, 477, NULL, 0),
(1811, 'content/tour/6/0c2b26555cf4e2d20621a901c183e4cf58f4a70b_thumb.jpg', 1, NULL, 'project-tury', 6, 'project-tury-galereya', NULL, 1416841181, 477, NULL, 0),
(1812, 'content/tour/6/f8d22a4ab44184ce17f8f31b3de5cf7d0b498cc3_full.jpg', 1, NULL, 'project-tury', 6, 'project-tury-galereya', NULL, 1416841181, 479, NULL, 0),
(1813, 'content/tour/6/f8d22a4ab44184ce17f8f31b3de5cf7d0b498cc3_big_thumb.jpg', 1, NULL, 'project-tury', 6, 'project-tury-galereya', NULL, 1416841181, 479, NULL, 0),
(1814, 'content/tour/6/f8d22a4ab44184ce17f8f31b3de5cf7d0b498cc3_thumb.jpg', 1, NULL, 'project-tury', 6, 'project-tury-galereya', NULL, 1416841181, 479, NULL, 0),
(1815, 'content/tour/6/e8a59483d1468c6f3df5d137914afee1cea44148_full.jpg', 1, NULL, 'project-tury', 6, 'project-tury-galereya', NULL, 1416841181, 481, NULL, 0),
(1816, 'content/tour/6/e8a59483d1468c6f3df5d137914afee1cea44148_big_thumb.jpg', 1, NULL, 'project-tury', 6, 'project-tury-galereya', NULL, 1416841181, 481, NULL, 0),
(1817, 'content/tour/6/e8a59483d1468c6f3df5d137914afee1cea44148_thumb.jpg', 1, NULL, 'project-tury', 6, 'project-tury-galereya', NULL, 1416841181, 481, NULL, 0),
(1818, 'content/tour/6/83f83f87bcb3a215f44d5fb9f29a23a141293642_full.jpg', 1, NULL, 'project-tury', 6, 'project-tury-galereya', NULL, 1416841181, 483, NULL, 0),
(1819, 'content/tour/6/83f83f87bcb3a215f44d5fb9f29a23a141293642_big_thumb.jpg', 1, NULL, 'project-tury', 6, 'project-tury-galereya', NULL, 1416841181, 483, NULL, 0),
(1820, 'content/tour/6/83f83f87bcb3a215f44d5fb9f29a23a141293642_thumb.jpg', 1, NULL, 'project-tury', 6, 'project-tury-galereya', NULL, 1416841181, 483, NULL, 0),
(1821, 'content/tour/6/7b37ffbfd96412b7bb9594e9b527ab39e10b6321_full.jpg', 1, NULL, 'project-tury', 6, 'project-tury-galereya', NULL, 1416841181, 485, NULL, 0),
(1822, 'content/tour/6/7b37ffbfd96412b7bb9594e9b527ab39e10b6321_big_thumb.jpg', 1, NULL, 'project-tury', 6, 'project-tury-galereya', NULL, 1416841182, 485, NULL, 0),
(1823, 'content/tour/6/7b37ffbfd96412b7bb9594e9b527ab39e10b6321_thumb.jpg', 1, NULL, 'project-tury', 6, 'project-tury-galereya', NULL, 1416841182, 485, NULL, 0),
(1824, 'content/tour/6/5b5c64c0223a535e0a3ce90c9b843917f0eb0884_full.jpg', 1, NULL, 'project-tury', 6, 'project-tury-galereya', NULL, 1416841182, 487, NULL, 0),
(1825, 'content/tour/6/5b5c64c0223a535e0a3ce90c9b843917f0eb0884_big_thumb.jpg', 1, NULL, 'project-tury', 6, 'project-tury-galereya', NULL, 1416841182, 487, NULL, 0),
(1826, 'content/tour/6/5b5c64c0223a535e0a3ce90c9b843917f0eb0884_thumb.jpg', 1, NULL, 'project-tury', 6, 'project-tury-galereya', NULL, 1416841182, 487, NULL, 0),
(1827, 'content/tour/6/2a828672a3513cde11c3c28c3f1ad2c95cd0c239_full.jpg', 1, NULL, 'project-tury', 6, 'project-tury-galereya', NULL, 1416841182, 489, NULL, 0),
(1828, 'content/tour/6/2a828672a3513cde11c3c28c3f1ad2c95cd0c239_big_thumb.jpg', 1, NULL, 'project-tury', 6, 'project-tury-galereya', NULL, 1416841182, 489, NULL, 0),
(1829, 'content/tour/6/2a828672a3513cde11c3c28c3f1ad2c95cd0c239_thumb.jpg', 1, NULL, 'project-tury', 6, 'project-tury-galereya', NULL, 1416841182, 489, NULL, 0),
(1830, 'content/tour/6/0cebf362295c90aef62dfabe93116024c08d28a0_full.jpg', 1, NULL, 'project-tury', 6, 'project-tury-galereya', NULL, 1416841182, 491, NULL, 0),
(1831, 'content/tour/6/0cebf362295c90aef62dfabe93116024c08d28a0_big_thumb.jpg', 1, NULL, 'project-tury', 6, 'project-tury-galereya', NULL, 1416841182, 491, NULL, 0),
(1832, 'content/tour/6/0cebf362295c90aef62dfabe93116024c08d28a0_thumb.jpg', 1, NULL, 'project-tury', 6, 'project-tury-galereya', NULL, 1416841182, 491, NULL, 0),
(1833, 'content/tour/6/ab31520da251285a9291e2d6b2461a01064ae2b1_full.jpg', 1, NULL, 'project-tury', 6, 'project-tury-galereya', NULL, 1416841183, 493, NULL, 0),
(1834, 'content/tour/6/ab31520da251285a9291e2d6b2461a01064ae2b1_big_thumb.jpg', 1, NULL, 'project-tury', 6, 'project-tury-galereya', NULL, 1416841183, 493, NULL, 0),
(1835, 'content/tour/6/ab31520da251285a9291e2d6b2461a01064ae2b1_thumb.jpg', 1, NULL, 'project-tury', 6, 'project-tury-galereya', NULL, 1416841183, 493, NULL, 0),
(1836, 'content/tour/6/8fe2a01b17a2cf481b621e7e17d8f2e908178deb_full.jpg', 1, NULL, 'project-tury', 6, 'project-tury-galereya', NULL, 1416841183, 495, NULL, 0),
(1837, 'content/tour/6/8fe2a01b17a2cf481b621e7e17d8f2e908178deb_big_thumb.jpg', 1, NULL, 'project-tury', 6, 'project-tury-galereya', NULL, 1416841183, 495, NULL, 0),
(1838, 'content/tour/6/8fe2a01b17a2cf481b621e7e17d8f2e908178deb_thumb.jpg', 1, NULL, 'project-tury', 6, 'project-tury-galereya', NULL, 1416841183, 495, NULL, 0),
(1839, 'content/tour/6/5b92d06cac628b07dad2ab16598bd77bd3d95d9a_full.jpg', 1, NULL, 'project-tury', 6, 'project-tury-galereya', NULL, 1416841183, 497, NULL, 0),
(1840, 'content/tour/6/5b92d06cac628b07dad2ab16598bd77bd3d95d9a_big_thumb.jpg', 1, NULL, 'project-tury', 6, 'project-tury-galereya', NULL, 1416841183, 497, NULL, 0),
(1841, 'content/tour/6/5b92d06cac628b07dad2ab16598bd77bd3d95d9a_thumb.jpg', 1, NULL, 'project-tury', 6, 'project-tury-galereya', NULL, 1416841183, 497, NULL, 0),
(1842, 'content/tour/6/c55e662a4c568e6f8db71b9f09767bc39d8f8953_full.jpg', 1, NULL, 'project-tury', 6, 'project-tury-galereya', NULL, 1416841183, 499, NULL, 0),
(1843, 'content/tour/6/c55e662a4c568e6f8db71b9f09767bc39d8f8953_big_thumb.jpg', 1, NULL, 'project-tury', 6, 'project-tury-galereya', NULL, 1416841183, 499, NULL, 0),
(1844, 'content/tour/6/c55e662a4c568e6f8db71b9f09767bc39d8f8953_thumb.jpg', 1, NULL, 'project-tury', 6, 'project-tury-galereya', NULL, 1416841183, 499, NULL, 0),
(1845, 'content/tour/6/4c6ab5eb76f7f44dc20fabf4b087ac9671e55b45_full.jpg', 1, NULL, 'project-tury', 6, 'project-tury-galereya', NULL, 1416841184, 501, NULL, 0),
(1846, 'content/tour/6/4c6ab5eb76f7f44dc20fabf4b087ac9671e55b45_big_thumb.jpg', 1, NULL, 'project-tury', 6, 'project-tury-galereya', NULL, 1416841184, 501, NULL, 0),
(1847, 'content/tour/6/4c6ab5eb76f7f44dc20fabf4b087ac9671e55b45_thumb.jpg', 1, NULL, 'project-tury', 6, 'project-tury-galereya', NULL, 1416841184, 501, NULL, 0),
(1848, 'content/photos/44/18c763d6e6a9f92daa1401b6af1df219d8d434da_rand_small.jpg', 1, NULL, '501', 44, '1510', NULL, 1416842050, 724, NULL, 0),
(1849, 'content/photos/44/18c763d6e6a9f92daa1401b6af1df219d8d434da_full.jpg', 1, NULL, '501', 44, '1510', NULL, 1416842050, 724, NULL, 0),
(1850, 'content/photos/25/bfade3f19d755fb2e3f1a306a22e4e72aa8adc35_rand_small.jpg', 1, NULL, '501', 25, '1510', NULL, 1416842050, 686, NULL, 0),
(1851, 'content/photos/40/55e27030fc4e0098a1d68030a5c1ffd2a1ed308c_rand_small.jpg', 1, NULL, '501', 40, '1510', NULL, 1416842050, 716, NULL, 0),
(1852, 'content/photos/40/55e27030fc4e0098a1d68030a5c1ffd2a1ed308c_full.jpg', 1, NULL, '501', 40, '1510', NULL, 1416842050, 716, NULL, 0),
(1853, 'content/photos/33/690d5b6a74abb67a0a9e1be345587ff87f4d4719_gal.jpg', 1, NULL, '501', 33, '1510', NULL, 1416842164, 702, NULL, 0),
(1854, 'content/photos/33/690d5b6a74abb67a0a9e1be345587ff87f4d4719_full.jpg', 1, NULL, '501', 33, '1510', NULL, 1416842164, 702, NULL, 0),
(1855, 'content/photos/34/e35d33e40d61fe0e425bb7c4345fe421439d69b9_gal.jpg', 1, NULL, '501', 34, '1510', NULL, 1416842164, 704, NULL, 0),
(1856, 'content/photos/34/e35d33e40d61fe0e425bb7c4345fe421439d69b9_full.jpg', 1, NULL, '501', 34, '1510', NULL, 1416842164, 704, NULL, 0),
(1857, 'content/photos/35/71f9cd4b95a1e789df83ce1b37b8c6a82e593028_gal.jpg', 1, NULL, '501', 35, '1510', NULL, 1416842164, 706, NULL, 0),
(1858, 'content/photos/35/71f9cd4b95a1e789df83ce1b37b8c6a82e593028_full.jpg', 1, NULL, '501', 35, '1510', NULL, 1416842165, 706, NULL, 0),
(1859, 'content/photos/36/7d51a36fadfa302e7a9d10784270a8d139d97df5_gal.jpg', 1, NULL, '501', 36, '1510', NULL, 1416842165, 708, NULL, 0),
(1860, 'content/photos/36/7d51a36fadfa302e7a9d10784270a8d139d97df5_full.jpg', 1, NULL, '501', 36, '1510', NULL, 1416842165, 708, NULL, 0),
(1861, 'content/photos/37/0e426279f1a13f7e119dd304b05beba45a14d837_gal.jpg', 1, NULL, '501', 37, '1510', NULL, 1416842165, 710, NULL, 0),
(1862, 'content/photos/37/0e426279f1a13f7e119dd304b05beba45a14d837_full.jpg', 1, NULL, '501', 37, '1510', NULL, 1416842165, 710, NULL, 0),
(1863, 'content/photos/38/a3ab2bdd30965dccde2429a379b3abb5f0053ce1_gal.jpg', 1, NULL, '501', 38, '1510', NULL, 1416842165, 712, NULL, 0),
(1864, 'content/photos/39/a983317ca4873bf3b36aca40edc35fa96f9f7cc5_gal.jpg', 1, NULL, '501', 39, '1510', NULL, 1416842165, 714, NULL, 0),
(1865, 'content/photos/39/a983317ca4873bf3b36aca40edc35fa96f9f7cc5_full.jpg', 1, NULL, '501', 39, '1510', NULL, 1416842165, 714, NULL, 0),
(1866, 'content/photos/40/55e27030fc4e0098a1d68030a5c1ffd2a1ed308c_gal.jpg', 1, NULL, '501', 40, '1510', NULL, 1416842165, 716, NULL, 0),
(1867, 'content/photos/41/70fee718ae15ec1f700ff90e127b3a59b84354e4_gal.jpg', 1, NULL, '501', 41, '1510', NULL, 1416842165, 718, NULL, 0),
(1868, 'content/photos/42/e8dd230e5b29ef0678dfb997d650c39be0970f89_gal.jpg', 1, NULL, '501', 42, '1510', NULL, 1416842165, 720, NULL, 0),
(1869, 'content/photos/43/87ba4b6e3d3178c9641f0b0abf9c9868af9a01e3_gal.jpg', 1, NULL, '501', 43, '1510', NULL, 1416842166, 722, NULL, 0),
(1870, 'content/photos/43/87ba4b6e3d3178c9641f0b0abf9c9868af9a01e3_full.jpg', 1, NULL, '501', 43, '1510', NULL, 1416842166, 722, NULL, 0),
(1871, 'content/photos/44/18c763d6e6a9f92daa1401b6af1df219d8d434da_gal.jpg', 1, NULL, '501', 44, '1510', NULL, 1416842166, 724, NULL, 0),
(1872, 'content/photos/45/26aad11571ba483a42f9ead3b3fac4c045e79dd2_gal.jpg', 1, NULL, '501', 45, '1510', NULL, 1416842166, 726, NULL, 0),
(1873, 'content/photos/46/e833c4b546ce33cc97c948060df44838fe5e3bdc_gal.jpg', 1, NULL, '501', 46, '1510', NULL, 1416842166, 728, NULL, 0),
(1874, 'content/photos/46/e833c4b546ce33cc97c948060df44838fe5e3bdc_full.jpg', 1, NULL, '501', 46, '1510', NULL, 1416842166, 728, NULL, 0),
(1875, 'content/photos/47/c67e16c8a07fe1a5fe91ae985657d58577497fb2_gal.jpg', 1, NULL, '501', 47, '1510', NULL, 1416842166, 730, NULL, 0),
(1876, 'content/photos/48/3aa0e7aef385ba6ac0b4169bc9279ce72a578ff1_gal.jpg', 1, NULL, '501', 48, '1510', NULL, 1416842166, 732, NULL, 0),
(1877, 'content/photos/49/f49582ad925e173bd346b1fc13aec0f43b8d686f_gal.jpg', 1, NULL, '501', 49, '1510', NULL, 1416842166, 734, NULL, 0),
(1878, 'content/photos/50/37782b65c93ff6b7234962b79165221393c85111_gal.jpg', 1, NULL, '501', 50, '1510', NULL, 1416842166, 736, NULL, 0),
(1879, 'content/photos/51/ffa90f307495c323c3df998bc7917f0e72ab2e28_gal.jpg', 1, NULL, '501', 51, '1510', NULL, 1416842166, 738, NULL, 0),
(1880, 'content/photos/51/ffa90f307495c323c3df998bc7917f0e72ab2e28_full.jpg', 1, NULL, '501', 51, '1510', NULL, 1416842166, 738, NULL, 0),
(1881, 'content/photos/52/0baa5d14d157c5b390f0c7de802c7026cc4225c4_gal.jpg', 1, NULL, '501', 52, '1510', NULL, 1416842166, 740, NULL, 0),
(1882, 'content/photos/53/d6c3ce6b68f13bb8f2f91e0fcd4986255b8bdbd9_gal.jpg', 1, NULL, '501', 53, '1510', NULL, 1416842166, 742, NULL, 0),
(1883, 'content/photos/53/d6c3ce6b68f13bb8f2f91e0fcd4986255b8bdbd9_full.jpg', 1, NULL, '501', 53, '1510', NULL, 1416842166, 742, NULL, 0),
(1884, 'content/photos/54/ae73141256331dcb26484e83580fdf5e7110ca42_gal.jpg', 1, NULL, '501', 54, '1510', NULL, 1416842166, 744, NULL, 0),
(1885, 'content/photos/54/ae73141256331dcb26484e83580fdf5e7110ca42_full.jpg', 1, NULL, '501', 54, '1510', NULL, 1416842167, 744, NULL, 0),
(1886, 'content/photos/55/233c01e2920712ad1392f48f4e978e362e461b1d_gal.jpg', 1, NULL, '501', 55, '1510', NULL, 1416842167, 746, NULL, 0),
(1887, 'content/photos/55/233c01e2920712ad1392f48f4e978e362e461b1d_full.jpg', 1, NULL, '501', 55, '1510', NULL, 1416842167, 746, NULL, 0),
(1888, 'content/photos/56/61d6f459a04aec8eab29e0231c57f42ac1654752_gal.jpg', 1, NULL, '501', 56, '1510', NULL, 1416842167, 748, NULL, 0),
(1889, 'content/photos/57/1ced57775d993081cb15f96b911a6164df6a24cd_gal.jpg', 1, NULL, '501', 57, '1510', NULL, 1416842167, 750, NULL, 0),
(1890, 'content/photos/57/1ced57775d993081cb15f96b911a6164df6a24cd_full.jpg', 1, NULL, '501', 57, '1510', NULL, 1416842167, 750, NULL, 0),
(1891, 'content/photos/58/dd1b697b682d5f32fbabba275619d7c98276b362_gal.jpg', 1, NULL, '501', 58, '1510', NULL, 1416842167, 752, NULL, 0),
(1892, 'content/photos/58/dd1b697b682d5f32fbabba275619d7c98276b362_full.jpg', 1, NULL, '501', 58, '1510', NULL, 1416842167, 752, NULL, 0),
(1893, 'content/photos/59/a6b90e19eea15e48250279dd2b87be3d5638f70e_gal.jpg', 1, NULL, '501', 59, '1510', NULL, 1416842167, 754, NULL, 0),
(1894, 'content/photos/60/6dfdc7ef4a2930100e2ac3dc09903978b17bfd5c_gal.jpg', 1, NULL, '501', 60, '1510', NULL, 1416842167, 756, NULL, 0),
(1895, 'content/photos/60/6dfdc7ef4a2930100e2ac3dc09903978b17bfd5c_full.jpg', 1, NULL, '501', 60, '1510', NULL, 1416842167, 756, NULL, 0),
(1896, 'content/photos/61/7af51087dcaa708988e96abf462ab0eb158743e9_gal.jpg', 1, NULL, '501', 61, '1510', NULL, 1416842167, 758, NULL, 0),
(1897, 'content/photos/62/caac67ffd7dc27f58db3a97d1c2e9c003ef0cde8_gal.jpg', 1, NULL, '501', 62, '1510', NULL, 1416842167, 760, NULL, 0),
(1898, 'content/photos/62/caac67ffd7dc27f58db3a97d1c2e9c003ef0cde8_full.jpg', 1, NULL, '501', 62, '1510', NULL, 1416842167, 760, NULL, 0),
(1899, 'content/photos/63/2777d90347d060875c8c3dac0c0fcaf781a802cd_gal.jpg', 1, NULL, '501', 63, '1510', NULL, 1416842168, 762, NULL, 0),
(1900, 'content/photos/63/2777d90347d060875c8c3dac0c0fcaf781a802cd_full.jpg', 1, NULL, '501', 63, '1510', NULL, 1416842168, 762, NULL, 0),
(1901, 'content/photos/64/7d0ddee762c25515a8f660eef3e6e0ef2ae8e6e6_gal.jpg', 1, NULL, '501', 64, '1510', NULL, 1416842168, 764, NULL, 0),
(1902, 'content/photos/64/7d0ddee762c25515a8f660eef3e6e0ef2ae8e6e6_full.jpg', 1, NULL, '501', 64, '1510', NULL, 1416842168, 764, NULL, 0),
(1903, 'content/photos/65/cc81c288be57f02770d8ad0a5179091a5df26097_gal.jpg', 1, NULL, '501', 65, '1510', NULL, 1416842168, 766, NULL, 0),
(1904, 'content/photos/66/457da28c260a7e945f32f358fafbc03002e57d59_gal.jpg', 1, NULL, '501', 66, '1510', NULL, 1416842168, 768, NULL, 0),
(1905, 'content/photos/66/457da28c260a7e945f32f358fafbc03002e57d59_full.jpg', 1, NULL, '501', 66, '1510', NULL, 1416842168, 768, NULL, 0),
(1906, 'content/photos/67/f512539daf41aa0a686b8058559ebbd01ceecba7_gal.jpg', 1, NULL, '501', 67, '1510', NULL, 1416842168, 770, NULL, 0),
(1907, 'content/photos/67/f512539daf41aa0a686b8058559ebbd01ceecba7_full.jpg', 1, NULL, '501', 67, '1510', NULL, 1416842168, 770, NULL, 0),
(1908, 'content/photos/68/fd93dd74e6e70bf9a25fc441733109d4488d3f1a_gal.jpg', 1, NULL, '501', 68, '1510', NULL, 1416842168, 772, NULL, 0),
(1909, 'content/photos/68/fd93dd74e6e70bf9a25fc441733109d4488d3f1a_full.jpg', 1, NULL, '501', 68, '1510', NULL, 1416842168, 772, NULL, 0),
(1910, 'content/photos/69/1d0a5459a57b936a3593ef10511e71c5485839c5_gal.jpg', 1, NULL, '501', 69, '1510', NULL, 1416842168, 774, NULL, 0),
(1911, 'content/photos/69/1d0a5459a57b936a3593ef10511e71c5485839c5_full.jpg', 1, NULL, '501', 69, '1510', NULL, 1416842168, 774, NULL, 0),
(1912, 'content/photos/70/71d575f1907594bba42fbc7da2ef36dd4c4d3b2c_gal.jpg', 1, NULL, '501', 70, '1510', NULL, 1416842168, 776, NULL, 0),
(1913, 'content/photos/71/524e230f66c2afc04615adb35273ac19c30bb6a5_gal.jpg', 1, NULL, '501', 71, '1510', NULL, 1416842168, 778, NULL, 0),
(1914, 'content/photos/72/a4b033e79d6b94ba439db240407fb0e4191b9cb1_gal.jpg', 1, NULL, '501', 72, '1510', NULL, 1416842168, 780, NULL, 0),
(1915, 'content/photos/72/a4b033e79d6b94ba439db240407fb0e4191b9cb1_full.jpg', 1, NULL, '501', 72, '1510', NULL, 1416842169, 780, NULL, 0),
(1916, 'content/photos/73/cea27163586a565b8826679dc24e3a5aac6d567d_gal.jpg', 1, NULL, '501', 73, '1510', NULL, 1416842169, 782, NULL, 0),
(1917, 'content/photos/74/2c378a9361f3f706e0aa75ca13a83c228197af07_gal.jpg', 1, NULL, '501', 74, '1510', NULL, 1416842169, 784, NULL, 0),
(1918, 'content/photos/74/2c378a9361f3f706e0aa75ca13a83c228197af07_full.jpg', 1, NULL, '501', 74, '1510', NULL, 1416842169, 784, NULL, 0),
(1919, 'content/photos/75/25beb4c2fa7ee94f9bfcf875b057edcd17425529_gal.jpg', 1, NULL, '501', 75, '1510', NULL, 1416842169, 786, NULL, 0),
(1920, 'content/photos/75/25beb4c2fa7ee94f9bfcf875b057edcd17425529_full.jpg', 1, NULL, '501', 75, '1510', NULL, 1416842169, 786, NULL, 0),
(1921, 'content/photos/76/c6062a72e3a342f5ead605f214157ef108147df9_gal.jpg', 1, NULL, '501', 76, '1510', NULL, 1416842169, 788, NULL, 0),
(1922, 'content/photos/76/c6062a72e3a342f5ead605f214157ef108147df9_full.jpg', 1, NULL, '501', 76, '1510', NULL, 1416842169, 788, NULL, 0),
(1923, 'content/photos/77/279b36a54f61a2fb9be754017c98156608a9c3b7_gal.jpg', 1, NULL, '501', 77, '1510', NULL, 1416842169, 790, NULL, 0),
(1924, 'content/photos/77/279b36a54f61a2fb9be754017c98156608a9c3b7_full.jpg', 1, NULL, '501', 77, '1510', NULL, 1416842169, 790, NULL, 0),
(1925, 'content/photos/78/856652ac2a44b5808291a743e3769d2ca15a0b25_gal.jpg', 1, NULL, '501', 78, '1510', NULL, 1416842169, 792, NULL, 0),
(1926, 'content/photos/78/856652ac2a44b5808291a743e3769d2ca15a0b25_full.jpg', 1, NULL, '501', 78, '1510', NULL, 1416842169, 792, NULL, 0),
(1927, 'content/photos/79/11fb4d15743b81afadd5189698f202488e836d79_gal.jpg', 1, NULL, '501', 79, '1510', NULL, 1416842169, 794, NULL, 0),
(1928, 'content/photos/80/a7856869e5371e4d2841b6dd272881b32b40d732_gal.jpg', 1, NULL, '501', 80, '1510', NULL, 1416842169, 796, NULL, 0),
(1929, 'content/photos/81/31fd24e3c178a10446b5121534233f3c274de957_gal.jpg', 1, NULL, '501', 81, '1510', NULL, 1416842169, 798, NULL, 0),
(1930, 'content/photos/82/2d26b7220a4f49e75079c68ec128a0e51d9a8eb6_gal.jpg', 1, NULL, '501', 82, '1510', NULL, 1416842169, 800, NULL, 0),
(1931, 'content/photos/82/2d26b7220a4f49e75079c68ec128a0e51d9a8eb6_full.jpg', 1, NULL, '501', 82, '1510', NULL, 1416842169, 800, NULL, 0),
(1932, 'content/photos/83/9bb8fab62ed0497d4b82dbbc6052bbd5b355930b_gal.jpg', 1, NULL, '501', 83, '1510', NULL, 1416842169, 802, NULL, 0),
(1933, 'content/photos/84/f66e75f71c3986353067533a526069802cb3d8c4_gal.jpg', 1, NULL, '501', 84, '1510', NULL, 1416842170, 804, NULL, 0),
(1934, 'content/photos/84/f66e75f71c3986353067533a526069802cb3d8c4_full.jpg', 1, NULL, '501', 84, '1510', NULL, 1416842170, 804, NULL, 0),
(1935, 'content/photos/85/07b29ba91168347d05999a634a042d3d3dc2c14f_gal.jpg', 1, NULL, '501', 85, '1510', NULL, 1416842170, 806, NULL, 0),
(1936, 'content/photos/85/07b29ba91168347d05999a634a042d3d3dc2c14f_full.jpg', 1, NULL, '501', 85, '1510', NULL, 1416842170, 806, NULL, 0),
(1937, 'content/photos/86/ae10cc8379a73bc5939bfda81c459be799bcda2c_gal.jpg', 1, NULL, '501', 86, '1510', NULL, 1416842170, 808, NULL, 0),
(1938, 'content/photos/86/ae10cc8379a73bc5939bfda81c459be799bcda2c_full.jpg', 1, NULL, '501', 86, '1510', NULL, 1416842170, 808, NULL, 0),
(1939, 'content/photos/87/f5abb357fa07b26951bb976f5228d11c49a3de47_gal.jpg', 1, NULL, '501', 87, '1510', NULL, 1416842170, 810, NULL, 0),
(1940, 'content/photos/88/652e8eb3f5c67f46e871735898226cd229831f82_gal.jpg', 1, NULL, '501', 88, '1510', NULL, 1416842170, 812, NULL, 0),
(1941, 'content/photos/89/be273e9a187ef23c680b4fa3d20f8005ec12fa1f_gal.jpg', 1, NULL, '501', 89, '1510', NULL, 1416842170, 814, NULL, 0),
(1942, 'content/photos/89/be273e9a187ef23c680b4fa3d20f8005ec12fa1f_full.jpg', 1, NULL, '501', 89, '1510', NULL, 1416842170, 814, NULL, 0),
(1943, 'content/photos/90/bafaca4c493a7b9b1cf04df592cbfd284b3db9b8_gal.jpg', 1, NULL, '501', 90, '1510', NULL, 1416842170, 816, NULL, 0),
(1944, 'content/photos/91/5d9eaa629c221e1a0957e1cafd7cbfe86b9eadea_gal.jpg', 1, NULL, '501', 91, '1510', NULL, 1416842170, 818, NULL, 0),
(1945, 'content/photos/91/5d9eaa629c221e1a0957e1cafd7cbfe86b9eadea_full.jpg', 1, NULL, '501', 91, '1510', NULL, 1416842170, 818, NULL, 0),
(1946, 'content/photos/92/c31e9398e2632964ddc8a66218987a3c027f08fd_gal.jpg', 1, NULL, '501', 92, '1510', NULL, 1416842170, 820, NULL, 0),
(1947, 'content/photos/93/be121cdc3d1112722594cbeca5b43129303135f0_gal.jpg', 1, NULL, '501', 93, '1510', NULL, 1416842170, 822, NULL, 0),
(1948, 'content/photos/94/d69a9c6264e195c4be04957dd9f30bb8870c6120_gal.jpg', 1, NULL, '501', 94, '1510', NULL, 1416842170, 824, NULL, 0),
(1949, 'content/photos/95/37d59da1b2cda4db288f92c2f4a0eda3c26e4b30_gal.jpg', 1, NULL, '501', 95, '1510', NULL, 1416842170, 826, NULL, 0),
(1950, 'content/photos/95/37d59da1b2cda4db288f92c2f4a0eda3c26e4b30_full.jpg', 1, NULL, '501', 95, '1510', NULL, 1416842171, 826, NULL, 0),
(1951, 'content/photos/96/4b1122c3b81c586b612abfdd39e7516f441dce2a_gal.jpg', 1, NULL, '501', 96, '1510', NULL, 1416842171, 828, NULL, 0),
(1952, 'content/photos/97/140aa2304c12ed34da4d396e82321f877ecc18de_gal.jpg', 1, NULL, '501', 97, '1510', NULL, 1416842171, 830, NULL, 0),
(1953, 'content/photos/35/71f9cd4b95a1e789df83ce1b37b8c6a82e593028_rand_small.jpg', 1, NULL, '501', 35, '1510', NULL, 1416842262, 706, NULL, 0),
(1954, 'content/photos/72/a4b033e79d6b94ba439db240407fb0e4191b9cb1_rand_small.jpg', 1, NULL, '501', 72, '1510', NULL, 1416842296, 780, NULL, 0),
(1955, 'content/photos/63/2777d90347d060875c8c3dac0c0fcaf781a802cd_rand_small.jpg', 1, NULL, '501', 63, '1510', NULL, 1416842296, 762, NULL, 0),
(1956, 'content/photos/82/2d26b7220a4f49e75079c68ec128a0e51d9a8eb6_rand_small.jpg', 1, NULL, '501', 82, '1510', NULL, 1416842296, 800, NULL, 0),
(1957, 'content/photos/4/d9d5925d0f5df96db8a1961f85b2b1f474a7b8c4_da.jpg', 1, NULL, '501', 4, '1510', NULL, 1416842475, 630, NULL, 0),
(1958, 'content/photos/5/c14583d4b845eef6458069f2600db49e5b50f3e6_da.jpg', 1, NULL, '501', 5, '1510', NULL, 1416842475, 632, NULL, 0),
(1959, 'content/photos/6/912f13b4d6bee35b64a41691e18b39fd6be21724_da.jpg', 1, NULL, '501', 6, '1510', NULL, 1416842475, 634, NULL, 0),
(1960, 'content/photos/7/97487b9f81aa1c067b0913166f7eb0ad110fa478_da.jpg', 1, NULL, '501', 7, '1510', NULL, 1416842475, 636, NULL, 0),
(1961, 'content/photos/8/137f81b67de0916e4da141709699eb46cd5bdfda_da.jpg', 1, NULL, '501', 8, '1510', NULL, 1416842475, 638, NULL, 0),
(1962, 'content/photos/9/8f76d0bf6d1e2972763f378813347e8764b0641d_da.jpg', 1, NULL, '501', 9, '1510', NULL, 1416842475, 640, NULL, 0),
(1963, 'content/photos/10/9cbcfa1e55d38a17b54ce31292233b0ad796ac23_da.jpg', 1, NULL, '501', 10, '1510', NULL, 1416842475, 642, NULL, 0),
(1964, 'content/photos/11/87a224ce8b063dbd1c9c6e2893762dd1723960e9_da.jpg', 1, NULL, '501', 11, '1510', NULL, 1416842475, 644, NULL, 0),
(1965, 'content/photos/12/e0bcd13a9987a5e4542270a0dca0b58c79fde9de_da.jpg', 1, NULL, '501', 12, '1510', NULL, 1416842475, 646, NULL, 0),
(1966, 'content/photos/13/79d5b301b0def8649811aa6127c9de2f30c992dc_da.jpg', 1, NULL, '501', 13, '1510', NULL, 1416842475, 648, NULL, 0),
(1967, 'content/photos/14/10b95156a4b690d4e79ae884bb41b91f58d23ce4_da.jpg', 1, NULL, '501', 14, '1510', NULL, 1416842475, 650, NULL, 0),
(1968, 'content/photos/15/4883f808cbecbab261b5b8bd63261c7fd04ac3e0_da.jpg', 1, NULL, '501', 15, '1510', NULL, 1416842475, 652, NULL, 0),
(1969, 'content/photos/16/58f204a859756951b8b8476f5e4afbfc5fc66bc6_da.jpg', 1, NULL, '501', 16, '1510', NULL, 1416842475, 654, NULL, 0),
(1970, 'content/photos/17/70f4dfc14c3f5e3109acdce98adcaabd51924677_da.jpg', 1, NULL, '501', 17, '1510', NULL, 1416842475, 656, NULL, 0),
(1971, 'content/photos/19/fbcfd7627e19bb1773edf623d7b73972728225d5_da.jpg', 1, NULL, '501', 19, '1510', NULL, 1416842475, 658, NULL, 0),
(1972, 'content/photos/20/739467889d3b1f0bcd756719fd57607a35e2d746_da.jpg', 1, NULL, '501', 20, '1510', NULL, 1416842475, 660, NULL, 0),
(1973, 'content/photos/21/28a75f883d59d9290c63f63139198c48ef9200d0_da.jpg', 1, NULL, '501', 21, '1510', NULL, 1416842475, 662, NULL, 0),
(1974, 'content/photos/22/34ab697f2c66e5bdc7fe0fd80a2da8ab04d4e657_da.jpg', 1, NULL, '501', 22, '1510', NULL, 1416842475, 664, NULL, 0),
(1975, 'content/photos/23/9d53ee79d674ea3f80aa8e933c3219905703cfbc_da.jpg', 1, NULL, '501', 23, '1510', NULL, 1416842475, 666, NULL, 0),
(1976, 'content/photos/24/f0c11d764293ef50c8eae5a0a81d1d8d9fa853d6_da.jpg', 1, NULL, '501', 24, '1510', NULL, 1416842476, 668, NULL, 0),
(1977, 'content/photos/25/bfade3f19d755fb2e3f1a306a22e4e72aa8adc35_da.jpg', 1, NULL, '501', 25, '1510', NULL, 1416842493, 686, NULL, 0),
(1978, 'content/photos/26/ff1b994e63950b461fe9be250782518c3b625080_da.jpg', 1, NULL, '501', 26, '1510', NULL, 1416842493, 688, NULL, 0),
(1979, 'content/photos/27/86d652fd8b44a9eb26e2b3d6385b735229b607cb_da.jpg', 1, NULL, '501', 27, '1510', NULL, 1416842493, 690, NULL, 0),
(1980, 'content/photos/28/dafc7ef18ea9051a3599854cbae0c321bcb802cc_da.jpg', 1, NULL, '501', 28, '1510', NULL, 1416842493, 692, NULL, 0),
(1981, 'content/photos/29/250e67191346fbfae006c2def1cb88f260692950_da.jpg', 1, NULL, '501', 29, '1510', NULL, 1416842493, 694, NULL, 0),
(1982, 'content/photos/30/7cdc39722b5191984ec5b237436acdf1e148aed2_da.jpg', 1, NULL, '501', 30, '1510', NULL, 1416842493, 696, NULL, 0),
(1983, 'content/photos/31/d966b8901fccbae1bf0fd406477fb75085633294_da.jpg', 1, NULL, '501', 31, '1510', NULL, 1416842493, 698, NULL, 0),
(1984, 'content/photos/32/caacbb43da60befded127b51bfcf013d3f573d29_da.jpg', 1, NULL, '501', 32, '1510', NULL, 1416842493, 700, NULL, 0),
(1985, 'content/photos/33/690d5b6a74abb67a0a9e1be345587ff87f4d4719_da.jpg', 1, NULL, '501', 33, '1510', NULL, 1416842493, 702, NULL, 0),
(1986, 'content/photos/34/e35d33e40d61fe0e425bb7c4345fe421439d69b9_da.jpg', 1, NULL, '501', 34, '1510', NULL, 1416842493, 704, NULL, 0),
(1987, 'content/photos/35/71f9cd4b95a1e789df83ce1b37b8c6a82e593028_da.jpg', 1, NULL, '501', 35, '1510', NULL, 1416842493, 706, NULL, 0),
(1988, 'content/photos/36/7d51a36fadfa302e7a9d10784270a8d139d97df5_da.jpg', 1, NULL, '501', 36, '1510', NULL, 1416842493, 708, NULL, 0),
(1989, 'content/photos/37/0e426279f1a13f7e119dd304b05beba45a14d837_da.jpg', 1, NULL, '501', 37, '1510', NULL, 1416842493, 710, NULL, 0),
(1990, 'content/photos/38/a3ab2bdd30965dccde2429a379b3abb5f0053ce1_da.jpg', 1, NULL, '501', 38, '1510', NULL, 1416842493, 712, NULL, 0),
(1991, 'content/photos/39/a983317ca4873bf3b36aca40edc35fa96f9f7cc5_da.jpg', 1, NULL, '501', 39, '1510', NULL, 1416842494, 714, NULL, 0),
(1992, 'content/photos/40/55e27030fc4e0098a1d68030a5c1ffd2a1ed308c_da.jpg', 1, NULL, '501', 40, '1510', NULL, 1416842494, 716, NULL, 0),
(1993, 'content/photos/41/70fee718ae15ec1f700ff90e127b3a59b84354e4_da.jpg', 1, NULL, '501', 41, '1510', NULL, 1416842494, 718, NULL, 0),
(1994, 'content/photos/42/e8dd230e5b29ef0678dfb997d650c39be0970f89_da.jpg', 1, NULL, '501', 42, '1510', NULL, 1416842494, 720, NULL, 0),
(1995, 'content/photos/43/87ba4b6e3d3178c9641f0b0abf9c9868af9a01e3_da.jpg', 1, NULL, '501', 43, '1510', NULL, 1416842494, 722, NULL, 0),
(1996, 'content/photos/44/18c763d6e6a9f92daa1401b6af1df219d8d434da_da.jpg', 1, NULL, '501', 44, '1510', NULL, 1416842494, 724, NULL, 0),
(1997, 'content/photos/45/26aad11571ba483a42f9ead3b3fac4c045e79dd2_da.jpg', 1, NULL, '501', 45, '1510', NULL, 1416842494, 726, NULL, 0),
(1998, 'content/photos/46/e833c4b546ce33cc97c948060df44838fe5e3bdc_da.jpg', 1, NULL, '501', 46, '1510', NULL, 1416842494, 728, NULL, 0),
(1999, 'content/photos/47/c67e16c8a07fe1a5fe91ae985657d58577497fb2_da.jpg', 1, NULL, '501', 47, '1510', NULL, 1416842494, 730, NULL, 0),
(2000, 'content/photos/48/3aa0e7aef385ba6ac0b4169bc9279ce72a578ff1_da.jpg', 1, NULL, '501', 48, '1510', NULL, 1416842494, 732, NULL, 0),
(2001, 'content/photos/49/f49582ad925e173bd346b1fc13aec0f43b8d686f_da.jpg', 1, NULL, '501', 49, '1510', NULL, 1416842494, 734, NULL, 0),
(2002, 'content/photos/50/37782b65c93ff6b7234962b79165221393c85111_da.jpg', 1, NULL, '501', 50, '1510', NULL, 1416842494, 736, NULL, 0),
(2003, 'content/photos/51/ffa90f307495c323c3df998bc7917f0e72ab2e28_da.jpg', 1, NULL, '501', 51, '1510', NULL, 1416842494, 738, NULL, 0),
(2004, 'content/photos/52/0baa5d14d157c5b390f0c7de802c7026cc4225c4_da.jpg', 1, NULL, '501', 52, '1510', NULL, 1416842494, 740, NULL, 0),
(2005, 'content/photos/53/d6c3ce6b68f13bb8f2f91e0fcd4986255b8bdbd9_da.jpg', 1, NULL, '501', 53, '1510', NULL, 1416842494, 742, NULL, 0),
(2006, 'content/photos/54/ae73141256331dcb26484e83580fdf5e7110ca42_da.jpg', 1, NULL, '501', 54, '1510', NULL, 1416842494, 744, NULL, 0),
(2007, 'content/photos/55/233c01e2920712ad1392f48f4e978e362e461b1d_da.jpg', 1, NULL, '501', 55, '1510', NULL, 1416842494, 746, NULL, 0),
(2008, 'content/photos/56/61d6f459a04aec8eab29e0231c57f42ac1654752_da.jpg', 1, NULL, '501', 56, '1510', NULL, 1416842494, 748, NULL, 0),
(2009, 'content/photos/57/1ced57775d993081cb15f96b911a6164df6a24cd_da.jpg', 1, NULL, '501', 57, '1510', NULL, 1416842494, 750, NULL, 0),
(2010, 'content/photos/58/dd1b697b682d5f32fbabba275619d7c98276b362_da.jpg', 1, NULL, '501', 58, '1510', NULL, 1416842494, 752, NULL, 0),
(2011, 'content/photos/59/a6b90e19eea15e48250279dd2b87be3d5638f70e_da.jpg', 1, NULL, '501', 59, '1510', NULL, 1416842494, 754, NULL, 0),
(2012, 'content/photos/60/6dfdc7ef4a2930100e2ac3dc09903978b17bfd5c_da.jpg', 1, NULL, '501', 60, '1510', NULL, 1416842494, 756, NULL, 0),
(2013, 'content/photos/61/7af51087dcaa708988e96abf462ab0eb158743e9_da.jpg', 1, NULL, '501', 61, '1510', NULL, 1416842494, 758, NULL, 0),
(2014, 'content/photos/62/caac67ffd7dc27f58db3a97d1c2e9c003ef0cde8_da.jpg', 1, NULL, '501', 62, '1510', NULL, 1416842494, 760, NULL, 0),
(2015, 'content/photos/63/2777d90347d060875c8c3dac0c0fcaf781a802cd_da.jpg', 1, NULL, '501', 63, '1510', NULL, 1416842494, 762, NULL, 0),
(2016, 'content/photos/64/7d0ddee762c25515a8f660eef3e6e0ef2ae8e6e6_da.jpg', 1, NULL, '501', 64, '1510', NULL, 1416842494, 764, NULL, 0),
(2017, 'content/photos/65/cc81c288be57f02770d8ad0a5179091a5df26097_da.jpg', 1, NULL, '501', 65, '1510', NULL, 1416842495, 766, NULL, 0),
(2018, 'content/photos/66/457da28c260a7e945f32f358fafbc03002e57d59_da.jpg', 1, NULL, '501', 66, '1510', NULL, 1416842495, 768, NULL, 0),
(2019, 'content/photos/67/f512539daf41aa0a686b8058559ebbd01ceecba7_da.jpg', 1, NULL, '501', 67, '1510', NULL, 1416842495, 770, NULL, 0),
(2020, 'content/photos/68/fd93dd74e6e70bf9a25fc441733109d4488d3f1a_da.jpg', 1, NULL, '501', 68, '1510', NULL, 1416842495, 772, NULL, 0),
(2021, 'content/photos/69/1d0a5459a57b936a3593ef10511e71c5485839c5_da.jpg', 1, NULL, '501', 69, '1510', NULL, 1416842495, 774, NULL, 0),
(2022, 'content/photos/70/71d575f1907594bba42fbc7da2ef36dd4c4d3b2c_da.jpg', 1, NULL, '501', 70, '1510', NULL, 1416842495, 776, NULL, 0),
(2023, 'content/photos/71/524e230f66c2afc04615adb35273ac19c30bb6a5_da.jpg', 1, NULL, '501', 71, '1510', NULL, 1416842495, 778, NULL, 0),
(2024, 'content/photos/72/a4b033e79d6b94ba439db240407fb0e4191b9cb1_da.jpg', 1, NULL, '501', 72, '1510', NULL, 1416842495, 780, NULL, 0),
(2025, 'content/photos/73/cea27163586a565b8826679dc24e3a5aac6d567d_da.jpg', 1, NULL, '501', 73, '1510', NULL, 1416842495, 782, NULL, 0),
(2026, 'content/photos/74/2c378a9361f3f706e0aa75ca13a83c228197af07_da.jpg', 1, NULL, '501', 74, '1510', NULL, 1416842495, 784, NULL, 0),
(2027, 'content/photos/75/25beb4c2fa7ee94f9bfcf875b057edcd17425529_da.jpg', 1, NULL, '501', 75, '1510', NULL, 1416842495, 786, NULL, 0),
(2028, 'content/photos/76/c6062a72e3a342f5ead605f214157ef108147df9_da.jpg', 1, NULL, '501', 76, '1510', NULL, 1416842495, 788, NULL, 0),
(2029, 'content/photos/77/279b36a54f61a2fb9be754017c98156608a9c3b7_da.jpg', 1, NULL, '501', 77, '1510', NULL, 1416842495, 790, NULL, 0),
(2030, 'content/photos/78/856652ac2a44b5808291a743e3769d2ca15a0b25_da.jpg', 1, NULL, '501', 78, '1510', NULL, 1416842495, 792, NULL, 0),
(2031, 'content/photos/79/11fb4d15743b81afadd5189698f202488e836d79_da.jpg', 1, NULL, '501', 79, '1510', NULL, 1416842495, 794, NULL, 0),
(2032, 'content/photos/80/a7856869e5371e4d2841b6dd272881b32b40d732_da.jpg', 1, NULL, '501', 80, '1510', NULL, 1416842495, 796, NULL, 0),
(2033, 'content/photos/81/31fd24e3c178a10446b5121534233f3c274de957_da.jpg', 1, NULL, '501', 81, '1510', NULL, 1416842495, 798, NULL, 0),
(2034, 'content/photos/82/2d26b7220a4f49e75079c68ec128a0e51d9a8eb6_da.jpg', 1, NULL, '501', 82, '1510', NULL, 1416842495, 800, NULL, 0),
(2035, 'content/photos/83/9bb8fab62ed0497d4b82dbbc6052bbd5b355930b_da.jpg', 1, NULL, '501', 83, '1510', NULL, 1416842495, 802, NULL, 0),
(2036, 'content/photos/84/f66e75f71c3986353067533a526069802cb3d8c4_da.jpg', 1, NULL, '501', 84, '1510', NULL, 1416842495, 804, NULL, 0),
(2037, 'content/photos/85/07b29ba91168347d05999a634a042d3d3dc2c14f_da.jpg', 1, NULL, '501', 85, '1510', NULL, 1416842495, 806, NULL, 0),
(2038, 'content/photos/86/ae10cc8379a73bc5939bfda81c459be799bcda2c_da.jpg', 1, NULL, '501', 86, '1510', NULL, 1416842495, 808, NULL, 0),
(2039, 'content/photos/87/f5abb357fa07b26951bb976f5228d11c49a3de47_da.jpg', 1, NULL, '501', 87, '1510', NULL, 1416842495, 810, NULL, 0),
(2040, 'content/photos/88/652e8eb3f5c67f46e871735898226cd229831f82_da.jpg', 1, NULL, '501', 88, '1510', NULL, 1416842495, 812, NULL, 0),
(2041, 'content/photos/89/be273e9a187ef23c680b4fa3d20f8005ec12fa1f_da.jpg', 1, NULL, '501', 89, '1510', NULL, 1416842495, 814, NULL, 0),
(2042, 'content/photos/90/bafaca4c493a7b9b1cf04df592cbfd284b3db9b8_da.jpg', 1, NULL, '501', 90, '1510', NULL, 1416842495, 816, NULL, 0),
(2043, 'content/photos/91/5d9eaa629c221e1a0957e1cafd7cbfe86b9eadea_da.jpg', 1, NULL, '501', 91, '1510', NULL, 1416842495, 818, NULL, 0),
(2044, 'content/photos/92/c31e9398e2632964ddc8a66218987a3c027f08fd_da.jpg', 1, NULL, '501', 92, '1510', NULL, 1416842495, 820, NULL, 0),
(2045, 'content/photos/93/be121cdc3d1112722594cbeca5b43129303135f0_da.jpg', 1, NULL, '501', 93, '1510', NULL, 1416842495, 822, NULL, 0),
(2046, 'content/photos/94/d69a9c6264e195c4be04957dd9f30bb8870c6120_da.jpg', 1, NULL, '501', 94, '1510', NULL, 1416842495, 824, NULL, 0),
(2047, 'content/photos/95/37d59da1b2cda4db288f92c2f4a0eda3c26e4b30_da.jpg', 1, NULL, '501', 95, '1510', NULL, 1416842496, 826, NULL, 0),
(2048, 'content/photos/96/4b1122c3b81c586b612abfdd39e7516f441dce2a_da.jpg', 1, NULL, '501', 96, '1510', NULL, 1416842496, 828, NULL, 0),
(2049, 'content/photos/97/140aa2304c12ed34da4d396e82321f877ecc18de_da.jpg', 1, NULL, '501', 97, '1510', NULL, 1416842496, 830, NULL, 0),
(2050, 'content/watermark/1/84958e071f23b9549ae8513dd61469a6727b8aa3_da.png', 1, NULL, 'project-vodnye-znaki', 1, 'project-vodnye-znaki-watermark-image', NULL, 1416842857, 172, NULL, 0),
(2051, 'content/watermark/2/5d1f46794d8f2df243e8cc5dc2a619e5629620a1_da.png', 1, NULL, 'project-vodnye-znaki', 2, 'project-vodnye-znaki-watermark-image', NULL, 1416842857, 174, NULL, 0),
(2052, 'content/promoblock/1/promo-1_da.png', 1, NULL, 'project-bloki---ssylki-na-glavnoi', 1, 'project-bloki---ssylki-na-glavnoi-bg-image', NULL, 1416842949, 11, NULL, 0),
(2053, 'content/promoblock/2/promo-2_da.png', 1, NULL, 'project-bloki---ssylki-na-glavnoi', 2, 'project-bloki---ssylki-na-glavnoi-bg-image', NULL, 1416842949, 3, NULL, 0),
(2054, 'content/promoblock/3/promo-3_da.png', 1, NULL, 'project-bloki---ssylki-na-glavnoi', 3, 'project-bloki---ssylki-na-glavnoi-bg-image', NULL, 1416842949, 5, NULL, 0),
(2055, 'content/photos/26/ff1b994e63950b461fe9be250782518c3b625080_rand_small.jpg', 1, NULL, '501', 26, '1510', NULL, 1416843229, 688, NULL, 0),
(2056, 'content/photos/4/d9d5925d0f5df96db8a1961f85b2b1f474a7b8c4_rand_small.jpg', 1, NULL, '501', 4, '1510', NULL, 1416843229, 630, NULL, 0),
(2057, 'content/photos/27/86d652fd8b44a9eb26e2b3d6385b735229b607cb_rand_small.jpg', 1, NULL, '501', 27, '1510', NULL, 1416843229, 690, NULL, 0),
(2058, 'content/photos/5/c14583d4b845eef6458069f2600db49e5b50f3e6_rand_small.jpg', 1, NULL, '501', 5, '1510', NULL, 1416852722, 632, NULL, 0),
(2059, 'content/photos/64/7d0ddee762c25515a8f660eef3e6e0ef2ae8e6e6_rand_small.jpg', 1, NULL, '501', 64, '1510', NULL, 1416852722, 764, NULL, 0),
(2060, 'content/photos/22/34ab697f2c66e5bdc7fe0fd80a2da8ab04d4e657_rand_small.jpg', 1, NULL, '501', 22, '1510', NULL, 1416852722, 664, NULL, 0),
(2061, 'content/photos/22/34ab697f2c66e5bdc7fe0fd80a2da8ab04d4e657_full.jpg', 1, NULL, '501', 22, '1510', NULL, 1416852723, 664, NULL, 0),
(2062, 'content/photos/66/457da28c260a7e945f32f358fafbc03002e57d59_rand_small.jpg', 1, NULL, '501', 66, '1510', NULL, 1416853776, 768, NULL, 0),
(2063, 'content/photos/91/5d9eaa629c221e1a0957e1cafd7cbfe86b9eadea_rand_small.jpg', 1, NULL, '501', 91, '1510', NULL, 1416853776, 818, NULL, 0),
(2064, '/content/interesting/13/a0b8567513d37784f65955dbc3214d0bafe334ad.jpg', 1, NULL, 'project-eto-interesno', 13, 'project-eto-interesno-main-image', NULL, 1416855827, NULL, NULL, 0),
(2065, '/content/interesting/13/a0b8567513d37784f65955dbc3214d0bafe334ad_da.jpg', 1, NULL, 'project-eto-interesno', 13, 'project-eto-interesno-main-image', NULL, 1416855827, 2064, NULL, 0),
(2066, 'content/photos/95/37d59da1b2cda4db288f92c2f4a0eda3c26e4b30_rand_small.jpg', 1, NULL, '501', 95, '1510', NULL, 1416855922, 826, NULL, 0),
(2067, 'content/photos/6/912f13b4d6bee35b64a41691e18b39fd6be21724_rand_small.jpg', 1, NULL, '501', 6, '1510', NULL, 1416855922, 634, NULL, 0),
(2068, 'content/photos/86/ae10cc8379a73bc5939bfda81c459be799bcda2c_rand_small.jpg', 1, NULL, '501', 86, '1510', NULL, 1416855922, 808, NULL, 0),
(2069, 'content/interesting/13/a0b8567513d37784f65955dbc3214d0bafe334ad_main_image.jpg', 1, NULL, 'project-eto-interesno', 13, 'project-eto-interesno-main-image', NULL, 1416856596, 2064, NULL, 0),
(2070, 'content/interesting/10/c628ad27327a9e48d99ac46f96079fb689171488top.jpg', 1, NULL, 'project-eto-interesno', 10, 'project-eto-interesno-main-image', NULL, 1416858560, 321, NULL, 0),
(2073, 'temp/5d7631c57dae72fee9b35261f30408ba/f145bb234e35ec94c9e048a0cc1eb8ccbea4cec3.jpg', 1, NULL, '502', NULL, '1519', NULL, 1416859091, NULL, '5d7631c57dae72fee9b35261f30408ba', 0),
(2074, 'temp/5d7631c57dae72fee9b35261f30408ba/f145bb234e35ec94c9e048a0cc1eb8ccbea4cec3_da.jpg', 1, NULL, '502', NULL, '1519', NULL, 1416859092, 2073, '5d7631c57dae72fee9b35261f30408ba', 0),
(2075, 'temp/5d7631c57dae72fee9b35261f30408ba/abde71ece6c264bde326f2870787b0bd0e88cb60.jpg', 1, NULL, '502', NULL, '1577', NULL, 1416859161, NULL, '5d7631c57dae72fee9b35261f30408ba', 0),
(2076, 'temp/5d7631c57dae72fee9b35261f30408ba/abde71ece6c264bde326f2870787b0bd0e88cb60_da.jpg', 1, NULL, '502', NULL, '1577', NULL, 1416859161, 2075, '5d7631c57dae72fee9b35261f30408ba', 0),
(2077, 'temp/5d7631c57dae72fee9b35261f30408ba/107d87015f49ee4228c49f06bd7e09d9d5b33438.jpg', 1, NULL, '502', NULL, '1577', NULL, 1416859177, NULL, '5d7631c57dae72fee9b35261f30408ba', 0),
(2078, 'temp/5d7631c57dae72fee9b35261f30408ba/107d87015f49ee4228c49f06bd7e09d9d5b33438_da.jpg', 1, NULL, '502', NULL, '1577', NULL, 1416859177, 2077, '5d7631c57dae72fee9b35261f30408ba', 0),
(2079, 'content/news/3/b3e2177e4f132cbeb83162cb7e50a0449d7244d0.jpg', 1, NULL, '502', 3, '1519', NULL, 1416859452, NULL, NULL, 0),
(2080, 'content/news/3/b3e2177e4f132cbeb83162cb7e50a0449d7244d0_da.jpg', 1, NULL, '502', 3, '1519', NULL, 1416859452, 2079, NULL, 0),
(2081, 'content/news/3/b3e2177e4f132cbeb83162cb7e50a0449d7244d0_list_small.jpg', 1, NULL, '502', 3, '1519', NULL, 1416859702, 2079, NULL, 0),
(2082, 'content/photos/46/e833c4b546ce33cc97c948060df44838fe5e3bdc_rand_small.jpg', 1, NULL, '501', 46, '1510', NULL, 1416859702, 728, NULL, 0),
(2083, 'content/news/3/b3e2177e4f132cbeb83162cb7e50a0449d7244d0_list.jpg', 1, NULL, '502', 3, '1519', NULL, 1416859735, 2079, NULL, 0),
(2084, 'content/photos/54/ae73141256331dcb26484e83580fdf5e7110ca42_rand_small.jpg', 1, NULL, '501', 54, '1510', NULL, 1416859760, 744, NULL, 0),
(2085, 'content/photos/43/87ba4b6e3d3178c9641f0b0abf9c9868af9a01e3_rand_small.jpg', 1, NULL, '501', 43, '1510', NULL, 1416859760, 722, NULL, 0),
(2086, 'content/photos/75/25beb4c2fa7ee94f9bfcf875b057edcd17425529_rand_small.jpg', 1, NULL, '501', 75, '1510', NULL, 1416860174, 786, NULL, 0),
(2087, 'content/photos/62/caac67ffd7dc27f58db3a97d1c2e9c003ef0cde8_rand_small.jpg', 1, NULL, '501', 62, '1510', NULL, 1416860174, 760, NULL, 0),
(2088, 'content/photos/36/7d51a36fadfa302e7a9d10784270a8d139d97df5_rand_small.jpg', 1, NULL, '501', 36, '1510', NULL, 1416860234, 708, NULL, 0),
(2089, 'content/photos/89/be273e9a187ef23c680b4fa3d20f8005ec12fa1f_rand_small.jpg', 1, NULL, '501', 89, '1510', NULL, 1416860234, 814, NULL, 0),
(2090, 'content/photos/31/d966b8901fccbae1bf0fd406477fb75085633294_rand_small.jpg', 1, NULL, '501', 31, '1510', NULL, 1416860234, 698, NULL, 0);
INSERT INTO `da_files` (`id_file`, `file_path`, `id_file_type`, `count`, `id_object`, `id_instance`, `id_parameter`, `id_property`, `create_date`, `id_parent_file`, `id_tmp`, `status_process`) VALUES
(2091, 'content/photos/23/9d53ee79d674ea3f80aa8e933c3219905703cfbc_rand_small.jpg', 1, NULL, '501', 23, '1510', NULL, 1416860236, 666, NULL, 0),
(2092, 'content/photos/23/9d53ee79d674ea3f80aa8e933c3219905703cfbc_full.jpg', 1, NULL, '501', 23, '1510', NULL, 1416860237, 666, NULL, 0),
(2093, 'content/photos/68/fd93dd74e6e70bf9a25fc441733109d4488d3f1a_rand_small.jpg', 1, NULL, '501', 68, '1510', NULL, 1416860458, 772, NULL, 0),
(2094, 'content/photos/16/58f204a859756951b8b8476f5e4afbfc5fc66bc6_rand_small.jpg', 1, NULL, '501', 16, '1510', NULL, 1416862843, 654, NULL, 0),
(2095, 'content/photos/16/58f204a859756951b8b8476f5e4afbfc5fc66bc6_full.jpg', 1, NULL, '501', 16, '1510', NULL, 1416862843, 654, NULL, 0),
(2096, 'content/photos/84/f66e75f71c3986353067533a526069802cb3d8c4_rand_small.jpg', 1, NULL, '501', 84, '1510', NULL, 1416865730, 804, NULL, 0),
(2097, 'content/photos/7/97487b9f81aa1c067b0913166f7eb0ad110fa478_rand_small.jpg', 1, NULL, '501', 7, '1510', NULL, 1416865730, 636, NULL, 0),
(2098, 'content/photos/15/4883f808cbecbab261b5b8bd63261c7fd04ac3e0_rand_small.jpg', 1, NULL, '501', 15, '1510', NULL, 1416875479, 652, NULL, 0),
(2099, 'content/photos/15/4883f808cbecbab261b5b8bd63261c7fd04ac3e0_full.jpg', 1, NULL, '501', 15, '1510', NULL, 1416875479, 652, NULL, 0),
(2100, 'content/photos/60/6dfdc7ef4a2930100e2ac3dc09903978b17bfd5c_rand_small.jpg', 1, NULL, '501', 60, '1510', NULL, 1416875806, 756, NULL, 0),
(2101, 'content/photos/57/1ced57775d993081cb15f96b911a6164df6a24cd_rand_small.jpg', 1, NULL, '501', 57, '1510', NULL, 1416875806, 750, NULL, 0),
(2102, 'content/photos/85/07b29ba91168347d05999a634a042d3d3dc2c14f_rand_small.jpg', 1, NULL, '501', 85, '1510', NULL, 1416875806, 806, NULL, 0),
(2103, 'content/photos/58/dd1b697b682d5f32fbabba275619d7c98276b362_rand_small.jpg', 1, NULL, '501', 58, '1510', NULL, 1416879604, 752, NULL, 0),
(2104, 'content/photos/14/10b95156a4b690d4e79ae884bb41b91f58d23ce4_rand_small.jpg', 1, NULL, '501', 14, '1510', NULL, 1416879604, 650, NULL, 0),
(2105, 'content/photos/14/10b95156a4b690d4e79ae884bb41b91f58d23ce4_full.jpg', 1, NULL, '501', 14, '1510', NULL, 1416879604, 650, NULL, 0),
(2106, 'content/photos/12/e0bcd13a9987a5e4542270a0dca0b58c79fde9de_rand_small.jpg', 1, NULL, '501', 12, '1510', NULL, 1416879615, 646, NULL, 0),
(2107, 'content/photos/12/e0bcd13a9987a5e4542270a0dca0b58c79fde9de_full.jpg', 1, NULL, '501', 12, '1510', NULL, 1416879615, 646, NULL, 0),
(2108, 'content/photos/10/9cbcfa1e55d38a17b54ce31292233b0ad796ac23_rand_small.jpg', 1, NULL, '501', 10, '1510', NULL, 1416879622, 642, NULL, 0),
(2109, 'content/photos/24/f0c11d764293ef50c8eae5a0a81d1d8d9fa853d6_rand_small.jpg', 1, NULL, '501', 24, '1510', NULL, 1416879622, 668, NULL, 0),
(2110, 'content/photos/24/f0c11d764293ef50c8eae5a0a81d1d8d9fa853d6_full.jpg', 1, NULL, '501', 24, '1510', NULL, 1416879622, 668, NULL, 0),
(2111, 'content/photos/51/ffa90f307495c323c3df998bc7917f0e72ab2e28_rand_small.jpg', 1, NULL, '501', 51, '1510', NULL, 1416880176, 738, NULL, 0),
(2112, 'content/photos/13/79d5b301b0def8649811aa6127c9de2f30c992dc_rand_small.jpg', 1, NULL, '501', 13, '1510', NULL, 1416880691, 648, NULL, 0),
(2113, 'content/photos/13/79d5b301b0def8649811aa6127c9de2f30c992dc_full.jpg', 1, NULL, '501', 13, '1510', NULL, 1416880691, 648, NULL, 0),
(2114, 'content/photos/32/caacbb43da60befded127b51bfcf013d3f573d29_rand_small.jpg', 1, NULL, '501', 32, '1510', NULL, 1416880723, 700, NULL, 0),
(2115, 'content/photos/53/d6c3ce6b68f13bb8f2f91e0fcd4986255b8bdbd9_rand_small.jpg', 1, NULL, '501', 53, '1510', NULL, 1416880723, 742, NULL, 0),
(2116, 'content/photos/77/279b36a54f61a2fb9be754017c98156608a9c3b7_rand_small.jpg', 1, NULL, '501', 77, '1510', NULL, 1416880753, 790, NULL, 0),
(2117, 'content/photos/67/f512539daf41aa0a686b8058559ebbd01ceecba7_rand_small.jpg', 1, NULL, '501', 67, '1510', NULL, 1416880753, 770, NULL, 0),
(2118, 'content/photos/78/856652ac2a44b5808291a743e3769d2ca15a0b25_rand_small.jpg', 1, NULL, '501', 78, '1510', NULL, 1416881072, 792, NULL, 0),
(2119, 'content/photos/76/c6062a72e3a342f5ead605f214157ef108147df9_rand_small.jpg', 1, NULL, '501', 76, '1510', NULL, 1416890690, 788, NULL, 0),
(2120, 'content/photos/28/dafc7ef18ea9051a3599854cbae0c321bcb802cc_rand_small.jpg', 1, NULL, '501', 28, '1510', NULL, 1416897727, 692, NULL, 0),
(2121, 'content/photos/33/690d5b6a74abb67a0a9e1be345587ff87f4d4719_rand_small.jpg', 1, NULL, '501', 33, '1510', NULL, 1416905352, 702, NULL, 0),
(2122, 'content/tour/7/5869cc393e04722397484b27033d81ff6dc7eecd_full.jpg', 1, NULL, 'project-tury', 7, 'project-tury-galereya', NULL, 1416914246, 554, NULL, 0),
(2123, 'content/tour/7/5869cc393e04722397484b27033d81ff6dc7eecd_big_thumb.jpg', 1, NULL, 'project-tury', 7, 'project-tury-galereya', NULL, 1416914246, 554, NULL, 0),
(2124, 'content/tour/7/5869cc393e04722397484b27033d81ff6dc7eecd_thumb.jpg', 1, NULL, 'project-tury', 7, 'project-tury-galereya', NULL, 1416914246, 554, NULL, 0),
(2125, 'content/tour/7/ac41136f9810e46a423d7ed043181ad472103794_full.jpg', 1, NULL, 'project-tury', 7, 'project-tury-galereya', NULL, 1416914246, 556, NULL, 0),
(2126, 'content/tour/7/ac41136f9810e46a423d7ed043181ad472103794_big_thumb.jpg', 1, NULL, 'project-tury', 7, 'project-tury-galereya', NULL, 1416914246, 556, NULL, 0),
(2127, 'content/tour/7/ac41136f9810e46a423d7ed043181ad472103794_thumb.jpg', 1, NULL, 'project-tury', 7, 'project-tury-galereya', NULL, 1416914246, 556, NULL, 0),
(2128, 'content/tour/7/b0b33cc0c39b63a8aae447ced5cde81a8b7d4bea_full.jpg', 1, NULL, 'project-tury', 7, 'project-tury-galereya', NULL, 1416914246, 558, NULL, 0),
(2129, 'content/tour/7/b0b33cc0c39b63a8aae447ced5cde81a8b7d4bea_big_thumb.jpg', 1, NULL, 'project-tury', 7, 'project-tury-galereya', NULL, 1416914246, 558, NULL, 0),
(2130, 'content/tour/7/b0b33cc0c39b63a8aae447ced5cde81a8b7d4bea_thumb.jpg', 1, NULL, 'project-tury', 7, 'project-tury-galereya', NULL, 1416914246, 558, NULL, 0),
(2131, 'content/tour/7/98194cde1b08c076523281ba1212184a921df360_full.jpg', 1, NULL, 'project-tury', 7, 'project-tury-galereya', NULL, 1416914246, 560, NULL, 0),
(2132, 'content/tour/7/98194cde1b08c076523281ba1212184a921df360_big_thumb.jpg', 1, NULL, 'project-tury', 7, 'project-tury-galereya', NULL, 1416914246, 560, NULL, 0),
(2133, 'content/tour/7/98194cde1b08c076523281ba1212184a921df360_thumb.jpg', 1, NULL, 'project-tury', 7, 'project-tury-galereya', NULL, 1416914246, 560, NULL, 0),
(2134, 'content/tour/7/25a786cb5d06386d7d7cf8989df9c9ad4b674ecd_full.jpg', 1, NULL, 'project-tury', 7, 'project-tury-galereya', NULL, 1416914246, 562, NULL, 0),
(2135, 'content/tour/7/25a786cb5d06386d7d7cf8989df9c9ad4b674ecd_big_thumb.jpg', 1, NULL, 'project-tury', 7, 'project-tury-galereya', NULL, 1416914246, 562, NULL, 0),
(2136, 'content/tour/7/25a786cb5d06386d7d7cf8989df9c9ad4b674ecd_thumb.jpg', 1, NULL, 'project-tury', 7, 'project-tury-galereya', NULL, 1416914246, 562, NULL, 0),
(2137, 'content/tour/7/9ea2a80b33ec80343efcba3f6014033f93e077c1_full.jpg', 1, NULL, 'project-tury', 7, 'project-tury-galereya', NULL, 1416914246, 564, NULL, 0),
(2138, 'content/tour/7/9ea2a80b33ec80343efcba3f6014033f93e077c1_big_thumb.jpg', 1, NULL, 'project-tury', 7, 'project-tury-galereya', NULL, 1416914246, 564, NULL, 0),
(2139, 'content/tour/7/9ea2a80b33ec80343efcba3f6014033f93e077c1_thumb.jpg', 1, NULL, 'project-tury', 7, 'project-tury-galereya', NULL, 1416914246, 564, NULL, 0),
(2140, 'content/tour/7/5cf29d18ab44462cf4b4c88b96b494440b5c8b83_full.jpg', 1, NULL, 'project-tury', 7, 'project-tury-galereya', NULL, 1416914247, 566, NULL, 0),
(2141, 'content/tour/7/5cf29d18ab44462cf4b4c88b96b494440b5c8b83_big_thumb.jpg', 1, NULL, 'project-tury', 7, 'project-tury-galereya', NULL, 1416914247, 566, NULL, 0),
(2142, 'content/tour/7/5cf29d18ab44462cf4b4c88b96b494440b5c8b83_thumb.jpg', 1, NULL, 'project-tury', 7, 'project-tury-galereya', NULL, 1416914247, 566, NULL, 0),
(2143, 'content/tour/7/0cf465e5373681278235d84282714d651ee52f16_full.jpg', 1, NULL, 'project-tury', 7, 'project-tury-galereya', NULL, 1416914247, 568, NULL, 0),
(2144, 'content/tour/7/0cf465e5373681278235d84282714d651ee52f16_big_thumb.jpg', 1, NULL, 'project-tury', 7, 'project-tury-galereya', NULL, 1416914247, 568, NULL, 0),
(2145, 'content/tour/7/0cf465e5373681278235d84282714d651ee52f16_thumb.jpg', 1, NULL, 'project-tury', 7, 'project-tury-galereya', NULL, 1416914247, 568, NULL, 0),
(2146, 'content/tour/7/31f577dbf687461ce4c85ecfdb47a8317f2af1d3_full.jpg', 1, NULL, 'project-tury', 7, 'project-tury-galereya', NULL, 1416914247, 570, NULL, 0),
(2147, 'content/tour/7/31f577dbf687461ce4c85ecfdb47a8317f2af1d3_big_thumb.jpg', 1, NULL, 'project-tury', 7, 'project-tury-galereya', NULL, 1416914247, 570, NULL, 0),
(2148, 'content/tour/7/31f577dbf687461ce4c85ecfdb47a8317f2af1d3_thumb.jpg', 1, NULL, 'project-tury', 7, 'project-tury-galereya', NULL, 1416914247, 570, NULL, 0),
(2149, 'content/tour/7/395ec83cb30db6a60a81fc88aaf991a97c5cb468_full.jpg', 1, NULL, 'project-tury', 7, 'project-tury-galereya', NULL, 1416914247, 572, NULL, 0),
(2150, 'content/tour/7/395ec83cb30db6a60a81fc88aaf991a97c5cb468_big_thumb.jpg', 1, NULL, 'project-tury', 7, 'project-tury-galereya', NULL, 1416914247, 572, NULL, 0),
(2151, 'content/tour/7/395ec83cb30db6a60a81fc88aaf991a97c5cb468_thumb.jpg', 1, NULL, 'project-tury', 7, 'project-tury-galereya', NULL, 1416914247, 572, NULL, 0),
(2152, 'content/tour/7/05871fd00b72ccc937e733ad0d7405f417962654_full.jpg', 1, NULL, 'project-tury', 7, 'project-tury-galereya', NULL, 1416914247, 574, NULL, 0),
(2153, 'content/tour/7/05871fd00b72ccc937e733ad0d7405f417962654_big_thumb.jpg', 1, NULL, 'project-tury', 7, 'project-tury-galereya', NULL, 1416914247, 574, NULL, 0),
(2154, 'content/tour/7/05871fd00b72ccc937e733ad0d7405f417962654_thumb.jpg', 1, NULL, 'project-tury', 7, 'project-tury-galereya', NULL, 1416914247, 574, NULL, 0),
(2155, 'content/tour/7/4e705a944963652ce2b8b81acda4cc542aee8d5c_full.jpg', 1, NULL, 'project-tury', 7, 'project-tury-galereya', NULL, 1416914247, 576, NULL, 0),
(2156, 'content/tour/7/4e705a944963652ce2b8b81acda4cc542aee8d5c_big_thumb.jpg', 1, NULL, 'project-tury', 7, 'project-tury-galereya', NULL, 1416914247, 576, NULL, 0),
(2157, 'content/tour/7/4e705a944963652ce2b8b81acda4cc542aee8d5c_thumb.jpg', 1, NULL, 'project-tury', 7, 'project-tury-galereya', NULL, 1416914247, 576, NULL, 0),
(2158, 'content/tour/7/1d0e92e2917da6b1176ff85632e90a07ff762a72_full.jpg', 1, NULL, 'project-tury', 7, 'project-tury-galereya', NULL, 1416914247, 578, NULL, 0),
(2159, 'content/tour/7/1d0e92e2917da6b1176ff85632e90a07ff762a72_big_thumb.jpg', 1, NULL, 'project-tury', 7, 'project-tury-galereya', NULL, 1416914247, 578, NULL, 0),
(2160, 'content/tour/7/1d0e92e2917da6b1176ff85632e90a07ff762a72_thumb.jpg', 1, NULL, 'project-tury', 7, 'project-tury-galereya', NULL, 1416914248, 578, NULL, 0),
(2161, 'content/tour/7/a5487348e9a05956ec825ec3f5f1a5494d41f479_full.jpg', 1, NULL, 'project-tury', 7, 'project-tury-galereya', NULL, 1416914248, 580, NULL, 0),
(2162, 'content/tour/7/a5487348e9a05956ec825ec3f5f1a5494d41f479_big_thumb.jpg', 1, NULL, 'project-tury', 7, 'project-tury-galereya', NULL, 1416914248, 580, NULL, 0),
(2163, 'content/tour/7/a5487348e9a05956ec825ec3f5f1a5494d41f479_thumb.jpg', 1, NULL, 'project-tury', 7, 'project-tury-galereya', NULL, 1416914248, 580, NULL, 0),
(2164, 'content/tour/7/20c2624b2a83ab30738bd93799753206fc875e47_full.jpg', 1, NULL, 'project-tury', 7, 'project-tury-galereya', NULL, 1416914248, 582, NULL, 0),
(2165, 'content/tour/7/20c2624b2a83ab30738bd93799753206fc875e47_big_thumb.jpg', 1, NULL, 'project-tury', 7, 'project-tury-galereya', NULL, 1416914248, 582, NULL, 0),
(2166, 'content/tour/7/20c2624b2a83ab30738bd93799753206fc875e47_thumb.jpg', 1, NULL, 'project-tury', 7, 'project-tury-galereya', NULL, 1416914248, 582, NULL, 0),
(2167, 'content/photos/74/2c378a9361f3f706e0aa75ca13a83c228197af07_rand_small.jpg', 1, NULL, '501', 74, '1510', NULL, 1416919956, 784, NULL, 0),
(2168, 'content/photos/19/fbcfd7627e19bb1773edf623d7b73972728225d5_rand_small.jpg', 1, NULL, '501', 19, '1510', NULL, 1416920389, 658, NULL, 0),
(2169, 'content/photos/19/fbcfd7627e19bb1773edf623d7b73972728225d5_full.jpg', 1, NULL, '501', 19, '1510', NULL, 1416920389, 658, NULL, 0),
(2170, 'content/photos/20/739467889d3b1f0bcd756719fd57607a35e2d746_rand_small.jpg', 1, NULL, '501', 20, '1510', NULL, 1416920389, 660, NULL, 0),
(2171, 'content/photos/20/739467889d3b1f0bcd756719fd57607a35e2d746_full.jpg', 1, NULL, '501', 20, '1510', NULL, 1416920390, 660, NULL, 0),
(2172, 'content/photos/55/233c01e2920712ad1392f48f4e978e362e461b1d_rand_small.jpg', 1, NULL, '501', 55, '1510', NULL, 1416924120, 746, NULL, 0),
(2173, 'content/tour/5/985f132e463f1224e29c45ac29d2f9d4d1000402_da.jpg', 1, NULL, 'project-tury', 5, 'project-tury-galereya', NULL, 1416927965, 418, NULL, 0),
(2174, 'content/tour/5/22577c6086271178c93dbafbb8e6937ebb298c4d_da.jpg', 1, NULL, 'project-tury', 5, 'project-tury-galereya', NULL, 1416927965, 420, NULL, 0),
(2175, 'content/tour/5/c6d42f361643bc09cf9663275ddb0490024ccb34_da.jpg', 1, NULL, 'project-tury', 5, 'project-tury-galereya', NULL, 1416927965, 422, NULL, 0),
(2176, 'content/tour/5/f6ff4b1b1f01e18e6591f759f1fbe77913d5f5cf_da.jpg', 1, NULL, 'project-tury', 5, 'project-tury-galereya', NULL, 1416927965, 424, NULL, 0),
(2177, 'content/tour/5/e637e174c25c147d6b78eeeb5c3e1b0de2556d5f_da.jpg', 1, NULL, 'project-tury', 5, 'project-tury-galereya', NULL, 1416927965, 426, NULL, 0),
(2178, 'content/tour/5/7ffbee2bf8424eae7f26ae19533201979c67cde9_da.jpg', 1, NULL, 'project-tury', 5, 'project-tury-galereya', NULL, 1416927965, 428, NULL, 0),
(2179, 'content/tour/5/95b1d6882d25dac891d16b573830b04564535f5d_da.jpg', 1, NULL, 'project-tury', 5, 'project-tury-galereya', NULL, 1416927965, 430, NULL, 0),
(2180, 'content/tour/5/5739e09a548930eb0b6ac3204a6b735d9bd1214e_da.jpg', 1, NULL, 'project-tury', 5, 'project-tury-galereya', NULL, 1416927965, 432, NULL, 0),
(2181, 'content/tour/5/9a86d1dc46978d9fe13590b826a5ecd8ce050385_da.jpg', 1, NULL, 'project-tury', 5, 'project-tury-galereya', NULL, 1416927965, 434, NULL, 0),
(2182, 'content/tour/5/98efd1446eca739555548c4088a2f9c555ebe8bc_da.jpg', 1, NULL, 'project-tury', 5, 'project-tury-galereya', NULL, 1416927965, 436, NULL, 0),
(2183, 'content/photos/39/a983317ca4873bf3b36aca40edc35fa96f9f7cc5_rand_small.jpg', 1, NULL, '501', 39, '1510', NULL, 1416928983, 714, NULL, 0),
(2184, 'content/photos/37/0e426279f1a13f7e119dd304b05beba45a14d837_rand_small.jpg', 1, NULL, '501', 37, '1510', NULL, 1416949169, 710, NULL, 0),
(2185, 'content/photos/69/1d0a5459a57b936a3593ef10511e71c5485839c5_rand_small.jpg', 1, NULL, '501', 69, '1510', NULL, 1416964737, 774, NULL, 0),
(2186, 'content/photos/34/e35d33e40d61fe0e425bb7c4345fe421439d69b9_rand_small.jpg', 1, NULL, '501', 34, '1510', NULL, 1416986055, 704, NULL, 0),
(2187, '/content/interesting/14/ef48447e3ab7aa9fb56609a65bbdeb060a4f643c.jpg', 1, NULL, 'project-eto-interesno', 14, 'project-eto-interesno-main-image', NULL, 1417210221, NULL, NULL, 0),
(2188, '/content/interesting/14/ef48447e3ab7aa9fb56609a65bbdeb060a4f643c_da.jpg', 1, NULL, 'project-eto-interesno', 14, 'project-eto-interesno-main-image', NULL, 1417210221, 2187, NULL, 0),
(2189, 'content/interesting/14/ef48447e3ab7aa9fb56609a65bbdeb060a4f643c_main_image.jpg', 1, NULL, 'project-eto-interesno', 14, 'project-eto-interesno-main-image', NULL, 1417210333, 2187, NULL, 0),
(2190, 'content/tour/6/2ad71da4fa824c1a902cac19cab54284ca8a14ab_da.jpg', 1, NULL, 'project-tury', 6, 'project-tury-galereya', NULL, 1417213352, 471, NULL, 0),
(2191, 'content/tour/6/566189dfd60c01f7b5c7d57259a99a33eca0e295_da.jpg', 1, NULL, 'project-tury', 6, 'project-tury-galereya', NULL, 1417213353, 473, NULL, 0),
(2192, 'content/tour/6/3f3464c633ac45cb0a8cae247254be44578fa71f_da.jpg', 1, NULL, 'project-tury', 6, 'project-tury-galereya', NULL, 1417213353, 475, NULL, 0),
(2193, 'content/tour/6/0c2b26555cf4e2d20621a901c183e4cf58f4a70b_da.jpg', 1, NULL, 'project-tury', 6, 'project-tury-galereya', NULL, 1417213353, 477, NULL, 0),
(2194, 'content/tour/6/f8d22a4ab44184ce17f8f31b3de5cf7d0b498cc3_da.jpg', 1, NULL, 'project-tury', 6, 'project-tury-galereya', NULL, 1417213353, 479, NULL, 0),
(2195, 'content/tour/6/e8a59483d1468c6f3df5d137914afee1cea44148_da.jpg', 1, NULL, 'project-tury', 6, 'project-tury-galereya', NULL, 1417213353, 481, NULL, 0),
(2196, 'content/tour/6/83f83f87bcb3a215f44d5fb9f29a23a141293642_da.jpg', 1, NULL, 'project-tury', 6, 'project-tury-galereya', NULL, 1417213353, 483, NULL, 0),
(2197, 'content/tour/6/7b37ffbfd96412b7bb9594e9b527ab39e10b6321_da.jpg', 1, NULL, 'project-tury', 6, 'project-tury-galereya', NULL, 1417213353, 485, NULL, 0),
(2198, 'content/tour/6/5b5c64c0223a535e0a3ce90c9b843917f0eb0884_da.jpg', 1, NULL, 'project-tury', 6, 'project-tury-galereya', NULL, 1417213353, 487, NULL, 0),
(2199, 'content/tour/6/2a828672a3513cde11c3c28c3f1ad2c95cd0c239_da.jpg', 1, NULL, 'project-tury', 6, 'project-tury-galereya', NULL, 1417213353, 489, NULL, 0),
(2200, 'content/tour/6/0cebf362295c90aef62dfabe93116024c08d28a0_da.jpg', 1, NULL, 'project-tury', 6, 'project-tury-galereya', NULL, 1417213353, 491, NULL, 0),
(2201, 'content/tour/6/ab31520da251285a9291e2d6b2461a01064ae2b1_da.jpg', 1, NULL, 'project-tury', 6, 'project-tury-galereya', NULL, 1417213353, 493, NULL, 0),
(2202, 'content/tour/6/8fe2a01b17a2cf481b621e7e17d8f2e908178deb_da.jpg', 1, NULL, 'project-tury', 6, 'project-tury-galereya', NULL, 1417213353, 495, NULL, 0),
(2203, 'content/tour/6/5b92d06cac628b07dad2ab16598bd77bd3d95d9a_da.jpg', 1, NULL, 'project-tury', 6, 'project-tury-galereya', NULL, 1417213353, 497, NULL, 0),
(2204, 'content/tour/6/c55e662a4c568e6f8db71b9f09767bc39d8f8953_da.jpg', 1, NULL, 'project-tury', 6, 'project-tury-galereya', NULL, 1417213353, 499, NULL, 0),
(2205, 'content/tour/6/4c6ab5eb76f7f44dc20fabf4b087ac9671e55b45_da.jpg', 1, NULL, 'project-tury', 6, 'project-tury-galereya', NULL, 1417213353, 501, NULL, 0),
(2206, 'content/photos/12/e0bcd13a9987a5e4542270a0dca0b58c79fde9de_gal.jpg', 1, NULL, '501', 12, '1510', NULL, 1417635084, 646, NULL, 0),
(2207, 'content/photos/13/79d5b301b0def8649811aa6127c9de2f30c992dc_gal.jpg', 1, NULL, '501', 13, '1510', NULL, 1417635084, 648, NULL, 0),
(2208, 'content/photos/14/10b95156a4b690d4e79ae884bb41b91f58d23ce4_gal.jpg', 1, NULL, '501', 14, '1510', NULL, 1417635084, 650, NULL, 0),
(2209, 'content/photos/15/4883f808cbecbab261b5b8bd63261c7fd04ac3e0_gal.jpg', 1, NULL, '501', 15, '1510', NULL, 1417635084, 652, NULL, 0),
(2210, 'content/photos/16/58f204a859756951b8b8476f5e4afbfc5fc66bc6_gal.jpg', 1, NULL, '501', 16, '1510', NULL, 1417635084, 654, NULL, 0),
(2211, 'content/photos/17/70f4dfc14c3f5e3109acdce98adcaabd51924677_gal.jpg', 1, NULL, '501', 17, '1510', NULL, 1417635084, 656, NULL, 0),
(2212, 'content/photos/19/fbcfd7627e19bb1773edf623d7b73972728225d5_gal.jpg', 1, NULL, '501', 19, '1510', NULL, 1417635084, 658, NULL, 0),
(2213, 'content/photos/20/739467889d3b1f0bcd756719fd57607a35e2d746_gal.jpg', 1, NULL, '501', 20, '1510', NULL, 1417635084, 660, NULL, 0),
(2214, 'content/photos/21/28a75f883d59d9290c63f63139198c48ef9200d0_gal.jpg', 1, NULL, '501', 21, '1510', NULL, 1417635084, 662, NULL, 0),
(2215, 'content/photos/22/34ab697f2c66e5bdc7fe0fd80a2da8ab04d4e657_gal.jpg', 1, NULL, '501', 22, '1510', NULL, 1417635084, 664, NULL, 0),
(2216, 'content/photos/23/9d53ee79d674ea3f80aa8e933c3219905703cfbc_gal.jpg', 1, NULL, '501', 23, '1510', NULL, 1417635084, 666, NULL, 0),
(2217, 'content/photos/24/f0c11d764293ef50c8eae5a0a81d1d8d9fa853d6_gal.jpg', 1, NULL, '501', 24, '1510', NULL, 1417635084, 668, NULL, 0),
(2218, 'content/souvenir/3/cf39a68440e2406e3274a487a1cc7cc2af15602d_da.jpg', 1, NULL, 'project-suveniry', 3, 'project-suveniry-main-image', NULL, 1418127144, 331, NULL, 0),
(2219, 'content/souvenir/4/3e540ba75eaca985e1c23ebef505670aa2e9dcb3_da.jpg', 1, NULL, 'project-suveniry', 4, 'project-suveniry-main-image', NULL, 1418127144, 349, NULL, 0),
(2220, 'content/souvenir/5/41928f0dac034f881258b431a25740aabebcaabb_da.jpg', 1, NULL, 'project-suveniry', 5, 'project-suveniry-main-image', NULL, 1418127144, 392, NULL, 0),
(2221, 'content/souvenir/3/fdeecc71ddb06072d6da71eb9a7f787e71aecd85_da.jpg', 1, NULL, 'project-suveniry', 3, 'project-suveniry-galereya', NULL, 1418127147, 333, NULL, 0),
(2222, 'content/souvenir/3/7606c500e3961d4cbb5eb5f3a152dc5b0567e9a1_da.jpg', 1, NULL, 'project-suveniry', 3, 'project-suveniry-galereya', NULL, 1418127147, 335, NULL, 0),
(2223, 'content/souvenir/3/daf7c6ea49e6bacc564e29c9e2166d8887653f0b_da.jpg', 1, NULL, 'project-suveniry', 3, 'project-suveniry-galereya', NULL, 1418127147, 337, NULL, 0),
(2224, 'content/souvenir/4/0d958b41111fe5c12894c73ede7a5317d24d60f9_da.jpg', 1, NULL, 'project-suveniry', 4, 'project-suveniry-galereya', NULL, 1418127295, 351, NULL, 0),
(2225, 'content/souvenir/4/ab74ceb745a16c3a5f4253fc398b03073e929a56_da.jpg', 1, NULL, 'project-suveniry', 4, 'project-suveniry-galereya', NULL, 1418127295, 353, NULL, 0),
(2226, 'content/souvenir/4/1694ee5f2247676b51f839a376bf50ace4afadd9_da.jpg', 1, NULL, 'project-suveniry', 4, 'project-suveniry-galereya', NULL, 1418127295, 355, NULL, 0),
(2227, 'content/souvenir/4/4178ebb8997ebb3bce0c3f1e9e3a635804516cf6_da.jpg', 1, NULL, 'project-suveniry', 4, 'project-suveniry-galereya', NULL, 1418127295, 357, NULL, 0),
(2228, 'content/souvenir/4/9a3941b412a2a97b3e5da1e7c918250080b79c15_da.jpg', 1, NULL, 'project-suveniry', 4, 'project-suveniry-galereya', NULL, 1418127295, 359, NULL, 0),
(2229, 'content/souvenir/4/1224f3de58bb4a14c510b3fdddd30951746d2940_da.jpg', 1, NULL, 'project-suveniry', 4, 'project-suveniry-galereya', NULL, 1418127295, 361, NULL, 0),
(2230, 'content/souvenir/4/dde3065d7fb93d3aa8f8895a7db97440624163f8_da.jpg', 1, NULL, 'project-suveniry', 4, 'project-suveniry-galereya', NULL, 1418127295, 363, NULL, 0),
(2231, 'content/souvenir/4/6a2b6bd708fcbaca39c4d8363beb2bab27c432df_da.jpg', 1, NULL, 'project-suveniry', 4, 'project-suveniry-galereya', NULL, 1418127295, 365, NULL, 0);

-- --------------------------------------------------------

--
-- Структура таблицы `da_file_extension`
--

CREATE TABLE IF NOT EXISTS `da_file_extension` (
  `id_file_extension` int(8) NOT NULL COMMENT 'id',
  `ext` varchar(20) NOT NULL COMMENT 'Расширение',
  `id_file_type` int(8) NOT NULL DEFAULT '0' COMMENT 'Тип файла',
  PRIMARY KEY (`id_file_extension`)
) ENGINE=InnoDB DEFAULT CHARSET=utf8 COMMENT='Расширения файлов';

--
-- Дамп данных таблицы `da_file_extension`
--

INSERT INTO `da_file_extension` (`id_file_extension`, `ext`, `id_file_type`) VALUES
(1, 'jpg', 1),
(2, 'gif', 1),
(3, 'png', 1),
(4, 'doc', 2),
(5, 'xls', 2),
(6, 'txt', 2),
(9, 'css', 4),
(11, 'pdf', 2),
(12, 'docx', 2),
(13, 'jpeg', 1),
(14, 'flv', 5),
(201, 'bmp', 1),
(202, 'xlsx', 2);

-- --------------------------------------------------------

--
-- Структура таблицы `da_file_type`
--

CREATE TABLE IF NOT EXISTS `da_file_type` (
  `id_file_type` int(8) NOT NULL COMMENT 'id',
  `name` varchar(255) NOT NULL COMMENT 'Название',
  PRIMARY KEY (`id_file_type`)
) ENGINE=InnoDB DEFAULT CHARSET=utf8 COMMENT='Типы файлов';

--
-- Дамп данных таблицы `da_file_type`
--

INSERT INTO `da_file_type` (`id_file_type`, `name`) VALUES
(1, 'Картинка'),
(2, 'Документ'),
(4, 'Стили'),
(5, 'Flash-видео');

-- --------------------------------------------------------

--
-- Структура таблицы `da_group_system_parameter`
--

CREATE TABLE IF NOT EXISTS `da_group_system_parameter` (
  `id_group_system_parameter` int(8) NOT NULL COMMENT 'id',
  `name` varchar(100) NOT NULL COMMENT 'Название',
  PRIMARY KEY (`id_group_system_parameter`)
) ENGINE=InnoDB DEFAULT CHARSET=utf8 PACK_KEYS=0 COMMENT='Группы системных параметров';

--
-- Дамп данных таблицы `da_group_system_parameter`
--

INSERT INTO `da_group_system_parameter` (`id_group_system_parameter`, `name`) VALUES
(1, 'Системные настройки'),
(2, 'Настройки сайта');

-- --------------------------------------------------------

--
-- Структура таблицы `da_instruction`
--

CREATE TABLE IF NOT EXISTS `da_instruction` (
  `id_instruction` int(8) NOT NULL COMMENT 'id',
  `name` varchar(255) NOT NULL COMMENT 'Название',
  `content` longtext NOT NULL COMMENT 'Описание',
  `desc_type` int(1) NOT NULL DEFAULT '1' COMMENT 'Относится только к этому сайту',
  `visible` int(1) NOT NULL DEFAULT '1' COMMENT 'Видимость',
  `num_seq` int(3) NOT NULL DEFAULT '1' COMMENT 'п/п',
  PRIMARY KEY (`id_instruction`)
) ENGINE=InnoDB DEFAULT CHARSET=utf8 COMMENT='Инструкции';

--
-- Дамп данных таблицы `da_instruction`
--

INSERT INTO `da_instruction` (`id_instruction`, `name`, `content`, `desc_type`, `visible`, `num_seq`) VALUES
(0, 'Заполнение содержания тура', '<p><strong>HTML Шаблон содержания тура выглядит следующим образом</strong></p>\r\n<p>Вставьте его в визуальный редактор в облать Содержание тура.<br /><span style="color: #ff0000;">Важно!</span> Удобнее всего это делать в режиме html, нажав синюю кнопку в правом нижнем углу панели редактора с надписью html</p>\r\n<p><strong>&nbsp;- Для двух рядом стоящих таблиц:</strong></p>\r\n<p>&lt;div class="col-md-6"&gt;<br />&lt;table&gt;<br />&nbsp; &lt;tr&gt;&lt;td&gt;День 1&lt;/td&gt;&lt;td&gt;&lt;/td&gt;&lt;/tr&gt;<br />&nbsp; &lt;tr&gt;<br />&nbsp; &nbsp; &lt;td&gt;&lt;div class="ico-clock"&gt;&lt;/div&gt;/td&gt;<br />&nbsp; &nbsp; &lt;td&gt;&lt;div class="ico-clip"&gt;&lt;/div&gt;&lt;/td&gt;<br />&nbsp; &lt;/tr&gt;<br />&nbsp; &lt;tr&gt;<br />&nbsp; &nbsp; &lt;td&gt;&lt;div class="time"&gt;9:00&lt;/div&gt;&lt;/td&gt;<br />&nbsp; &nbsp; &lt;td&gt;Прибытие в Котельнич. Завтрак&lt;/td&gt;<br />&nbsp; &lt;/tr&gt;<br />&lt;/table&gt;<br />&lt;/div&gt;<br />&lt;div class="col-md-6"&gt;<br />&lt;table&gt;<br />&nbsp; &lt;tr&gt;&lt;td&gt;День 2&lt;/td&gt;&lt;td&gt;&lt;/td&gt;&lt;/tr&gt;<br />&nbsp; &lt;tr&gt;<br />&nbsp; &nbsp; &lt;td&gt;&lt;div class="ico-clock"&gt;&lt;/div&gt;&lt;/td&gt;<br />&nbsp; &nbsp; &lt;td&gt;&lt;div class="ico-clip"&gt;&lt;/div&gt;&lt;/td&gt;<br />&nbsp; &lt;/tr&gt;<br />&nbsp; &lt;tr&gt;<br />&nbsp; &nbsp; &lt;td&gt;&lt;div class="time"&gt;9:00&lt;/div&gt;&lt;/td&gt;<br />&nbsp; &nbsp; &lt;td&gt;Прибытие в Котельнич. Завтрак&lt;/td&gt;<br />&nbsp; &lt;/tr&gt;<br />&lt;/table&gt;<br />&lt;/div&gt;</p>\r\n<p><strong>&nbsp;- Для одной таблицы:</strong></p>\r\n<p><span style="font-size: 13px; line-height: 18.2000007629395px;">&lt;div <span style="font-size: 13px; line-height: 18.2000007629395px;">&nbsp;class="col-md-12"</span>&gt;</span><br style="font-size: 13px; line-height: 18.2000007629395px;" /><span style="font-size: 13px; line-height: 18.2000007629395px;">&lt;table&gt;</span><br style="font-size: 13px; line-height: 18.2000007629395px;" /><span style="font-size: 13px; line-height: 18.2000007629395px;">&nbsp; &lt;tr&gt;&lt;td&gt;День 1&lt;/td&gt;&lt;td&gt;&lt;/td&gt;&lt;/tr&gt;</span><br style="font-size: 13px; line-height: 18.2000007629395px;" /><span style="font-size: 13px; line-height: 18.2000007629395px;">&nbsp; &lt;tr&gt;</span><br style="font-size: 13px; line-height: 18.2000007629395px;" /><span style="font-size: 13px; line-height: 18.2000007629395px;">&nbsp; &nbsp; &lt;td&gt;&lt;div<span style="font-size: 13px; line-height: 18.2000007629395px;">&nbsp;class="ico-clock"</span>&gt;&lt;/div&gt;/td&gt;</span><br style="font-size: 13px; line-height: 18.2000007629395px;" /><span style="font-size: 13px; line-height: 18.2000007629395px;">&nbsp; &nbsp; &lt;td&gt;&lt;div<span style="font-size: 13px; line-height: 18.2000007629395px;">&nbsp;class="ico-clip"</span>&gt;&lt;/div&gt;&lt;/td&gt;</span><br style="font-size: 13px; line-height: 18.2000007629395px;" /><span style="font-size: 13px; line-height: 18.2000007629395px;">&nbsp; &lt;/tr&gt;</span><br style="font-size: 13px; line-height: 18.2000007629395px;" /><span style="font-size: 13px; line-height: 18.2000007629395px;">&nbsp; &lt;tr&gt;</span><br style="font-size: 13px; line-height: 18.2000007629395px;" /><span style="font-size: 13px; line-height: 18.2000007629395px;">&nbsp; &nbsp; &lt;td&gt;&lt;div <span style="font-size: 13px; line-height: 18.2000007629395px;">class="time"</span>&gt;9:00&lt;/div&gt;&lt;/td&gt;</span><br style="font-size: 13px; line-height: 18.2000007629395px;" /><span style="font-size: 13px; line-height: 18.2000007629395px;">&nbsp; &nbsp; &lt;td&gt;Прибытие в Котельнич. Завтрак&lt;/td&gt;</span><br style="font-size: 13px; line-height: 18.2000007629395px;" /><span style="font-size: 13px; line-height: 18.2000007629395px;">&nbsp; &lt;/tr&gt;</span><br style="font-size: 13px; line-height: 18.2000007629395px;" /><span style="font-size: 13px; line-height: 18.2000007629395px;">&lt;/table&gt;</span><br style="font-size: 13px; line-height: 18.2000007629395px;" /><span style="font-size: 13px; line-height: 18.2000007629395px;">&lt;/div&gt;</span></p>\r\n<p><strong><span style="font-size: 13px; line-height: 18.2000007629395px;">- Чтобы добавить мероприятие необходимо размножить эту часть разметки:</span></strong></p>\r\n<p><span style="font-size: 13px; line-height: 18.2000007629395px;"><span style="font-size: 13px; line-height: 18.2000007629395px;">&nbsp; &lt;tr&gt;</span><br style="font-size: 13px; line-height: 18.2000007629395px;" /><span style="font-size: 13px; line-height: 18.2000007629395px;">&nbsp; &nbsp; &lt;td&gt;&lt;div&nbsp;<span style="line-height: 18.2000007629395px;">class="time"</span>&gt;9:00&lt;/div&gt;&lt;/td&gt;</span><br style="font-size: 13px; line-height: 18.2000007629395px;" /><span style="font-size: 13px; line-height: 18.2000007629395px;">&nbsp; &nbsp; &lt;td&gt;Прибытие в Котельнич. Завтрак&lt;/td&gt;</span><br style="font-size: 13px; line-height: 18.2000007629395px;" /><span style="font-size: 13px; line-height: 18.2000007629395px;">&nbsp; &lt;/tr&gt;</span></span></p>\r\n<p><span style="font-size: 13px; line-height: 18.2000007629395px;"><span style="font-size: 13px; line-height: 18.2000007629395px;">И вписать необходимые данные</span></span></p>', 1, 1, 0),
(6, 'Модуль Вопрос-ответ', '<ol>  <li>  <h2>Общий вид</h2>  <img style="float: left;" src="http://ygin.ru/instruction/engine/faq/faq-vid.jpg" alt=""></li>  <li>  <h2>Создание</h2>  <p>При нажатии на кнопку «Создать» появится страница с указанными полями:</p>  <ol style="list-style-type: lower-alpha;">  <li>  <p>Поле «Вопрос» отображает вопрос пришедший от пользователей на сайт.</p>  <img src="http://ygin.ru/instruction/engine/faq/faq-sozd-1.jpg" alt="Вопрос"></li>  <li>  <p>Поле «Ответ» позволяет написать ответ по вышеуказанному вопросу.</p>  <img src="http://ygin.ru/instruction/engine/faq/faq-sozd-2.jpg" alt="Ответ"></li>  <li>  <p>Поле «Дата» указывает дату подачи вопроса.</p>  <img src="http://ygin.ru/instruction/engine/faq/faq-sozd-3.jpg" alt="Дата"></li>  <li>  <p>Поле «Показать» отвечает за видимость данного вопроса и ответа для пользователей сайта. В любом случае, вопрос останется видимым в списке вопросов в панели администрирования. Как правило, данная галочка предназначена для того, чтобы скрыть нежелательные или не прошедшие модерацию вопросы.</p>  <img src="http://ygin.ru/instruction/engine/faq/faq-sozd-4.jpg" alt="Видимость"></li>  </ol></li>  </ol>', 0, 0, 18),
(11, 'Размещение видеороликов с Rutube', '<ol>  <li>Чтобы добавить видеоролик в раздел сайта, его необходимо загрузить на любой сервис, предоставляющий услуги хостинга видеоматериалов, например <a href="http://www.rutube.ru/">http://rutube.ru/register.html</a>.</li>  <li>Для загрузки видеороликов на сайте <a href="http://www.rutube.ru/">www.rutube.ru</a> необходимо зарегистрироваться и войти на сайт как авторизованный пользователь.</li>  <li>В меню пользователя появится возможность загрузки видеороликов.<br><span><img style="margin-top: 15px; cursor: pointer;" onclick="this.src=''http://ygin.ru/instruction/engine/rutube/3.png'';" src="http://ygin.ru/instruction/engine/rutube/3s.png" alt=""></span> <br><br><br><br></li>  <li>Для загрузки видеоролика нужно указать к нему путь, нажав кнопку «Обзор». Заполнить все необходимые поля и нажать на кнопку «Загрузить файл»<br> <img style="margin-top: 15px; cursor: pointer;" onclick="this.src=''http://ygin.ru/instruction/engine/rutube/4.png'';" src="http://ygin.ru/instruction/engine/rutube/4s.png" alt=""><br><br><br><br></li>  <li>После загрузки видеоролика необходимо зайти в раздел «мои ролики»<br> <img style="margin-top: 15px; cursor: pointer;" onclick="this.src=''http://ygin.ru/instruction/engine/rutube/5.png'';" src="http://ygin.ru/instruction/engine/rutube/5s.png" alt=""><br><br><br><br></li>  <li>Выбрать свой загруженный ролик, нажать на вкладку «ссылка и код» и скопировать ссылку на видеоролик.<br> <img style="margin-top: 15px; cursor: pointer;" onclick="this.src=''http://ygin.ru/instruction/engine/rutube/6.png'';" src="http://ygin.ru/instruction/engine/rutube/6s.png" alt=""><br><br><br><br></li>  <li>После копирования ссылки, нужно зайти в Систему администрирования сайта, открыть редактируемый раздел где необходимо вставить видеоролик, выделить курсором мыши место расположения видеоролика в содержании раздела и нажать кнопку «Вставить/редактировать медиа-объект»<br> <img style="margin-top: 15px; cursor: pointer;" onclick="this.src=''http://ygin.ru/instruction/engine/rutube/7.png'';" src="http://ygin.ru/instruction/engine/rutube/7s.png" alt=""><br><br><br><br></li>  <li>В сплывающем окне, в поле «Файл/адрес» нужно вставить скопированную ссылку на видеоролик, при необходимости отредактировать размеры и нажать кнопку «Вставить»<br> <img style="margin-top: 15px; cursor: pointer;" onclick="this.src=''http://ygin.ru/instruction/engine/rutube/8.png'';" src="http://ygin.ru/instruction/engine/rutube/8s.png" alt=""><br><br><br><br></li>  <li>После чего в редактируемом разделе появится вставленный видеоролик.<br> <img style="margin-top: 15px; cursor: pointer;" onclick="this.src=''http://ygin.ru/instruction/engine/rutube/9.png'';" src="http://ygin.ru/instruction/engine/rutube/9s.png" alt=""><br><br><br><br></li>  </ol>', 0, 1, 19),
(12, 'Размещение видеороликов с Youtube', '<ol>  <li class="noindent">Чтобы добавить видеоролик в раздел сайта, его необходимо загрузить на любой сервис, предоставляющий услуги хостинга видеоматериалов, например http://www.youtube.com/create_account?next=%2F</li>  <li>Для загрузки видеороликов на сайте www.youtube.ru необходимо зарегистрироваться и войти на сайт как авторизованный пользователь.</li>  <li>В меню пользователя появится возможность загрузки видеороликов.<br><br><img style="margin-top: 15px; cursor: pointer;" onclick="this.src=''http://ygin.ru/instruction/engine/youtube/3.png'';" src="http://ygin.ru/instruction/engine/youtube/3s.png" alt=""><br><br></li>  <li>Для загрузки видеоролика нужно указать к нему путь, нажав кнопку «Обзор» и после чего начнется загрузка файла.</li>  <li>По окончании загрузки нужно скопировать ссылку на видеоролик.<br><br><img style="margin-top: 15px; cursor: pointer;" onclick="this.src=''http://ygin.ru/instruction/engine/youtube/5.png'';" src="http://ygin.ru/instruction/engine/youtube/5s.png" alt=""><br><br></li>  <li>После копирования ссылки, нужно зайти в Систему администрирования сайта, открыть редактируемый раздел где необходимо вставить видеоролик, выделить курсором мыши место расположения видеоролика в содержании раздела и нажать кнопку «Вставить/редактировать медиа-объект»<br><br><img style="margin-top: 15px; cursor: pointer;" onclick="this.src=''http://ygin.ru/instruction/engine/youtube/6.png'';" src="http://ygin.ru/instruction/engine/youtube/6s.png" alt=""><br><br></li>  <li>В сплывающем окне, в поле «Файл/адрес» нужно вставить скопированную ссылку на видеоролик, при необходимости отредактировать размеры и нажать кнопку «Вставить»<br><br><img style="margin-top: 15px; cursor: pointer;" onclick="this.src=''http://ygin.ru/instruction/engine/youtube/7.png'';" src="http://ygin.ru/instruction/engine/youtube/7s.png" alt=""><br><br></li>  <li>После чего в редактируемом разделе появится вставленный видеоролик.<br><br><img style="margin-top: 15px; cursor: pointer;" onclick="this.src=''http://ygin.ru/instruction/engine/youtube/8.png'';" src="http://ygin.ru/instruction/engine/youtube/8s.png" alt=""><br><br></li>  </ol>', 0, 1, 20),
(13, 'Основные возможности', '<p>Интернет-сайт разработан с использованием системы управления сайтами <strong>ygin</strong>. В состав ее программного обеспечения входят:</p>  <ul>  <li>система взаимодействия с пользователем, реализующая графический оконный интерфейс;</li>  <li>система администрирования, обеспечивающая управление, ввод и  редактирование информации, используемой в процессе функционирования Интернет-сайта.</li>  </ul>  <p>Объектами автоматизации являются процессы вывода периодически изменяющейся информации, отправки сообщений, содержащих вопросы и предложения по различным проблемным областям. Основными субъектами информационного взаимодействия, реализуемого программным обеспечением Интернет-сайта, являются:</p>  <ol>  <li>посетители сайта, получающие доступ в открытые разделы;</li>  <li>редакторы сайта;</li>  <li>администраторы сайта.</li>  </ol>  <p> </p>  <ul></ul>', 0, 1, 1),
(14, 'Авторизация в системе', '<p>Для того чтобы начать работу в системе администрирования, потребуется выполнить ряд действий:</p>  <ol>  <li>Вход в систему администрирования начинается с ввода в адресной строке браузера особого адреса, который скрыт от пользователей. Для того чтобы попасть на скрытую страницу, необходимо ввести: http://название_сайта/admin/ , после чего откроется форма авторизации.  <p><img src="http://ygin.ru/instruction/engine/auto/clip_image001_0006.gif" alt="" height="204" width="274"><br><em>Авторизация в системе</em></p>  </li>  <li>В форму авторизации необходимо ввести логин и пароль, которые Вам сообщаются заранее администратором сайта.</li>  <li>В случае удачного входа, перед вами откроется основное меню с доступными для Вашего пользователя элементами.</li>  </ol>  <p style="text-align: center;"><img src="http://ygin.ru/instruction/engine/auto/clip_image003_0001.jpg" alt="" height="351" width="623"><br> <em>Главная страница системы управления сайтом</em></p>', 0, 1, 2),
(15, 'Структура системы управления', '<p>Раздел – структурная единица сайта, которая предназначена для выделения или объединения информации по какому-либо признаку. На сайте он представлен в виде странички с информацией. Раздел может иметь подразделы, которые в свою очередь могут иметь свои подразделы. Данное свойство называется вложенностью раздела.</p>  <p>Каталог разделов (папка) – раздел сайта, содержащий в себе другие разделы. <br> Обычно система каталогов имеет иерархическую структуру: каталог разделов (папка) может дополнительно содержать каталог более низкого уровня (подкаталог).</p>  <p style="text-align: center;"><img src="http://ygin.ru/instruction/engine/strukt/clip_image002_0009.jpg" alt="" height="463" width="623"></p>  <p style="text-align: center;">Структура панели управления</p>  <p>Основное меню – главный элемент навигации по панели администрирования (см. область 1), разбит на списки экземпляров, каждый из которых именуется согласно задачам, которые можно решить. Например, внутри раздела «Меню» находится инструментарий, предназначенный для редактирования основного содержимого сайта, то есть структуры меню.</p>  <p>Панель управления – набор кнопок, предназначенных для выполнения различных операций над элементами списка (см. область 2). Например, на изображении выше можно увидеть две кнопки – «Создать» и «Упорядочить», соответственно добавляющую новый элемент в список и упорядочивающую элементы списка.</p>  <p>Основное содержание – внутри этого блока находится основное содержимое страницы администрирования (списки экземпляров объектов или свойства редактируемого объекта), на изображении выше присутствует список, с помощью которого редактируется меню (см. область 3).</p>  <p><strong>Рассмотрим более подробно список экземпляров в основном содержании:</strong></p>  <ul>  <li>ИД – уникальный идентификационный номер, предназначенный для однозначного определения раздела системой управления сайтом, т.е. одному ИД всегда соответствует только один экземпляр списка (экземпляром списка может быть, например, раздел, новость и т.д.).</li>  <li>Позиция раздела – порядковый номер отображения раздела в меню сайта. Чем меньше номер, тем выше отображается данный раздел.</li>  <li>Видимость раздела – если галочка стоит, то этот раздел будет виден в меню. В противном случае раздел не будет виден в меню сайта, но при прямом обращении по ссылке в адресной строке браузера он, по-прежнему, доступен.</li>  <li>Просмотр вложенных объектов – нажав на данную кнопку, можно просмотреть все вложенные разделы. Даже при отсутствии таковых существует возможность перейти к вложенным разделам и создать их при необходимости.</li>  <li>Редактировать – при нажатии на кнопку открывается список свойств элемента списка, который позволяет, например, менять заголовок и текст разделов или дату новостей.</li>  <li>Удалить – удаляет указанный элемент списка без возможности восстановления.</li>  </ul>', 0, 1, 3),
(16, 'Переключение локализации данных (языков)', '<p>С помощью блока управления языками, у редактора есть возможность переключить текущую локализацию данных. При этом весь последующий ввод данных будет применим к выбранной локализации данных.</p>  <p style="text-align: center;"><img src="http://ygin.ru/instruction/engine/lokal/clip_image002_0009.jpg" alt="" height="29" width="134"></p>  <p style="text-align: center;"><em>Блок работы с локализацией</em></p>  <p style="text-align: center;"><img src="http://ygin.ru/instruction/engine/lokal/clip_image004_0000.jpg" alt="" height="322" width="661"></p>  <p style="text-align: center;"><em>Список разделов при работе с английской локализацией данных</em></p>  <p>Для удобства восприятия шапка таблицы со списком экземпляров данных раскрашивается в определённый цвет, разный для каждого языка. Для перевода на другие языки отдельных фраз, используемых на сайте, в системе управления предусмотрена страница «Interface localization» (Основное меню -&gt; Локализация -&gt; Interface localization), где все используемые фразы перечислены в списке.</p>', 0, 0, 4),
(17, 'Поиск по спискам экземпляров', '<p>Поиск по спискам является крайне необходимым, когда количество экземпляров какого-либо объекта становится слишком велико. Ярким примером такой ситуации является наличие большого количества новостей или разделов сайта. В такой ситуации бывает очень трудно отыскать нужный раздел сайта, особенно, учитывая их иерархическую вложенность.</p>  <p style="text-align: center;"><img src="http://ygin.ru/instruction/engine/poisk//clip_image002_0009.jpg" alt=""></p>  <p style="text-align: center;"><em>Элементы формы поиска</em></p>  <p style="text-align: left;"><strong>Форма поиска состоит из следующих элементов:</strong></p>  <ol>  <li>Список свойств объекта - перечень всех свойств объекта (см. область 1). Например, для объекта «Раздел» можно увидеть свойства «Заголовок», «Содержимое» и т.д. Из этого списка выбирается свойство, по которому будет вестись поиск.</li>  <li>Искомое значение свойства - указывается именно то значение свойства, которое нас интересует у экземпляров списка (см. область 2).</li>  <li>Кнопка «Найти» - после нажатия этой кнопки формируется список именно тех экземпляров списка, которые удовлетворяют условиям поиска (см. область 3).</li>  </ol>  <p>В качестве примера можно рассмотреть поиск нужного нам раздела по заголовку. Предположим, требуется найти на сайте раздел, заголовок которого «О компании». Для этого выполним ряд действий:</p>  <ol>  <li>В основном меню системы администрирования выбираем «Меню», чтобы перейти к списку всех разделов сайта.</li>  <li>В форме поиска, которая размещается над списком разделов, указываем свойство, по которому будет осуществляться поиск, т.е. «Заголовок раздела».</li>  <li>В качестве искомого значения свойства указываем «О компании» и нажимаем на кнопку «Найти»</li>  </ol>  <p><img src="http://ygin.ru/instruction/engine/poisk/clip_image004_0000.jpg" alt="" height="98" width="601"><br><em>Форма поиска пункта меню</em></p>  <p>В результате поиска мы получим только раздел, имеющий заголовок «О компании».</p>', 0, 1, 5),
(18, 'Элементы панели управления', '<table border="1" cellpadding="0" cellspacing="0">  <tbody>  <tr>  <td width="171">  <p align="center"><img src="http://ygin.ru/instruction/engine/uprav/clip_image001_0006.gif" alt="" height="25" width="98"></p>  </td>  <td valign="top" width="505">  <p>Кнопка «Создать». Данная кнопка предназначена для создания экземпляров открытого списка.</p>  </td>  </tr>  <tr>  <td width="171">  <p align="center"><img src="http://ygin.ru/instruction/engine/uprav/clip_image002_0006.gif" alt="" height="25" width="123"></p>  </td>  <td valign="top" width="505">  <p>Кнопка «Упорядочить» предназначена для упорядочивания элементов списка в каком-либо разделе основного меню, при этом порядок задаётся для каждой строки при помощи столбца «Порядковый номер».</p>  </td>  </tr>  <tr>  <td width="171">  <p align="center"><img src="http://ygin.ru/instruction/engine/uprav/clip_image003_0006.gif" alt="" height="25" width="76"></p>  </td>  <td valign="top" width="505">  <p>Кнопка «Вверх». Позволяет перейти из вложенной страницы на страницу уровнем выше.</p>  </td>  </tr>  </tbody>  </table>', 0, 1, 6),
(19, 'Редактор страниц', '<p></p>  <p><img src="http://ygin.ru/instruction/engine/redaktor/clip_image002_0009.jpg" alt="" height="395" width="623"><br> Визуальный редактор</p>  <p>В данном поле находится всё содержимое раздела, которое будет отображаться на сайте. Для редактирования содержимого прилагается встроенный визуальный редактор. Редактор позволяет вводить и форматировать текст, таблицы, добавлять изображения, создавать в теле элемента ссылки на другие веб-ресурсы, вставлять текст из буфера обмена Windows, в том числе предварительно отформатированный, как например, из Microsoft Word.</p>  <p>Вставку форматированного текста из буфера обмена рекомендуется делать с использованием кнопки <img src="http://ygin.ru/instruction/engine/redaktor/clip_image003_0006.gif" alt="" height="14" width="16"> - Вставить из Word, чтобы имелась возможность удаления ненужного форматирования. После нажатия на кнопку выдается окно, в котором можно удалить определение стилей, шрифтов и лишние отступы и просмотреть результат. Затем производится форматирование текста по своему усмотрению в окне визуального редактора.</p>  <p><strong>Возможности редактора: </strong></p>  <table border="1" cellpadding="0" cellspacing="0">  <tbody>  <tr>  <td colspan="2" valign="top" width="676"><br> <em>Форматирование текста</em></td>  </tr>  <tr>  <td width="103">  <p><img src="http://ygin.ru/instruction/engine/redaktor/clip_image004.gif" alt="" height="20" width="20"></p>  </td>  <td valign="top" width="573">  <p>выравнивает текст по левому краю страницы</p>  </td>  </tr>  <tr>  <td width="103">  <p><img src="http://ygin.ru/instruction/engine/redaktor/clip_image005.gif" alt="" height="20" width="20"></p>  </td>  <td valign="top" width="573">  <p>выравнивает текст по правому краю страницы</p>  </td>  </tr>  <tr>  <td width="103">  <p><img src="http://ygin.ru/instruction/engine/redaktor/clip_image006.gif" alt="" height="20" width="20"></p>  </td>  <td valign="top" width="573">  <p>выравнивает текст по центру страницы</p>  </td>  </tr>  <tr>  <td width="103">  <p><img src="http://ygin.ru/instruction/engine/redaktor/clip_image007.gif" alt="" height="20" width="20"></p>  </td>  <td valign="top" width="573">  <p>выравнивает текст по ширине страницы</p>  </td>  </tr>  <tr>  <td width="103">  <p><img src="http://ygin.ru/instruction/engine/redaktor/clip_image008.gif" alt="" height="20" width="20"></p>  </td>  <td valign="top" width="573">  <p>делает текст Жирным</p>  </td>  </tr>  <tr>  <td width="103">  <p><img src="http://ygin.ru/instruction/engine/redaktor/clip_image009.gif" alt="" height="20" width="20"></p>  </td>  <td valign="top" width="573">  <p>делает текст Курсивным</p>  </td>  </tr>  <tr>  <td width="103">  <p><img src="http://ygin.ru/instruction/engine/redaktor/clip_image010.gif" alt="" height="20" width="20"></p>  </td>  <td valign="top" width="573">  <p>делает текст Зачёркнутым</p>  </td>  </tr>  <tr>  <td width="103">  <p><img src="http://ygin.ru/instruction/engine/redaktor/clip_image011.gif" alt="" height="20" width="20"></p>  </td>  <td valign="top" width="573">  <p>делает текст Подчёркнутым</p>  </td>  </tr>  <tr>  <td width="103">  <p><img src="http://ygin.ru/instruction/engine/redaktor/clip_image012.gif" alt="" height="22" width="86"></p>  </td>  <td valign="top" width="573">  <p>меняет формат текста</p>  </td>  </tr>  <tr>  <td width="103">  <p><img src="http://ygin.ru/instruction/engine/redaktor/clip_image013.gif" alt="" height="20" width="20"></p>  </td>  <td valign="top" width="573">  <p>меняет цвет текста</p>  </td>  </tr>  <tr>  <td width="103">  <p><img src="http://ygin.ru/instruction/engine/redaktor/clip_image014.gif" alt="" height="20" width="20"></p>  </td>  <td valign="top" width="573">  <p>меняет цвет фона</p>  </td>  </tr>  <tr>  <td colspan="2" valign="top" width="676">  <p><em>Работа с текстом</em></p>  </td>  </tr>  <tr>  <td width="103">  <p><img src="http://ygin.ru/instruction/engine/redaktor/clip_image015.gif" alt="" height="20" width="20"></p>  </td>  <td valign="top" width="573">  <p>вырезать текст</p>  </td>  </tr>  <tr>  <td width="103">  <p><img src="http://ygin.ru/instruction/engine/redaktor/clip_image016.gif" alt="" height="20" width="20"></p>  </td>  <td valign="top" width="573">  <p>копировать текст</p>  </td>  </tr>  <tr>  <td width="103">  <p><img src="http://ygin.ru/instruction/engine/redaktor/clip_image017.gif" alt="" height="20" width="20"></p>  </td>  <td valign="top" width="573">  <p>вставить</p>  </td>  </tr>  <tr>  <td width="103">  <p><img src="http://ygin.ru/instruction/engine/redaktor/clip_image018.gif" alt="" height="14" width="16"></p>  </td>  <td valign="top" width="573">  <p>вставить как простой (без формата) текст</p>  </td>  </tr>  <tr>  <td width="103">  <p><img src="http://ygin.ru/instruction/engine/redaktor/clip_image003_0007.gif" alt="" height="14" width="16"></p>  </td>  <td valign="top" width="573">  <p>вставить из Word (с форматом) текст</p>  </td>  </tr>  <tr>  <td width="103">  <p><img src="http://ygin.ru/instruction/engine/redaktor/clip_image019.gif" alt="" height="13" width="15"></p>  </td>  <td valign="top" width="573">  <p>выделить весь текст</p>  </td>  </tr>  <tr>  <td width="103">  <p><img src="http://ygin.ru/instruction/engine/redaktor/clip_image020.gif" alt="" height="20" width="20"></p>  </td>  <td valign="top" width="573">  <p>отменить последнее действие</p>  </td>  </tr>  <tr>  <td width="103">  <p><img src="http://ygin.ru/instruction/engine/redaktor/clip_image021.gif" alt="" height="20" width="20"></p>  </td>  <td valign="top" width="573">  <p>повторить отменённое действие</p>  </td>  </tr>  <tr>  <td width="103">  <p><img src="http://ygin.ru/instruction/engine/redaktor/clip_image022.gif" alt="" height="20" width="20"><img src="http://ygin.ru/instruction/engine/redaktor/clip_image023.gif" alt="" height="20" width="20"></p>  </td>  <td valign="top" width="573">  <p>задать отступы</p>  </td>  </tr>  <tr>  <td width="103">  <p><img src="http://ygin.ru/instruction/engine/redaktor/clip_image024.gif" alt="" height="20" width="20"></p>  </td>  <td valign="top" width="573">  <p>рисует горизонтальную разделительную линию</p>  </td>  </tr>  <tr>  <td width="103">  <p><img src="http://ygin.ru/instruction/engine/redaktor/clip_image025.gif" alt="" height="20" width="20"></p>  </td>  <td valign="top" width="573">  <p>позволяет для выделенного текста или картинки создать гиперссылку, указав адрес ссылки. В качестве гиперссылки можно указать раздел сайта или загруженный в текущий раздел файл при помощи выбора из выпадающего списка</p>  </td>  </tr>  <tr>  <td width="103">  <p><img src="http://ygin.ru/instruction/engine/redaktor/clip_image026.gif" alt="" height="20" width="20"></p>  </td>  <td valign="top" width="573">  <p>позволяет убрать гиперссылку из текста</p>  </td>  </tr>  <tr>  <td width="103">  <p><img src="http://ygin.ru/instruction/engine/redaktor/clip_image027.gif" alt="" height="20" width="20"></p>  </td>  <td valign="top" width="573">  <p>позволяет вставлять изображения в текст, указав при этом адрес картинки. Существует возможность выбрать изображение, загруженное ранее в раздел сайта, при помощи функционального блока «Файлы»</p>  </td>  </tr>  <tr>  <td width="103">  <p><img src="http://ygin.ru/instruction/engine/redaktor/clip_image028.gif" alt="" height="20" width="20"></p>  </td>  <td valign="top" width="573">  <p>позволяет делать текст в виде нижнего индекса</p>  </td>  </tr>  <tr>  <td width="103">  <p><img src="http://ygin.ru/instruction/engine/redaktor/clip_image029.gif" alt="" height="20" width="20"></p>  </td>  <td valign="top" width="573">  <p>позволяет делать текст в виде верхнего индекса</p>  </td>  </tr>  <tr>  <td width="103">  <p><img src="http://ygin.ru/instruction/engine/redaktor/clip_image030.gif" alt="" height="20" width="20"></p>  </td>  <td valign="top" width="573">  <p>позволяет создавать маркированный список</p>  </td>  </tr>  <tr>  <td width="103">  <p><img src="http://ygin.ru/instruction/engine/redaktor/clip_image031.gif" alt="" height="20" width="20"></p>  </td>  <td valign="top" width="573">  <p>позволяет создавать нумерованный список</p>  </td>  </tr>  <tr>  <td colspan="2" valign="top" width="676">  <p><em>Работа с таблицами</em></p>  </td>  </tr>  <tr>  <td width="103">  <p><img src="http://ygin.ru/instruction/engine/redaktor/clip_image032.gif" alt="" height="16" width="16"></p>  </td>  <td width="573">  <p>позволяет вставить новую таблицу или отредактировать свойства выделенной таблицы</p>  </td>  </tr>  <tr>  <td width="103">  <p><img src="http://ygin.ru/instruction/engine/redaktor/clip_image033.gif" alt="" height="13" width="14"> <img src="http://ygin.ru/instruction/engine/redaktor/clip_image034.gif" alt="" height="13" width="14"></p>  </td>  <td width="573">  <p>позволяет просматривать свойства выделенной ячейки или строки</p>  </td>  </tr>  <tr>  <td width="103">  <p><img src="http://ygin.ru/instruction/engine/redaktor/clip_image035.gif" alt="" height="15" width="16"></p>  </td>  <td width="573">  <p>позволяет вставить строку перед выделенной нами строкой</p>  </td>  </tr>  <tr>  <td width="103">  <p><img src="http://ygin.ru/instruction/engine/redaktor/clip_image036.gif" alt="" height="15" width="16"></p>  </td>  <td width="573">  <p>позволяет вставить строку после выделенной нами строки</p>  </td>  </tr>  <tr>  <td width="103">  <p><img src="http://ygin.ru/instruction/engine/redaktor/clip_image037.gif" alt="" height="13" width="16"></p>  </td>  <td width="573">  <p>позволяет удалить строку</p>  </td>  </tr>  <tr>  <td width="103">  <p><img src="http://ygin.ru/instruction/engine/redaktor/clip_image038.gif" alt="" height="16" width="15"></p>  </td>  <td width="573">  <p>позволяет вставить столбец перед выделенным нами столбцом</p>  </td>  </tr>  <tr>  <td width="103">  <p><img src="http://ygin.ru/instruction/engine/redaktor/clip_image039.gif" alt="" height="16" width="15"></p>  </td>  <td width="573">  <p>позволяет вставить столбец после выделенного нами столбца</p>  </td>  </tr>  <tr>  <td width="103">  <p><img src="http://ygin.ru/instruction/engine/redaktor/clip_image040.gif" alt="" height="14" width="13"></p>  </td>  <td width="573">  <p>позволяет удалить столбец</p>  </td>  </tr>  <tr>  <td width="103">  <p><img src="http://ygin.ru/instruction/engine/redaktor/clip_image041.gif" alt="" height="13" width="16"> <img src="http://ygin.ru/instruction/engine/redaktor/clip_image042.gif" alt="" height="13" width="16"></p>  </td>  <td width="573">  <p>позволяет объединять и разделять ячейки таблицы</p>  </td>  </tr>  <tr>  <td width="103">  <p><img src="http://ygin.ru/instruction/engine/redaktor/clip_image043.gif" alt="" height="12" width="14"></p>  </td>  <td width="573">  <p>позволяет удалить любой формат заданного текста</p>  </td>  </tr>  <tr>  <td width="103">  <p><img src="http://ygin.ru/instruction/engine/redaktor/clip_image044.gif" alt="" height="20" width="20"></p>  </td>  <td width="573">  <p>очищает исходный код страницы и исправление в нём ошибок</p>  </td>  </tr>  <tr>  <td width="103">  <p><img src="http://ygin.ru/instruction/engine/redaktor/clip_image045.gif" alt="*" height="5" width="18"></p>  </td>  <td width="573">  <p>позволяет просмотреть страницу в языке разметки (HTML)</p>  </td>  </tr>  </tbody>  </table>', 0, 1, 7);
INSERT INTO `da_instruction` (`id_instruction`, `name`, `content`, `desc_type`, `visible`, `num_seq`) VALUES
(20, 'Работа с разделами и материалами сайта (Меню сайта)', '<p>Меню имеет иерархическую структуру с неограниченным уровнем вложенности. Список разделов в меню:</p>  <p style="text-align: center;"><br> <img src="http://ygin.ru/instruction/engine/rabota/clip_image002_0009.jpg" alt="" height="447" width="601"></p>  <p style="text-align: center;">Список разделов меню</p>  <p><strong>Создание нового раздела в меню:</strong></p>  <table border="1" cellpadding="0" cellspacing="0">  <tbody>  <tr>  <td colspan="2" valign="top" width="670"><em>Основные свойства</em></td>  </tr>  <tr>  <td valign="top" width="175">  <p>Имя</p>  </td>  <td valign="top" width="494">  <p>Введённое имя будет использоваться как название раздела в системе администрирования, а также в главном меню сайта.</p>  </td>  </tr>  <tr>  <td valign="top" width="175">  <p>Заголовок</p>  </td>  <td valign="top" width="494">  <p>Введённый текст будет использоваться в качестве заголовка страницы сайта (раздела) в тот момент, когда пользователь будет его просматривать на сайте.</p>  </td>  </tr>  <tr>  <td valign="top" width="175">  <p>Видимость</p>  </td>  <td valign="top" width="494">  <p>Признак, показывающий отображать ли раздел в меню сайта. <br> Несмотря на отсутствие видимости раздела в меню сайта, он всё равно будет доступен пользователям при наборе адреса раздела вручную.</p>  </td>  </tr>  <tr>  <td valign="top" width="175">  <p>Ссылка на страничку</p>  </td>  <td valign="top" width="494">  <p>В меню сайта для данного раздела будет сгенерирована ссылка на значение данного свойства</p>  </td>  </tr>  <tr>  <td valign="top" width="175">  <p>Файлы</p>  </td>  <td valign="top" width="494">  <p>При помощи функционального блока «Файлы» возможна загрузка файлов, доступных для данного раздела. Это могут быть изображения, архивы, документы и прочее. Для того чтобы загрузить файл, необходимо нажать на кнопку «Обзор», указать при помощи стандартного диалогового окна местоположение файла и нажать на кнопку «Загрузить» <br> Все загруженные файлы можно увидеть в выпадающем списке доступных файлов в этом же функциональном блоке.</p>  </td>  </tr>  <tr>  <td valign="top" width="175">  <p>Содержимое раздела</p>  </td>  <td valign="top" width="494">  <p>Заполняется с помощью визуального редактора. Подробное описание редактора см. в разделе «Редактор страниц»</p>  </td>  </tr>  <tr>  <td valign="top" width="175">  <p>При отсутствии контента</p>  </td>  <td valign="top" width="494">  <p>Признак перехода к потомкам (вложенным разделам) при отсутствии контента необходим, когда структура меню становится очень ветвистой, т.е. присутствует множество разделов вложенных друг в друга. Если данный признак установлен, то при обращении к разделу сначала произойдёт проверка на наличие содержимого. При отсутствии контента происходит либо переход к списку вложенных разделов сайта, либо к содержимому первого раздела, либо выводится сообщение о том, что раздел находится в стадии разработки.</p>  </td>  </tr>  <tr>  <td valign="top" width="175">  <p>Название раздела в адресной строке (на англ) - одно слово</p>  </td>  <td valign="top" width="494">  <p>Необходимо записать название раздела на английском языке без пробелов (например, для раздела «Контактная информация» можно вписать «contacts»). Вписанное значение будет дополняться в адресе к разделу (URL), например, <a href="http://www.site.ru/contacts/">www.site.ru/contacts/</a>. Ссылка формируется по иерархии меню, т.е. сначала идёт данный параметр для корневого раздела и далее по иерархии до редактируемого раздела (/parent-alias/child-alias/).</p>  </td>  </tr>  <tr>  <td colspan="2" valign="top" width="670">  <p><em>Дополнительные свойства</em></p>  </td>  </tr>  <tr>  <td valign="top" width="175">  <p>Модули</p>  </td>  <td valign="top" width="494">  <p>В данном пункте присутствует список доступных шаблонов модулей (наборов модулей) для раздела.</p>  </td>  </tr>  <tr>  <td valign="top" width="175">  <p>Имя папки для хранения данных</p>  </td>  <td valign="top" width="494">  <p>Свойство определяет имя папки на диске, в которой будут храниться данные раздела (изображения и прочие загружаемые файлы). Рекомендуем оставлять его пустым.</p>  </td>  </tr>  <tr>  <td valign="top" width="175">  <p>Мета тэг description</p>  </td>  <td valign="top" width="494">  <p>короткое описание содержимого странички. Если оставить это поле пустым, то будет взят заголовок данного раздела.</p>  </td>  </tr>  <tr>  <td valign="top" width="175">  <p>Мета тэг keywords</p>  </td>  <td valign="top" width="494">  <p>ключевые слова раздела</p>  </td>  </tr>  <tr>  <td valign="top" width="175">  <p>Значение тэга title</p>  </td>  <td valign="top" width="494">  <p>Установка значения заголовка окна браузера для данного раздела. При отсутствии заполняется автоматически.</p>  </td>  </tr>  </tbody>  </table>  <p>Для сохранения внесенных изменений необходимо нажать кнопку «Сохранить», при этом произойдет переход к списку элементов. При нажатии на кнопку «Применить», происходит сохранение всех данных без перехода куда-либо (обычно нужно, чтобы сохранить данные и продолжить работу со свойствами раздела). Для выхода из режима редактирования без сохранения изменений нажмите кнопку «Отменить».</p>', 0, 1, 8),
(21, 'Управление фотоальбомом и видеоматериалами', '<p></p>  <p style="text-align: center;"><img src="http://ygin.ru/instruction/engine/foto/clip_image002_0009.jpg" alt="" height="356" width="623"></p>  <p style="text-align: center;">Фотоальбомы</p>  <p style="text-align: left;">В фотогалерее есть возможность создавать новые фотоальбомы, а также создавать вложенные фотоальбомы, т.е. многоуровневую иерархию альбомов.</p>  <p style="text-align: left;">Для добавления альбома в текущий список (т.е. на данный уровень вложенности) служит кнопка «Создать», расположенная на панели управления.</p>  <p style="text-align: left;">Для создания вложенного альбома, нужно перейти на нужный уровень вложенности при помощи кнопки «Вложенные объекты» (см. область 1 рисунка 10) и воспользоваться кнопкой «Создать».</p>  <table border="1" cellpadding="0" cellspacing="0">  <tbody>  <tr>  <td colspan="2" valign="top" width="676"><em>Свойства альбома</em></td>  </tr>  <tr>  <td valign="top" width="162">  <p>Название</p>  </td>  <td valign="top" width="514">  <p>Заголовок фотоальбома.</p>  </td>  </tr>  <tr>  <td valign="top" width="162">  <p>Превью-фото</p>  </td>  <td valign="top" width="514">  <p>Изображение, отображаемое в списке фотоальбомов на сайте рядом с названием и текстом в списке галерей.</p>  </td>  </tr>  <tr>  <td valign="top" width="162">  <p>Текст в списке галерей</p>  </td>  <td valign="top" width="514">  <p>В разделе «Фотоальбом» на сайте выводится список имеющихся на сайте фотоальбомов. Если данное поле заполнено, то введённый в него текст отображается рядом с превью-фото фотоальбома в этом списке.</p>  </td>  </tr>  <tr>  <td valign="top" width="162">  <p>Текст в галерее</p>  </td>  <td valign="top" width="514">  <p>Если данное поле заполнено, то введённый в него текст отображается на сайте во время просмотра фотоальбома перед фотографиями.</p>  </td>  </tr>  </tbody>  </table>  <p>Для загрузки фотографий в нужный альбом необходимо перейти по ссылке «Фотографии» (см. область 2 рисунка 10) и воспользоваться кнопкой «Создать»</p>  <p style="text-align: center;"><img src="http://ygin.ru/instruction/engine/foto/clip_image004_0000.jpg" alt="" height="344" width="470"></p>  <p style="text-align: center;">Фотографии фотоальбома «Чудо России – столбы выветривания плато Маньпупунёр»</p>  <table border="1" cellpadding="0" cellspacing="0">  <tbody>  <tr>  <td colspan="2" valign="top" width="676"><em>Свойства фотографий</em></td>  </tr>  <tr>  <td valign="top" width="197">  <p>Название</p>  </td>  <td valign="top" width="479">  <p>Название фотографии (если введено) отображается на сайте рядом с фотографией.</p>  </td>  </tr>  <tr>  <td valign="top" width="197">  <p>Изображение</p>  </td>  <td valign="top" width="479">  <p>Исходное изображение, на основании которого будет сгенерирована превью-картинка (уменьшенная до небольшого размера) для просмотра в фотоальбоме</p>  </td>  </tr>  </tbody>  </table>  <p>Управление видеоматериалами производится аналогичным образом, с той разницей, что к видеоролику можно добавлять изображение для его первого кадра.</p>', 0, 0, 9),
(22, 'Новостная система', '<p></p>  <p align="center"><img src="http://ygin.ru/instruction/engine/novosti/clip_image002_0009.jpg" alt="" height="360" width="494"> <br> Рис.12. Список новостей</p>  <p style="text-align: left;"><br> Для добавления новости необходимо нажать на кнопку «Создать», расположенную над списком новостей.<br> <strong>На экране редактирования свойств новости заполните поля:</strong></p>  <table border="1" cellpadding="0" cellspacing="0">  <tbody>  <tr>  <td colspan="2" valign="top" width="676">  <p><em>Свойства новости</em></p>  </td>  </tr>  <tr>  <td valign="top" width="163">  <p align="left">Заголовок новости</p>  </td>  <td valign="top" width="513">  <p>Введённое значение будет использоваться как заголовок новости на сайте.</p>  </td>  </tr>  <tr>  <td valign="top" width="163">  <p align="left">Дата начала</p>  </td>  <td valign="top" width="513">  <p>Новость либо относится к данной дате, либо начинается с неё.</p>  </td>  </tr>  <tr>  <td valign="top" width="163">  <p align="left">Показывать время</p>  </td>  <td valign="top" width="513">  <p>Показывать ли время в датах новости.</p>  </td>  </tr>  <tr>  <td valign="top" width="163">  <p align="left">Дата окончания (анонс)</p>  </td>  <td valign="top" width="513">  <p>Иногда новость трактуется как событие, происходящее в определённый промежуток времени. Тогда «Дата анонса» (а позднее «Дата новости») на сайте отображается как «Дата начала — Дата окончания (анонс)».</p>  </td>  </tr>  <tr>  <td valign="top" width="163">  <p align="left">Дата для главной страницы (закрепление)</p>  </td>  <td valign="top" width="513">  <p>Используется только на главной странице портала. Предназначена для определения порядка новостей на ленте (закрепления новости до указанной даты).</p>  </td>  </tr>  <tr>  <td valign="top" width="163">  <p align="left">Показывать ли дату окончания</p>  </td>  <td valign="top" width="513">  <p>Признак, показывающий, отображать ли дату окончания события на сайте или нет.</p>  </td>  </tr>  <tr>  <td valign="top" width="163">  <p align="left">Картинка</p>  </td>  <td valign="top" width="513">  <p>Изображение, привязанное к новости. Отображается как на главной странице сайта, так и в разделе конкретной новости.</p>  </td>  </tr>  <tr>  <td valign="top" width="163">  <p align="left">Краткое содержание</p>  </td>  <td valign="top" width="513">  <p>Отображается на главной странице.</p>  </td>  </tr>  <tr>  <td valign="top" width="163">  <p align="left">Файлы</p>  </td>  <td valign="top" width="513">  <p>Список файлов, ссылки на которые (либо сами файлы) необходимо вставить в «Текст новости». Для того, чтобы загрузить файл, необходимо нажать на кнопку «Обзор», указать при помощи стандартного диалогового окна местоположение файла и нажать на кнопку «Загрузить». Все загруженные файлы можно увидеть в выпадающем списке доступных файлов.</p>  </td>  </tr>  <tr>  <td valign="top" width="163">  <p align="left">Текст новости</p>  </td>  <td valign="top" width="513">  <p>Заполняется с помощью визуального редактора. Выводится на сайте при отображении конкретной новости.</p>  </td>  </tr>  <tr>  <td valign="top" width="163">  <p align="left">Анонс</p>  </td>  <td valign="top" width="513">  <p>В системе анонс становится новостью после того, как дата начала становится больше текущего времени. Пока анонс новостью не стал, содержимое этого поля выводится на главной странице в блоке анонсов вместе с заголовком.</p>  </td>  </tr>  <tr>  <td valign="top" width="163">  <p align="left">Категории событий</p>  </td>  <td valign="top" width="513">  <p>Здесь перечислены категории, к которым может относиться новость. Одна новость может относиться к нескольким категориям.</p>  </td>  </tr>  <tr>  <td valign="top" width="163">  <p align="left">Видимость</p>  </td>  <td valign="top" width="513">  <p>Признак, отвечающий за отображение новости как на главной странице сайта, так и в архиве новостей.</p>  </td>  </tr>  <tr>  <td valign="top" width="163">  <p align="left">Видео</p>  </td>  <td valign="top" width="513">  <p>Видеоролик, связанный с новостью.</p>  </td>  </tr>  <tr>  <td valign="top" width="163">  <p align="left">Первый кадр видеоролика</p>  </td>  <td valign="top" width="513">  <p>Если есть видеоролик, то для его корректного отображения на странице (до начала воспроизведения) загружается изображение первого кадра. Оно отображается в плейере на странице новости на сайте.</p>  </td>  </tr>  </tbody>  </table>', 0, 0, 10);

-- --------------------------------------------------------

--
-- Структура таблицы `da_instruction_rel`
--

CREATE TABLE IF NOT EXISTS `da_instruction_rel` (
  `id_instruction` int(8) NOT NULL,
  `rel_text` varchar(255) DEFAULT NULL,
  `id_instruction_rel` int(8) NOT NULL,
  PRIMARY KEY (`id_instruction`,`id_instruction_rel`)
) ENGINE=InnoDB DEFAULT CHARSET=utf8;

--
-- Дамп данных таблицы `da_instruction_rel`
--

INSERT INTO `da_instruction_rel` (`id_instruction`, `rel_text`, `id_instruction_rel`) VALUES
(13, 'Структура системы управления', 15),
(14, 'Основные возможности', 13),
(14, 'Меню сайта', 20),
(15, 'Основные возможности', 13),
(15, 'Поиск данных', 17),
(15, 'Элементы панели управления', 18),
(17, 'Структура системы управления', 15),
(17, 'Элементы панели управления', 18),
(19, 'Размещение видео с Rutube', 11),
(19, 'Размещение видео с YouTube', 12),
(20, 'Редактор страниц', 19);

-- --------------------------------------------------------

--
-- Структура таблицы `da_job`
--

CREATE TABLE IF NOT EXISTS `da_job` (
  `id_job` varchar(255) NOT NULL COMMENT 'ИД задачи',
  `interval_value` int(8) NOT NULL DEFAULT '0' COMMENT 'Интервал запуска задачи (в секундах)',
  `error_repeat_interval` int(8) NOT NULL DEFAULT '0' COMMENT 'Интервал запуска задачи в случае ошибки (в секундах)',
  `first_start_date` int(10) DEFAULT NULL COMMENT 'Дата первого запуска',
  `last_start_date` int(10) DEFAULT NULL COMMENT 'Дата последнего запуска',
  `next_start_date` int(10) DEFAULT NULL COMMENT 'Дата следущего запуска',
  `failures` int(2) NOT NULL DEFAULT '0' COMMENT 'Количество ошибок',
  `name` varchar(255) NOT NULL COMMENT 'Имя задачи',
  `class_name` varchar(255) NOT NULL COMMENT 'Имя класса задачи',
  `active` tinyint(1) NOT NULL DEFAULT '1' COMMENT 'Вкл.',
  `priority` tinyint(2) NOT NULL DEFAULT '0' COMMENT 'Приоритет запуска',
  `start_date` int(11) DEFAULT NULL COMMENT 'Дата запуска текущего потока',
  `max_second_process` int(10) DEFAULT NULL COMMENT 'Максимальное число секунд выполнения задачи',
  PRIMARY KEY (`id_job`)
) ENGINE=InnoDB DEFAULT CHARSET=utf8 PACK_KEYS=0 COMMENT='Планировщик';

--
-- Дамп данных таблицы `da_job`
--

INSERT INTO `da_job` (`id_job`, `interval_value`, `error_repeat_interval`, `first_start_date`, `last_start_date`, `next_start_date`, `failures`, `name`, `class_name`, `active`, `priority`, `start_date`, `max_second_process`) VALUES
('1', 90, 180, 1313061006, 1344593833, 1344593882, 0, 'Отсылка сообщений', 'ygin.modules.mail.components.DispatchEvents', 1, 0, NULL, 120);

-- --------------------------------------------------------

--
-- Структура таблицы `da_link_message_user`
--

CREATE TABLE IF NOT EXISTS `da_link_message_user` (
  `id_message` int(8) NOT NULL,
  `id_user` int(8) NOT NULL,
  PRIMARY KEY (`id_message`,`id_user`)
) ENGINE=InnoDB DEFAULT CHARSET=utf8;

-- --------------------------------------------------------

--
-- Структура таблицы `da_localization`
--

CREATE TABLE IF NOT EXISTS `da_localization` (
  `id_localization` int(8) NOT NULL COMMENT 'id',
  `name` varchar(60) NOT NULL COMMENT 'Название',
  `code` char(3) NOT NULL COMMENT 'Код',
  `is_use` int(1) NOT NULL DEFAULT '1' COMMENT 'Используется ли локализация',
  PRIMARY KEY (`id_localization`)
) ENGINE=InnoDB DEFAULT CHARSET=utf8 COMMENT='Доступные локализации';

--
-- Дамп данных таблицы `da_localization`
--

INSERT INTO `da_localization` (`id_localization`, `name`, `code`, `is_use`) VALUES
(1, 'Русская', 'ru', 1),
(2, 'Английская', 'en', 0),
(3, 'Финская', 'fi', 0),
(5, 'Немецкая', 'de', 0),
(6, 'Французская', 'fr', 0),
(7, 'Албанская', 'al', 0);

-- --------------------------------------------------------

--
-- Структура таблицы `da_mail_account`
--

CREATE TABLE IF NOT EXISTS `da_mail_account` (
  `id_mail_account` int(8) NOT NULL COMMENT 'id',
  `email_from` varchar(50) DEFAULT NULL COMMENT 'E-mail для поля "От"',
  `from_name` varchar(100) DEFAULT NULL COMMENT 'Имя отправителя',
  `default_subject` varchar(255) DEFAULT NULL COMMENT 'Тема по умолчанию',
  `host` varchar(50) NOT NULL COMMENT 'HOST',
  `user_name` varchar(50) DEFAULT NULL COMMENT 'Имя пользователя для авторизации',
  `user_password` varchar(50) DEFAULT NULL COMMENT 'Пароль для авторизации',
  `smtp_auth` int(1) NOT NULL DEFAULT '1' COMMENT 'Требуется ли авторизация',
  PRIMARY KEY (`id_mail_account`)
) ENGINE=InnoDB DEFAULT CHARSET=utf8 PACK_KEYS=0 COMMENT='Почтовые аккаунты';

--
-- Дамп данных таблицы `da_mail_account`
--

INSERT INTO `da_mail_account` (`id_mail_account`, `email_from`, `from_name`, `default_subject`, `host`, `user_name`, `user_password`, `smtp_auth`) VALUES
(0, 'noreplay@dinotour.ru', 'Письмо с ДиноТур', 'Письмо с сайта', 'smtp.timeweb.ru', 'noreplay@dinotour.ru', 'wOWhTL3H', 1);

-- --------------------------------------------------------

--
-- Структура таблицы `da_menu`
--

CREATE TABLE IF NOT EXISTS `da_menu` (
  `id` int(8) NOT NULL AUTO_INCREMENT COMMENT 'id',
  `name_ru` varchar(255) NOT NULL DEFAULT 'Имя раздела' COMMENT 'Название в меню',
  `caption_ru` varchar(255) DEFAULT NULL COMMENT 'Заголовок раздела',
  `content` longtext COMMENT 'Содержимое раздела',
  `visible` tinyint(1) DEFAULT '1' COMMENT 'Видимость',
  `id_parent` int(8) DEFAULT NULL COMMENT 'Смена родительского раздела',
  `sequence` int(2) NOT NULL DEFAULT '1' COMMENT '&nbsp;',
  `note` varchar(200) DEFAULT NULL COMMENT 'Примечания',
  `alias` varchar(100) DEFAULT NULL COMMENT 'Название в адресной строке',
  `title_teg` varchar(255) DEFAULT NULL COMMENT '<title>',
  `meta_description` varchar(255) DEFAULT NULL COMMENT '<meta name="description">',
  `meta_keywords` varchar(255) DEFAULT NULL COMMENT '<meta name="keywords">',
  `go_to_type` tinyint(1) DEFAULT '1' COMMENT 'При отсутствии контента:',
  `id_module_template` int(8) DEFAULT NULL COMMENT 'Набор модулей',
  `external_link` varchar(255) DEFAULT NULL COMMENT 'Ссылка (авто)',
  `external_link_type` tinyint(1) DEFAULT NULL COMMENT 'Открывать в новом окне (авто)',
  `removable` tinyint(1) NOT NULL DEFAULT '1' COMMENT 'Разрешить удаление',
  `image` int(8) DEFAULT NULL COMMENT 'Картинка для раздела',
  `name_en` varchar(255) DEFAULT NULL COMMENT 'Название по английски',
  `content_en` longtext COMMENT 'Содержание раздела по английски',
  `caption_en` varchar(255) DEFAULT NULL COMMENT 'Заголовок раздела по английски',
  `type_main_menu` tinyint(1) NOT NULL DEFAULT '1' COMMENT 'В главном меню',
  `type_top_menu` tinyint(1) NOT NULL DEFAULT '0' COMMENT 'В верхнем меню',
  `type_footer_menu` tinyint(1) NOT NULL DEFAULT '0' COMMENT 'В меню в футере',
  PRIMARY KEY (`id`),
  UNIQUE KEY `alias` (`alias`),
  KEY `id` (`id`,`id_parent`,`sequence`)
) ENGINE=InnoDB  DEFAULT CHARSET=utf8 COMMENT='Меню' AUTO_INCREMENT=136 ;

--
-- Дамп данных таблицы `da_menu`
--

INSERT INTO `da_menu` (`id`, `name_ru`, `caption_ru`, `content`, `visible`, `id_parent`, `sequence`, `note`, `alias`, `title_teg`, `meta_description`, `meta_keywords`, `go_to_type`, `id_module_template`, `external_link`, `external_link_type`, `removable`, `image`, `name_en`, `content_en`, `caption_en`, `type_main_menu`, `type_top_menu`, `type_footer_menu`) VALUES
(100, 'Главная', NULL, '', 1, NULL, 1, NULL, '/', NULL, NULL, NULL, 1, 1, NULL, 0, 1, NULL, 'Home', '', NULL, 1, 0, 0),
(115, 'Туристам', NULL, 'Содержание', 1, NULL, 7, NULL, 'turistam', NULL, NULL, NULL, 1, 1, NULL, 0, 1, NULL, 'Tourist', 'content', NULL, 0, 1, 1),
(116, 'Турагенствам', NULL, '', 1, NULL, 8, NULL, 'turagenstvam', NULL, NULL, NULL, 4, 1, NULL, 0, 1, NULL, 'Travel agents', '', NULL, 0, 1, 1),
(122, 'Новости', NULL, '', 1, NULL, 6, NULL, 'news', NULL, NULL, NULL, 1, 1, '/news/', 0, 0, NULL, 'News', '', NULL, 1, 0, 1),
(124, 'Фотоальбом', NULL, '', 1, NULL, 5, NULL, 'photoalbum', NULL, NULL, NULL, 2, 1, '/photoalbum/', 0, 1, NULL, 'Photoalbum', '', NULL, 1, 0, 1),
(125, 'Фотоальбомы', NULL, '', 0, 124, 1, NULL, 'photoalbum_', NULL, NULL, NULL, 1, 1, '/photoalbum/', 0, 1, NULL, 'Photoalbums', '', NULL, 1, 0, 0),
(128, 'Видеоальбом', NULL, '', 0, 124, 6, NULL, 'videoalbum', NULL, NULL, NULL, 1, 1, '/videoalbum/', 0, 1, NULL, 'Videoalbum', '', NULL, 1, 0, 1),
(129, 'Контакты', NULL, '', 1, NULL, 12, NULL, 'contact', NULL, NULL, NULL, 1, 1, '/contact/', 0, 1, NULL, 'Contacts', '', NULL, 1, 0, 1),
(130, 'Проживание', NULL, '', 1, NULL, 9, NULL, 'prozhivanie', NULL, NULL, NULL, 4, 1, NULL, 0, 1, NULL, 'Accommodation', '', NULL, 0, 1, 1),
(131, 'Питание', NULL, '', 1, NULL, 10, NULL, 'pitanie', NULL, NULL, NULL, 4, 1, NULL, 0, 1, NULL, 'Food', '', NULL, 0, 1, 1),
(132, 'О нас', NULL, '<p class="post-title">Кировская область</p>\r\n<p><img src="/useruploads/files//%20ко%201.gif" width="282" height="348" class="post-image-img" style="float: left; margin: 10px;" /></p>\r\n<p class="post-text">Да, действительно Кировская область &ndash; это место куда хочется приезжать снова и снова&hellip;</p>\r\n<p class="post-text">Это край неповторимой по красоте природы, где леса богаты промысловым зверем, а сотни рек и озер - рыбой.У Кировской области славная история и глубокие культурные традиции.</p>\r\n<p class="post-text">С нашим краем связаны имена писателей А.И. Герцена, М.Е. Салтыкова-Щедрина, А.С. Грина, художников И.И.. Шишкина, В.М и А.М. Васнецова, полководцев И.С. Конева и Л.А Говорова.</p>\r\n<p class="post-text">Наша область славится народными промыслами. Здесь вы увидите, как под руками вятских мастериц рождаются чудеса: то расписная дымковская игрушка, то белоснежное прозрачное кружево, то легкая меховая шубка.</p>\r\n<p class="post-text">Музеи, концертные и выставочные залы обогатят Вас духовно.</p>\r\n<p class="post-text">Кировская область - хранительница многовековых православных традиций, главная из которых всероссийский Великорецкий крестный ход.</p>\r\n<p class="post-text">Старина и современность удивительным образом сочетаются на нашей земле.</p>\r\n<p class="post-text">Любителей активного отдыха летом ждут походы на байдарках, подъем на отвесные скалы и спуски в лабиринты пещер, экскурсии на палеонтологические раскопки. Зимой вас&nbsp;встретят пушистые сугробы, звенящая лыжня в сказочном лесу, снегоходы, зимние виды промыслов.</p>\r\n<p class="post-text">Мы открыты для всего мира и готовы встретить гостей красотой, историей и неповторимой естественностью.</p>\r\n<p class="post-text">Кировская область одна из крупнейших областей в Нечерноземной зоне Российской Федерации, расположена на северо-востоке европейской части России. По названию главной реки Вятки регион нередко называют Вятским краем. Площадь - 120,8 тыс.кв.км, население - 1,5 млн.человек.</p>\r\n<p class="post-text">Областной центр &ndash; г. Киров с населением около 500 тыс. человек.</p>\r\n<p class="post-text">Административно - территориальное устройство- 39 районов, 18 городов, в т.ч. 5 городов областного значения: Киров, Кирово-Чепецк, Вятские Поляны, Котельнич, Слободской. 12 старинных городов и поселений имеют статус исторических. Это города: Киров, Котельнич, Орлов,&nbsp;Все районы связаны с областным центром регулярным автобусным сообщением , 14 районов - железнодорожным сообщением. Авиасообщение позволяет принимать пассажирские самолеты на аэродроме в пригороде Кирова. Через область проходит транссибирская железнодорожная магистраль и две федеральные автотрассы ( &laquo;Санкт-Петербург &ndash; Екатеринбург&raquo;, &laquo;Вятка&raquo; )&nbsp;Расстояние от Кирова до Москвы &ndash; 896 км. Климат умерено континентальный с продолжительной холодной зимой и коротким , но сравнительно теплым летом . Средняя температура января - минус 14-16 градусов, июля &ndash; плюс 17-19 градусов. Более половины площадей области занимают леса, в основном хвойных пород, а так же смешанные (ель, береза, осина ) с богатым растительным и животным миром.</p>\r\n<p class="post-text">Область располагает богатыми туристическими ресурсами.&nbsp;На ее территории 188 памятников природы. На государственной охране состоят более 800 объектов культурного наследия, более 30 музеев рассказывают об истории, культуре края и знаменитых земляках.</p>\r\n<p class="post-text">Ежегодно Кировскую область посещают тысячи российских и иностранных туристов и все находят в ней нечто оригинальное, самобытное и самодостаточное.</p>\r\n<br /><br />\r\n<p class="post-title">Котельнич</p>\r\n<p class="post-text">Первое летописное упоминание о Котельниче относится к 1181, как Новгородскими племенами был взят город Кокшаров и переименован в Котельнич. Интенсивное заселение территории Котельничского района происходило в 17 веке. Число жителей города Котельнича увеличилось за это время вдвое. Город стоял на важных водных и сухопутных торговых путях. Водные пути связывали Хлынов с Великим Устюгом и Архангельском (по Вятке, Моломе, Юге, Северной Двине, а так же со средним и нижним Поволжьем ( по Вятке, Каме, Волге ). Через Котельнич проходил сухопутный тракт из Москвы и Санкт- Петербурга в Сибирь.</p>\r\n<p class="post-image"><a href="/useruploads/files//full/093.JPG" class="js-popup-img"><img src="/useruploads/files//093-1.jpg" width="400" height="267" /></a>&nbsp;<a href="/useruploads/files//full/1.jpg" class="js-popup-img"><img src="/useruploads/files//1-1.jpg" width="400" height="267" /></a></p>\r\n<p class="post-text"><span style="line-height: 1.4em;">В 17 веке возникает ставшая знаменитой далеко за пределами вятской земли Алексеевская ярмарка, названная в честь правившего тогда царя Алексея Михайловича. Она проходила ежегодно в марте в г. Котельниче, оборот ярмарки достигал нескольких миллионов рублей. Весь город на месяц превращался в торг. На ярмарку съезжались купцы из многих городов европейской России и Сибири. Она просуществовала до 1930 года. В 2006 году Алексеевская ярмарка возродилась и проводится ежегодно в марте, но пока не в таких объемах.</span></p>\r\n<p class="post-text">В 1796 году Котельнич стал уездным городом Вятской губернии.&nbsp;Отличительной особенностью Котельничской земли было обилие мельниц, которые и поныне являются символом этих мест.&nbsp;Частые пожары каждое столетие выжигали деревянный город дотла. Последний большой пожар произошел в Котельниче в мае 1926 года. Был поставлен вопрос о строительстве города на другом месте, но это предложение не было принято. Котельнич, как феникс из пепла, возрождался много раз, но планировка города осталась неизменной. Главные улицы шли вдоль реки Вятки , их пересекали второстепенные. В 30-е годы двадцатого века в Котельничском районе, как и во всей стране, происходила коллективизация сельского хозяйства. О жизни крестьянства, ремеслах, традициях, быте рассказывает музей истории крестьянства, организованный в пос. Ленинская Искра, расположенном в 20 км. от Котельнича.</p>\r\n<p class="post-image"><a href="/useruploads/files//full/Изображение%20348.jpg" class="js-popup-img"><img src="/useruploads/files//Изображение-348-1.jpg" width="400" height="267" /></a></p>\r\n<p class="post-text">Котельнич - город областного подчинения, административный центр одноименного района, расположен на правом берегу реки Вятки.&nbsp;Расстояние до г.Кирова 124 км. Население - 25 тыс.человек .&nbsp;Котельнич - крупная железнодорожная станция на транссибирской магистрали , расстояние до Москвы по железной дороге -896 км , в 1990 году включен в список исторических населенных мест РФ.</p>\r\n<p class="post-text">Котельнич известен в России и за рубежом благодаря расположенному неподалеку от города местонахождению древних ископаемых позвоночных - парейазавров. Парейазавры - крупные ящеры, имевшие костные выросты в шейной области черепа. Эти животные длиной до 3-х метров обитали в Европе, южной Африке, Азии 250-260 миллионов лет назад.&nbsp;Местонахождение представляет собой крутой обрыв красного цвета правого берега реки Вятки и тянется на 30 км от г.Котельнича до с.Вишкиль. Первые находки здесь были официально сделаны еще в 1933 году. В 80-х , начале 90-х годов развернулись полномасштабные исследования. По мнению специалистов, местонахождение не имеет себе равных в мире. Единственный аналог &ndash; плато Кару в южной Африке. Ежегодно на берегу Вятки в районе Котельнича российские и зарубежные ученые находят фрагменты и целые скелеты древних животных пермского периода палеозойской эры, триасового и юрского периодов мезозойской эры.</p>\r\n<p class="post-text"><a href="/useruploads/files//full/Местонахождение%20парейазавров.jpg" class="js-popup-img"><img src="/useruploads/files//Местонахождение-парейазавров-1.jpg" width="400" height="300" /></a>&nbsp;<a href="/useruploads/files//full/ко%202.jpg" class="js-popup-img"><img src="/useruploads/files//ко%202.jpg" width="495" height="280" /></a></p>\r\n<p class="post-text">В 1994 году в Котельниче создан палеонтологический музей, в котором экспонируются находки с Котельничского местонахождения, а так же копии известных находок древних рептилий и динозавров, найденных в Германии, США , Монголии. Экспозиция музея рассказывает о глобальных геологических и эволюционных процессах, происходивших на планете Земля более 260 миллионов лет назад.</p>', 1, NULL, 11, NULL, 'o_nas', NULL, NULL, NULL, 4, 1, NULL, 0, 1, NULL, 'About us', '', NULL, 1, 0, 1),
(133, 'Наши туры', NULL, '', 1, NULL, 2, NULL, 'tour', NULL, NULL, NULL, 1, 1, '/tour/', 0, 1, NULL, 'Our tours', '', NULL, 1, 0, 1),
(134, 'Это интересно', NULL, '', 1, NULL, 3, NULL, 'interesting', NULL, NULL, NULL, 1, 1, '/interesting/', 0, 1, NULL, 'This is interesting', '', NULL, 1, 0, 1),
(135, 'Сувениры', NULL, '', 1, NULL, 4, NULL, 'souvenir', NULL, NULL, NULL, 1, 1, '/souvenir/', 0, 1, NULL, 'Souvenirs', '', NULL, 1, 0, 1);

-- --------------------------------------------------------

--
-- Структура таблицы `da_message`
--

CREATE TABLE IF NOT EXISTS `da_message` (
  `id_message` int(8) NOT NULL AUTO_INCREMENT COMMENT 'id',
  `text` longtext NOT NULL COMMENT 'Текст',
  `date` int(10) unsigned NOT NULL COMMENT 'Дата создания',
  `type` int(8) NOT NULL DEFAULT '1' COMMENT 'тип',
  `sender` varchar(255) NOT NULL,
  PRIMARY KEY (`id_message`)
) ENGINE=InnoDB DEFAULT CHARSET=utf8 COMMENT='Уведомления' AUTO_INCREMENT=1 ;

-- --------------------------------------------------------

--
-- Структура таблицы `da_migration`
--

CREATE TABLE IF NOT EXISTS `da_migration` (
  `version` varchar(255) NOT NULL,
  `apply_time` int(11) DEFAULT NULL,
  PRIMARY KEY (`version`)
) ENGINE=InnoDB DEFAULT CHARSET=utf8;

--
-- Дамп данных таблицы `da_migration`
--

INSERT INTO `da_migration` (`version`, `apply_time`) VALUES
('m000000_000000_base', 1342684221),
('m120716_174729_macro', 1342684221),
('m120718_122532_macro', 1342690162),
('m120720_002139_ngin', 1342729247),
('m120720_223512_ngin', 1343114947),
('m120724_125848_ngin', 1343130984),
('m120724_210920_ngin', 1343214415),
('m120725_075905_add_field_to_system_parameters', 1343204594),
('m120727_000458_ngin', 1344594601),
('m120728_223710_ngin', 1344594601),
('m120731_013940_ngin', 1344594601),
('m120731_121338_ngin', 1344594601),
('m120731_211556_ngin', 1344594601),
('m120802_162026_ngin', 1344594601),
('m120804_002349_ngin', 1344594601),
('m120806_103133_mail_add_html_format_type', 1344594601),
('m120807_065040_drop_field_is_send_from_feedback', 1344594601),
('m120807_083424_drop_field_send_status_from_faq', 1344594601),
('m120807_114536_make_autoincrement_pk_for_da_event', 1344594601),
('m120807_131907_ngin', 1344594601),
('m120807_164940_ngin', 1344594601),
('m120808_152726_ngin', 1344594601),
('m120809_134126_ngin', 1344836799),
('m120810_102553_update_shop_offer_event_type', 1344594601),
('m120814_173220_ngin', 1345536580),
('m120814_230010_ngin', 1345536580),
('m120815_005422_ngin', 1345536581),
('m120820_134546_shop_module', 1345529983),
('m120820_134744_shop_module', 1345529983),
('m120820_135212_shop_module', 1345529983),
('m120820_135324_shop_module', 1345529984),
('m120820_174205_ngin', 1345536581),
('m120820_182032_ngin', 1345536581),
('m120821_221310_ngin', 1346662247),
('m120822_170237_ngin', 1346662247),
('m120828_103629_ngin', 1347362840),
('m120828_164130_ngin', 1347362840),
('m120828_174955_ngin', 1347362841),
('m120904_121407_shop_module', 1347362841),
('m120904_150721_ngin', 1347362841),
('m120913_171217_ngin', 1347626896),
('m120914_121927_ngin', 1347626896),
('m120915_223619_ngin', 1347808318),
('m120918_081514_shop_module', 1348481234),
('m120919_073944_shop_module', 1348481234),
('m121002_083734_shop_module', 1349179578),
('m121004_055741_ngin', 1349360888),
('m121004_080450_change_tables_engine_to_innodb', 1349360910),
('m121004_114202_ngin', 1349360912),
('m121004_130202_ngin', 1349360912),
('m121005_071430_menu_module', 1349449650),
('m121009_071450_scheduler_module', 1349791566),
('m121009_071615_scheduler_module', 1349791567),
('m121009_071744_scheduler_module', 1349791567),
('m121009_100803_mail_module', 1349791567),
('m121009_132010_struct_ngin', 1349791569),
('m121009_132011_ngin', 1349791569),
('m121009_153554_struct_ngin', 1349791570),
('m121009_153555_ngin', 1349791570),
('m121009_160202_ngin', 1349791570),
('m121010_020603_ngin', 1349863743),
('m121010_133117_ngin', 1350371052),
('m121015_123829_user_module', 1351367964),
('m121015_163208_ngin', 1350371056),
('m121016_131442_struct_ngin', 1351367966),
('m121016_131443_ngin', 1351367967),
('m121016_134502_struct_ngin', 1351367967),
('m121018_062400_photogallery_module', 1351367967),
('m121018_062954_photogallery_module', 1351367968),
('m121023_130918_struct_ngin', 1351367974),
('m121023_130919_ngin', 1351367974),
('m121025_130718_ngin', 1351367974),
('m121029_114119_ngin', 1351501041),
('m121030_105729_ngin', 1352115207),
('m121031_193910_ngin', 1352115209),
('m121101_150836_ngin', 1352115210),
('m121102_141700_news_module', 1352543161),
('m121107_145242_ngin', 1352543162),
('m121108_095825_ngin', 1352543162),
('m121109_095000_messenger_module', 1352543162),
('m121109_095521_messenger_module', 1352543162),
('m121109_100548_messenger_module', 1352543163),
('m121109_131529_messenger_module', 1352543163),
('m121115_194907_ngin', 1353672671),
('m121210_153052_struct_ngin', 1355989242),
('m121210_153053_ngin', 1355989243),
('m121227_071724_ngin', 1359392575),
('m130110_221227_ngin', 1359392575),
('m130116_075255_messanger_module', 1359392576),
('m130206_161859_ngin', 1363760020),
('m130212_205359_add_comments_to_tables', 1363760046),
('m130220_165514_ngin', 1363760046),
('m130222_211623_ngin', 1363760046),
('m130304_105600_ngin', 1363760046),
('m130312_094709_struct_ngin', 1363760047),
('m130312_094710_ngin', 1363760048),
('m130313_163310_struct_ngin', 1363760048),
('m130313_163311_ngin', 1363760048),
('m130313_172038_struct_ngin', 1363760049),
('m130313_172039_ngin', 1363760050),
('m130328_151605_struct_ngin', 1365597562),
('m130328_151606_ngin', 1365597563),
('m130404_131839_ngin', 1365597563),
('m130405_132019_filename_translit', 1365597563),
('m130409_094600_project_bootstrap', 1365597563),
('m130419_131440_user_module', 1369160489),
('m130422_065535_new_users', 1369160489),
('m130423_121920_struct_ngin', 1369160491),
('m130423_121921_ngin', 1369160491),
('m130423_122356_new_users_password', 1369160491),
('m130514_104329_comments_module', 1369160491),
('m130515_142007_ngin', 1369160491),
('m130516_140735_struct_ngin', 1369160494),
('m130516_140736_ngin', 1369160494),
('m130516_190627_menu_visible_view_column', 1369160494),
('m130517_230538_struct_ngin', 1369160495),
('m130517_230539_ngin', 1369160495),
('m130520_123302_struct_ngin', 1369160496),
('m130520_170216_ngin', 1369160496),
('m130521_224420_ngin', 1369639016),
('m130522_122615_ngin', 1369639016),
('m130522_171926_ngin', 1369639016),
('m130522_175400_backend', 1369681065),
('m130522_185724_ngin', 1369681066),
('m130523_112000_ygin', 1369987438),
('m130523_133419_ygin', 1369681069),
('m130524_013011_struct_ygin', 1369681072),
('m130524_013012_ygin', 1369681072),
('m130528_204220_struct_ygin', 1371535225),
('m130528_204221_ygin', 1371535226),
('m130606_160848_struct_ygin', 1371535226),
('m130606_160849_ygin', 1371535226),
('m130607_155511_ygin', 1371535226),
('m130607_171901_struct_ygin', 1371535228),
('m130607_171902_ygin', 1371535228),
('m130610_225445_struct_ygin', 1371535228),
('m130610_225446_ygin', 1371535229),
('m130611_164844_ygin', 1371535229),
('m130611_204701_struct_ygin', 1371535229),
('m130611_204702_ygin', 1371535230),
('m130611_205034_struct_ygin', 1371535230),
('m130611_205035_ygin', 1371535230),
('m130611_205234_struct_ygin', 1371535230),
('m130614_131857_ygin', 1371535230),
('m130614_152109_ygin', 1371542921),
('m130618_115456_ygin', 1371542921),
('m130618_155228_ygin', 1408711596),
('m130620_143444_struct_ygin', 1408711596),
('m130620_143445_ygin', 1408711596),
('m130621_130836_ygin', 1408711596),
('m130622_115016_ygin', 1408711597),
('m130626_100540_faq_categories_mail', 1408711597),
('m130708_174249_ygin', 1408711597),
('m130710_114016_struct_ygin', 1408711598),
('m130710_114017_ygin', 1408711598),
('m130710_142133_struct_ygin', 1408711598),
('m130711_112950_struct_ygin', 1408711598),
('m130711_112951_ygin', 1408711599),
('m130714_230340_ygin', 1408711599),
('m130716_120239_ygin', 1408711599),
('m130717_113251_struct_ygin', 1408711599),
('m130717_113252_ygin', 1408711599),
('m130718_213659_struct_ygin', 1408711601),
('m130723_095944_ygin', 1408711601),
('m130724_100320_ygin', 1408711601),
('m130820_064119_comments_column', 1408711601),
('m130826_135610_struct_ygin', 1408711602),
('m130826_135611_ygin', 1408711602),
('m130909_174245_ygin', 1408711602),
('m130916_162832_ygin', 1408711602),
('m130920_163425_struct_ygin', 1408711602),
('m130920_163426_ygin', 1408711602),
('m130924_120617_ygin', 1408711602),
('m131001_131235_struct_ygin', 1408711603),
('m131001_131236_ygin', 1408711603),
('m131002_193452_banner_module_aggregate_job', 1408711603),
('m131021_144947_ygin', 1408711603),
('m140108_191559_ygin', 1408711603),
('m140109_163100_backend_config', 1408711603),
('m140208_112056_ygin', 1408711603),
('m140224_111615_struct_ygin', 1408711603),
('m140224_111616_ygin', 1408711603),
('m140305_055619_ygin_banner_id', 1408711604),
('m140421_125605_ygin', 1408711607),
('m140430_115900_ygin', 1408711607),
('m140605_112159_ygin', 1408711607),
('m240919_073944_shop_plugin', 1348572502);

-- --------------------------------------------------------

--
-- Структура таблицы `da_object`
--

CREATE TABLE IF NOT EXISTS `da_object` (
  `id_object` varchar(255) NOT NULL COMMENT 'id',
  `name` varchar(255) NOT NULL COMMENT 'Имя объекта',
  `id_field_order` varchar(255) DEFAULT NULL COMMENT 'Свойство для порядка',
  `order_type` int(2) NOT NULL DEFAULT '1' COMMENT 'Тип порядка',
  `table_name` varchar(255) DEFAULT NULL COMMENT 'Таблица / Обработчик / Объект',
  `id_field_caption` varchar(255) DEFAULT NULL COMMENT 'Свойство для отображения',
  `object_type` int(2) NOT NULL DEFAULT '1' COMMENT 'Тип объекта',
  `folder_name` varchar(255) DEFAULT NULL COMMENT 'Путь к документам',
  `parent_object` varchar(255) DEFAULT NULL COMMENT 'Родитель',
  `sequence` int(3) NOT NULL DEFAULT '1' COMMENT '&nbsp;',
  `use_domain_isolation` int(1) NOT NULL DEFAULT '0' COMMENT 'Использовать доменную изоляцию данных',
  `field_caption` varchar(255) DEFAULT NULL COMMENT 'Свойство модели для отображения',
  `yii_model` varchar(255) DEFAULT NULL COMMENT 'yii-модель',
  PRIMARY KEY (`id_object`)
) ENGINE=InnoDB DEFAULT CHARSET=utf8 COMMENT='Объекты';

--
-- Дамп данных таблицы `da_object`
--

INSERT INTO `da_object` (`id_object`, `name`, `id_field_order`, `order_type`, `table_name`, `id_field_caption`, `object_type`, `folder_name`, `parent_object`, `sequence`, `use_domain_isolation`, `field_caption`, `yii_model`) VALUES
('1', 'Разработка', '', 1, NULL, '', 1, NULL, NULL, 3, 0, NULL, NULL),
('101', 'Наборы виджетов', '16', 2, 'da_site_module_template', '13', 1, NULL, '102', 7, 0, 'name', 'SiteModuleTemplate'),
('102', 'Модули', NULL, 1, NULL, NULL, 1, NULL, '4', 33, 0, NULL, NULL),
('103', 'Виджеты сайта', '542', 1, 'da_site_module', '542', 1, 'content/modules', '102', 8, 0, 'name', 'SiteModule'),
('105', 'Голосование', '536', 2, 'pr_voting', '531', 1, 'content/vote/', '4', 27, 0, 'name', 'vote.models.Voting'),
('106', 'Ответы на голосование', NULL, 2, 'pr_voting_answer', NULL, 1, NULL, '105', 9, 0, NULL, NULL),
('2', 'Пользователи и группы', NULL, 1, NULL, NULL, 1, NULL, NULL, 4, 0, NULL, NULL),
('20', 'Объекты', '104', 1, 'da_object', '64', 1, NULL, '1', 1, 0, 'name', 'ygin.models.object.DaObject'),
('21', 'Свойства объекта', '77', 1, 'da_object_parameters', '79', 1, '', '20', 2, 0, 'caption', 'ygin.models.object.ObjectParameter'),
('22', 'Типы данных', '105', 1, 'da_object_parameter_type', '86', 1, NULL, '1', 16, 0, 'name', NULL),
('24', 'Пользователи', NULL, 1, 'da_users', '90', 1, 'content/user', '2', 3, 0, 'name', 'user.models.User'),
('25', 'Типы прав доступа', NULL, 1, 'da_permission_type', '97', 1, NULL, '2', 3, 0, 'name', NULL),
('250', 'Комментарии', '1206', 2, 'pr_comment', '1207', 1, NULL, '4', 28, 0, 'comment_text', 'comments.models.CommentYii'),
('260', 'Баннеры', '1310', 1, 'pr_banner', NULL, 1, 'content/bnimg', '261', 18, 0, NULL, 'banners.models.Banner'),
('261', 'Баннерные места', '1318', 1, 'pr_banner_place', '1312', 1, NULL, '4', 32, 0, 'title', 'banners.models.BannerPlace'),
('27', 'Справочники', '109', 1, 'da_references', '110', 1, NULL, '3', 4, 0, 'name', 'ygin.models.Reference'),
('28', 'Значения справочника', '112', 1, 'da_reference_element', '114', 1, NULL, '27', 3, 0, 'value', 'ygin.models.ReferenceElement'),
('29', 'Группы системных параметров', '48', 2, 'da_group_system_parameter', '49', 1, NULL, '3', 5, 0, 'name', NULL),
('3', 'Общие настройки', NULL, 1, NULL, NULL, 1, NULL, NULL, 5, 0, NULL, NULL),
('30', 'Настройки сайта', '117', 1, 'da_system_parameter', NULL, 1, NULL, '3', 3, 0, NULL, 'ygin.models.SystemParameter'),
('31', 'Домены сайта', '281', 1, 'da_domain', '283', 1, 'content/domain/', '3', 2, 0, 'name', 'ygin.models.Domain'),
('313', 'Настройка кэширования', '', 1, 'engine/admin/special/cacheSettings.php', '', 3, NULL, '1', 14, 0, NULL, NULL),
('33', 'Формат сообщения', '250', 1, 'da_event_format', '31', 1, NULL, '6', 3, 0, 'description', NULL),
('34', 'Подписчики на события', NULL, 2, 'da_event_subscriber', '37', 1, NULL, '6', 3, 0, 'id_event_type', 'ygin.modules.mail.models.NotifierEventSubscriber'),
('35', 'Тип события', '50', 2, 'da_event_type', '51', 1, NULL, '6', 3, 0, 'name', 'ygin.modules.mail.models.NotifierEventType'),
('37', 'Файлы', '134', 1, 'da_files', '135', 1, NULL, '3', 7, 0, 'file_path', 'ygin.models.File'),
('39', 'Типы файлов', '129', 1, 'da_file_type', '130', 1, NULL, '37', 11, 0, 'name', NULL),
('4', 'Контент', NULL, 1, NULL, NULL, 1, NULL, NULL, 1, 0, NULL, NULL),
('40', 'Расширения файлов', '131', 1, 'da_file_extension', '132', 1, NULL, '37', 12, 0, 'ext', NULL),
('41', 'Пользовательские свойства', NULL, 1, 'da_object_property', NULL, 1, NULL, '1', 15, 0, NULL, NULL),
('43', 'SQL', '', 1, 'backend/special/sql', '', 3, NULL, '1', 9, 0, NULL, NULL),
('49', 'События', '253', 2, 'da_event', NULL, 1, NULL, '6', 2, 0, NULL, NULL),
('50', 'Почтовые аккаунты', '262', 1, 'da_mail_account', '262', 1, NULL, '6', 2, 0, 'host', NULL),
('500', 'Фотогалереи', '1500', 1, 'pr_photogallery', '1501', 1, 'content/photogallery', '4', 23, 0, 'name', 'photogallery.models.Photogallery'),
('501', 'Фотографии', '1511', 1, 'pr_photogallery_photo', '1507', 1, 'content/photos', '500', 14, 0, 'id_photogallery_photo', 'photogallery.models.PhotogalleryPhoto'),
('502', 'Новости', '1516', 2, 'pr_news', NULL, 1, 'content/news', '4', 16, 0, NULL, 'ygin.modules.news.models.News'),
('503', 'Категории новостей', '1523', 1, 'pr_news_category', '1522', 1, NULL, '502', 3, 0, 'name', NULL),
('504', 'Консультации', NULL, 1, NULL, NULL, 1, NULL, '4', 25, 0, NULL, NULL),
('505', 'Вопрос', '1530', 2, 'pr_consultation_ask', '1528', 1, 'content/consultation_ask', '504', 1, 0, 'ask', NULL),
('506', 'Ответ', '1536', 2, 'pr_consultation_answer', '1538', 1, NULL, '504', 2, 0, 'answer', NULL),
('507', 'Отвечающий', '1547', 1, 'pr_consultation_answerer', '1547', 1, 'content/answerer', '504', 3, 0, 'name', NULL),
('508', 'Специализация отвечающего', '1551', 1, 'pr_consultation_specialization', '1551', 1, NULL, '504', 4, 0, 'specialization', NULL),
('509', 'Категории продукции', '1636', 1, 'pr_product_category', '1553', 1, 'content/product_category', '518', 2, 0, 'name', 'shop.models.ProductCategory'),
('51', 'Планировщик', '267', 1, 'da_job', '274', 1, NULL, '1', 4, 0, 'name', 'ygin.modules.scheduler.models.Job'),
('511', 'Продукция', '1564', 1, 'pr_product', '1567', 1, 'content/product', '518', 1, 0, 'name', 'shop.models.Product'),
('512', 'Вопрос-ответ', '1579', 2, 'pr_question', '1581', 1, 'content/question', '4', 26, 0, 'question', NULL),
('517', 'Обратная связь', '1609', 2, 'pr_feedback', '1614', 1, NULL, '4', 24, 0, 'date', NULL),
('518', 'Магазин', NULL, 1, NULL, NULL, 1, NULL, NULL, 2, 0, NULL, NULL),
('519', 'Заказы пользователей', '1626', 2, 'pr_offer', '1621', 1, NULL, '518', 40, 0, 'fio', NULL),
('520', 'Витрина', '1635', 1, 'pr_vitrine', '1632', 1, 'content/vitrine', '4', 29, 0, 'title', NULL),
('521', 'Викторины', '1638', 2, 'pr_quiz', '1639', 1, 'content/quiz', '4', 30, 0, 'name', NULL),
('522', 'Вопросы викторины', '1648', 1, 'pr_quiz_question', '1646', 1, 'content/quiz_quest', '521', 43, 0, 'question', NULL),
('523', 'Варианты ответов', '1653', 1, 'pr_quiz_answer', '1651', 1, NULL, '521', 44, 0, 'answer', NULL),
('524', 'Ответ пользователя', '1661', 2, 'pr_quiz_answer_user', '1656', 1, NULL, '521', 45, 0, 'name', NULL),
('525', 'Брэнды', '1670', 1, 'pr_product_brand', '1667', 1, 'content/product_brand', '518', 46, 0, 'name', NULL),
('527', 'Плагины системы', '', 1, 'da_plugin', '', 1, 'content/plugin', '3', 1, 0, NULL, NULL),
('528', 'Настройка плагинов', NULL, 1, 'backend/plugin/plugin', NULL, 3, NULL, '527', 48, 0, NULL, NULL),
('529', 'Статусы остатка продукции', '1679', 1, 'pr_remain_status', '1680', 1, NULL, '518', 49, 0, NULL, NULL),
('530', 'Отзывы клиентов', '1686', 2, 'pr_client_review', '1685', 1, NULL, '4', 31, 0, 'name', NULL),
('531', 'Уведомления', '1695', 2, 'da_message', '1694', 1, 'content/messages', '3', 6, 0, 'text', 'ygin.modules.messenger.models.Message'),
('54', 'Доступные локализации', '310', 1, 'da_localization', '311', 1, NULL, '3', 8, 0, 'name', NULL),
('6', 'Почта', NULL, 1, NULL, NULL, 1, NULL, NULL, 7, 0, NULL, NULL),
('60', 'Проверка файлов', '', 1, 'backend/special/clearPreview', '', 3, NULL, '1', 10, 0, NULL, NULL),
('61', 'Инструкции', '145', 1, 'da_instruction', '141', 1, NULL, '1', 11, 0, 'name', NULL),
('63', 'Представление', '408', 1, 'da_object_view', '406', 1, '', '1', 3, 0, 'name', 'backend.models.DaObjectView'),
('66', 'Колонка представления', '419', 1, 'da_object_view_column', NULL, 1, '', '63', 9, 0, NULL, 'backend.models.DaObjectViewColumn'),
('80', 'php-скрипты', '337', 1, 'da_php_script_type', '342', 1, NULL, '1', 2, 0, 'description', 'ygin.models.PhpScript'),
('86', 'Интерфейс php-скрипта', '351', 1, 'da_php_script_interface', '348', 1, NULL, '80', 4, 0, 'name', NULL),
('89', 'Сброс кэша', '', 1, 'backend/special/clearCache', '', 3, NULL, '1', 7, 0, NULL, NULL),
('91', 'Поисковый индекс', '', 1, 'backend/special/recreateSearchIndex', '', 3, NULL, '1', 8, 0, NULL, NULL),
('94', 'Логи', '', 1, 'backend/special/logView', '', 3, NULL, '1', 12, 0, NULL, NULL),
('project-bloki---ssylki-na-glavnoi', 'Блоки - ссылки на главной', 'project-bloki---ssylki-na-glavnoi-sequence', 1, 'app_promo_block', '', 1, '/content/promoblock', '4', 19, 0, NULL, 'PromoBlock'),
('project-bloki-kontenta', 'Блоки контента', '', 1, 'app_block_content', '', 1, NULL, '4', 20, 0, NULL, 'BlockContent'),
('project-eto-interesno', 'Это интересно', 'project-eto-interesno-id-app-interesting', 2, 'app_interesting', 'project-eto-interesno-name-ru', 1, '/content/interesting', '4', 9, 0, 'name_ru', 'Interesting'),
('project-forma-obratnoi-svyazi', 'Форма обратной связи', 'project-forma-obratnoi-svyazi-id-app-form-feedback', 2, 'app_form_feedback', '', 1, NULL, '4', 22, 0, NULL, 'FormFeedback'),
('project-forma-zakaza-zvonka', 'Форма заказа звонка', 'project-forma-zakaza-zvonka-id-app-form-callback', 2, 'app_form_callback', '', 1, NULL, '4', 21, 0, NULL, 'FormCallback'),
('project-fotoalbomy', 'Фотоальбомы', 'project-fotoalbomy-sequence', 1, 'app_photoalbum', '', 1, NULL, '4', 14, 0, NULL, 'Photoalbum'),
('project-kategorii-eto-interesno', 'Категории это интересно', 'project-kategorii-eto-interesno-sequence', 1, 'app_interesting_category', 'project-kategorii-eto-interesno-name-ru', 1, NULL, '4', 10, 0, 'name_ru', 'InterestingCategory'),
('project-kategorii-suvenirov', 'Категории сувениров', 'project-kategorii-suvenirov-sequence', 1, 'app_souvenir_category', '', 1, NULL, '4', 7, 0, 'name_ru', 'SouvenirCategory'),
('project-kategorii-turov', 'Категории туров', 'project-kategorii-turov-sequence', 1, 'app_tour_category', '', 1, NULL, '4', 3, 0, 'name_ru', 'TourCategory'),
('project-kontakty', 'Контакты', '', 1, 'app_contact', '', 1, NULL, '4', 18, 0, NULL, 'Contact'),
('project-otzyvy', 'Отзывы', 'project-otzyvy-datetime', 2, 'app_review', '', 1, NULL, '4', 13, 0, NULL, 'Review'),
('project-podbor-tura', 'Подбор тура', 'project-podbor-tura-datetime', 2, 'app_tour_selection', '', 1, NULL, '4', 5, 0, NULL, 'TourSelection'),
('project-suveniry', 'Сувениры', 'project-suveniry-sequence', 1, 'app_souvenir', '', 1, '/content/souvenir', '4', 6, 0, 'id_app_souvenir', 'Souvenir'),
('project-svyaz-eto-interesno-i-kategorii', 'Связь Это интересно и Категорий', '', 1, 'app_interesting_category_assignment', '', 1, NULL, '4', 11, 0, NULL, 'InterestingCategoryAssignment'),
('project-svyaz-turov-i-eto-interesno', 'Связь Туров и Это интересно', '', 1, 'app_tour_interesting_assignment', '', 1, NULL, '4', 12, 0, NULL, 'TourInterestingAssignment'),
('project-tury', 'Туры', 'project-tury-sequence', 1, 'app_tour', '', 1, '/content/tour', '4', 2, 0, 'name_ru', 'Tour'),
('project-vidoalbom', 'Видоальбом', 'project-vidoalbom-sequence', 1, 'app_videoalbum', '', 1, NULL, '4', 15, 0, NULL, 'Videoalbum'),
('project-vodnye-znaki', 'Водные знаки', 'project-vodnye-znaki-id-app-watermark', 1, 'app_watermark', '', 1, '/content/watermark', '4', 17, 0, NULL, 'Watermark'),
('project-zakaz-suvenira', 'Заказы сувенира', 'project-zakaz-suvenira-datetime', 2, 'app_souvenir_order', '', 1, NULL, '4', 8, 0, NULL, 'SouvenirOrder'),
('project-zakazy-turov', 'Заказы туров', 'project-zakazy-turov-datetime', 2, 'app_tour_order', '', 1, NULL, '4', 4, 0, NULL, 'TourOrder'),
('ygin-gii', 'gii (debug=true)', '', 1, '/gii/', '', 5, NULL, '1', 6, 0, NULL, NULL),
('ygin-invoice', 'Счета', 'ygin-invoice-create-date', 2, 'pr_invoice', 'ygin-invoice-create-date', 1, NULL, '518', 51, 0, 'create_date', 'Invoice'),
('ygin-menu', 'Меню', '7', 1, 'da_menu', '7', 1, 'content/menu', '4', 1, 0, 'name', 'Menu'),
('ygin-override', 'Переопределение представлений (debug=true)', '', 1, '/override/', '', 5, NULL, '1', 5, 0, NULL, NULL),
('ygin-views-generator', 'Генерация вьюхи', '', 1, 'viewGenerator/default/index', '', 3, NULL, '1', 50, 0, NULL, NULL);

-- --------------------------------------------------------

--
-- Структура таблицы `da_object_instance`
--

CREATE TABLE IF NOT EXISTS `da_object_instance` (
  `id_object` varchar(255) NOT NULL,
  `id_instance` int(8) NOT NULL,
  `id_domain` int(8) NOT NULL,
  `create_date` int(10) DEFAULT NULL,
  `last_modify_date` int(10) DEFAULT NULL,
  `delete_date` int(10) DEFAULT NULL,
  `id_user_creator` int(8) DEFAULT NULL,
  PRIMARY KEY (`id_object`,`id_instance`),
  KEY `id_object` (`id_object`,`id_instance`,`id_domain`)
) ENGINE=InnoDB DEFAULT CHARSET=utf8;

-- --------------------------------------------------------

--
-- Структура таблицы `da_object_parameters`
--

CREATE TABLE IF NOT EXISTS `da_object_parameters` (
  `id_object` varchar(255) NOT NULL DEFAULT '0' COMMENT 'Объект',
  `id_parameter` varchar(255) NOT NULL COMMENT 'ИД',
  `id_parameter_type` int(2) NOT NULL DEFAULT '0' COMMENT 'Тип свойства',
  `sequence` int(3) NOT NULL DEFAULT '1' COMMENT '&nbsp;',
  `widget` varchar(255) DEFAULT NULL COMMENT 'Виджет',
  `caption` varchar(255) NOT NULL COMMENT 'Название',
  `field_name` varchar(255) DEFAULT NULL COMMENT 'Имя поля в БД',
  `add_parameter` varchar(255) DEFAULT NULL COMMENT 'Параметр',
  `default_value` varchar(255) DEFAULT NULL COMMENT 'Значение по умолчанию',
  `not_null` tinyint(1) DEFAULT '1' COMMENT 'Обязательное',
  `sql_parameter` varchar(255) DEFAULT NULL COMMENT 'SQL условие',
  `is_unique` tinyint(1) DEFAULT NULL COMMENT 'Уникальное',
  `group_type` int(8) DEFAULT NULL COMMENT 'Связь с главным объектом',
  `need_locale` int(1) NOT NULL DEFAULT '0' COMMENT 'Переводить на другие языки',
  `search` int(1) NOT NULL DEFAULT '0' COMMENT 'Доступно для поиска',
  `is_additional` int(1) NOT NULL DEFAULT '0' COMMENT 'Дополнительное',
  `hint` text COMMENT 'Всплывающая подсказка',
  `visible` tinyint(1) unsigned NOT NULL DEFAULT '1',
  PRIMARY KEY (`id_object`,`id_parameter`),
  UNIQUE KEY `id_parameter` (`id_parameter`),
  KEY `id_object` (`id_object`),
  KEY `id_object_2` (`id_object`,`sequence`),
  KEY `id_object_3` (`id_object`,`is_additional`,`sequence`)
) ENGINE=InnoDB DEFAULT CHARSET=utf8 COMMENT='Свойства объекта';

--
-- Дамп данных таблицы `da_object_parameters`
--

INSERT INTO `da_object_parameters` (`id_object`, `id_parameter`, `id_parameter_type`, `sequence`, `widget`, `caption`, `field_name`, `add_parameter`, `default_value`, `not_null`, `sql_parameter`, `is_unique`, `group_type`, `need_locale`, `search`, `is_additional`, `hint`, `visible`) VALUES
('101', '12', 11, 8, NULL, 'id', 'id_module_template', NULL, NULL, 1, NULL, 0, NULL, 0, 0, 0, NULL, 1),
('101', '13', 2, 8, NULL, 'Название набора', 'name', '0', NULL, 1, NULL, 0, 0, 0, 0, 0, '', 1),
('101', '14', 10, 10, 'menu.backend.widgets.manageModule.ManageModuleWidget', 'Виджеты', NULL, '2', NULL, 0, 'SiteModuleTemplateListOfModule', 0, 0, 0, 0, 0, '', 1),
('101', '16', 9, 8, NULL, 'Использовать по умолчанию', 'is_default_template', '0', '0', 1, NULL, 0, 0, 0, 0, 0, 'Набор виджетов будет применяться к новым пунктам Меню корневого уровня', 1),
('101', 'ygin-widget-list-sequence', 13, 291, NULL, 'п/п', 'sequence', NULL, NULL, 0, NULL, 0, 0, 0, 0, 0, '', 1),
('103', '541', 11, 1, NULL, 'id', 'id_module', NULL, NULL, 1, NULL, 0, NULL, 0, 0, 0, NULL, 1),
('103', '542', 2, 2, NULL, 'Имя', 'name', NULL, NULL, 1, NULL, 0, NULL, 1, 0, 0, NULL, 1),
('103', '544', 10, 4, 'menu.backend.widgets.phpScript.PhpScriptWidget', 'Обработчик', 'id_php_script', '2', NULL, 0, NULL, 0, 0, 0, 0, 0, '', 1),
('103', '545', 14, 6, NULL, 'Простой текст', 'content', NULL, NULL, 0, NULL, 0, NULL, 1, 0, 0, 'Используется для хранения JavaScript и текст без форматирования', 1),
('103', '546', 9, 3, NULL, 'Видимость', 'is_visible', NULL, '1', 0, NULL, 0, 0, 0, 0, 0, 'Позволяет временно отключать модуль из всех наборов модулей', 1),
('103', '554', 3, 8, NULL, 'Форматированный текст', 'html', NULL, NULL, 0, NULL, 0, 0, 1, 0, 0, 'Используется, если необходимо хранить форматированный текст, ссылки, файлы', 1),
('103', '556', 15, 7, NULL, 'Загрузить файлы', NULL, NULL, NULL, 0, NULL, 0, 0, 0, 0, 0, NULL, 1),
('105', '530', 11, 7, NULL, 'ID', 'id_voting', NULL, NULL, 1, NULL, 0, NULL, 0, 0, 0, NULL, 1),
('105', '531', 2, 7, NULL, 'Название голосования', 'name', NULL, NULL, 1, NULL, 0, NULL, 0, 0, 0, NULL, 1),
('105', '532', 10, 7, 'vote.backend.widgets.answerList.AnswerListWidget', 'Варианты ответов', NULL, '2', NULL, 0, 'VoteAnswerVisualElement', 0, 0, 0, 0, 0, '', 1),
('105', '533', 9, 7, NULL, 'Множество ответов', 'is_checkbox', NULL, NULL, 1, NULL, 0, NULL, 0, 0, 0, NULL, 1),
('105', '534', 9, 7, NULL, 'Активное', 'is_active', NULL, '1', 1, NULL, 0, NULL, 0, 0, 0, NULL, 1),
('105', '535', 9, 7, NULL, 'Показать в модуле', 'in_module', NULL, '1', 1, NULL, 0, NULL, 0, 0, 0, NULL, 1),
('105', '536', 4, 7, NULL, 'Дата создания голосования', 'create_date', NULL, NULL, 1, NULL, 0, NULL, 0, 0, 0, NULL, 1),
('106', '537', 11, 7, NULL, 'id', 'id_voting_answer', NULL, NULL, 1, NULL, 0, NULL, 0, 0, 0, NULL, 1),
('106', '538', 7, 7, NULL, 'Голосование', 'id_voting', '105', NULL, 1, NULL, 0, 1, 0, 0, 0, NULL, 1),
('106', '539', 2, 7, NULL, 'Вариант ответа', 'name', NULL, NULL, 1, NULL, 0, NULL, 0, 0, 0, NULL, 1),
('106', '540', 1, 10, NULL, 'Количество голосов', 'count', NULL, '0', 1, NULL, 0, 0, 0, 0, 0, NULL, 1),
('20', '104', 13, 2, NULL, '&nbsp;', 'sequence', NULL, NULL, 1, NULL, 0, 0, 0, 0, 0, NULL, 1),
('20', '124', 9, 13, NULL, 'Использовать доменную изоляцию данных', 'use_domain_isolation', NULL, '0', 0, NULL, 0, 0, 0, 0, 1, NULL, 1),
('20', '151', 10, 19, 'backend.backend.object.objectPermission.ObjectPermissionWidget', 'Права доступа', NULL, '2', '', 0, 'ObjectPermissionWidget', 0, 0, 0, 0, 0, '', 1),
('20', '155', 2, 7, NULL, 'Путь к документам', 'folder_name', '0', NULL, 0, NULL, 0, 0, 0, 0, 0, 'Путь к папке на сервере относительно корня сайта для хранения загружаемых файлов. Например, "content/news" для сохранения загрузки фотографий к новостям.', 1),
('20', '157', 2, 16, NULL, 'yii-модель', 'yii_model', '0', NULL, 0, NULL, 0, 0, 0, 0, 0, 'Например: ygin.models.File или просто Domain, если есть точная уверенность, что система уже знает о модели', 1),
('20', '207', 2, 8, NULL, 'Свойство модели для отображения', 'field_caption', NULL, NULL, 0, NULL, 0, 0, 0, 0, 0, 'Используется для отображения названия экземпляра в списках и других местах.\r\nНапример, для отображения имени раздела можно указать name\r\nВ этом случае будет выполнено такое выражение: $model->name;\r\nТ.о. можно указывать любые доступные атрибуты объекта модели.', 1),
('20', '62', 10, 15, 'backend.backend.object.objectManageView.ObjectManageViewWidget', 'Создать представление', NULL, '2', '', 0, 'ObjectManageViewWidget', 0, 0, 0, 0, 1, '', 1),
('20', '63', 11, 1, 'backend.backend.objectParameter.autoPrimaryKey.AutoPrimaryKeyWidget', 'id', 'id_object', '1', NULL, 1, 'name', 0, 0, 0, 0, 0, 'Уникальный ИД объекта в виде строки. Например для новостей ИД будет равен ygin-news  Префикс ygin зарезервирован для системных объектов, вместо него необходимо использовать название проекта или компании.', 1),
('20', '64', 2, 4, NULL, 'Имя объекта', 'name', NULL, NULL, 1, NULL, 0, NULL, 1, 0, 0, NULL, 1),
('20', '65', 7, 10, NULL, 'Свойство для порядка', 'id_field_order', '21', '', 0, 't.id_object=:id_instance', 0, 0, 0, 0, 0, 'По умолчанию выводимые в системе администрирования экземпляры данного объекта будут упорядочены по этому свойству', 1),
('20', '66', 6, 11, NULL, 'Тип порядка', 'order_type', '30', NULL, 1, NULL, 0, NULL, 0, 0, 0, NULL, 1),
('20', '67', 2, 6, NULL, 'Таблица / Контроллер / Ссылка', 'table_name', NULL, NULL, 0, NULL, 0, 0, 0, 0, 0, 'В зависимости от типа объекта, поле хранит различные значения. При стандартном - имя таблицы, при контроллере - алиас класса', 1),
('20', '68', 7, 9, NULL, 'Свойство для отображения', 'id_field_caption', '21', '', 0, 't.id_object=:id_instance', 0, 0, 0, 0, 0, 'Значение данного свойства будет выводится в списке, когда экземпляр данного объекта будет выбираться в качестве свойства другого объекта', 1),
('20', '69', 6, 5, NULL, 'Тип объекта', 'object_type', '31', NULL, 1, NULL, 0, NULL, 0, 0, 0, NULL, 1),
('20', '70', 12, 3, NULL, 'Родитель', 'parent_object', '1', NULL, 0, NULL, 0, 0, 0, 0, 1, NULL, 1),
('21', '156', 9, 14, NULL, 'Уникальное', 'is_unique', NULL, NULL, 0, NULL, 0, 0, 0, 0, 0, 'Слежение за уникальностью значения на уровне системы администрирования', 1),
('21', '205', 9, 15, NULL, 'Связь с главным объектом', 'group_type', NULL, '0', 0, NULL, 0, 0, 0, 0, 0, 'У главного объекта в системном представлении появится возможность переходить к зависимым данным этого объекта, связанным по данному свойству', 1),
('21', '206', 9, 12, NULL, 'Переводить на другие языки', 'need_locale', NULL, '0', 0, NULL, 0, 0, 0, 0, 0, 'Определяет возможность перевода значения свойства на другие языки (английский, немецкий). Перевод возможен только для параметров с типом данных Строка, TextArea, CLOB.', 1),
('21', '220', 9, 13, NULL, 'Доступно для поиска', 'search', NULL, '0', 0, NULL, 0, 0, 0, 0, 0, 'Добавляет это поле в поисковый индекс, который используется при поиске по сайту', 1),
('21', '73', 9, 16, NULL, 'Дополнительное', 'is_additional', NULL, '0', 0, NULL, 0, 0, 0, 0, 0, 'Данное поле будет вынесено в отдельный контейнер, который изначально скрыт при редактировании объекта и появляется при нажатии на кнопку "Дополнительные свойства"', 1),
('21', '74', 11, 6, 'backend.backend.objectParameter.autoPrimaryKey.AutoPrimaryKeyWidget', 'id', 'id_parameter', '1', NULL, 1, 'field_name/caption; id_object', 0, 0, 0, 0, 0, 'Уникальный ИД свойства объекта в виде строки. Например для заголовка новостей ИД будет равен ygin-news-title  Префикс ygin зарезервирован для системных свойств, вместо него необходимо использовать название проекта или компании.', 1),
('21', '75', 7, 3, NULL, 'Объект', 'id_object', '20', NULL, 1, '', 0, 1, 0, 0, 0, NULL, 1),
('21', '76', 7, 1, 'backend.backend.objectParameter.typeObjectParameterWidget.TypeObjectParameterWidget', 'Тип свойства', 'id_parameter_type', '22', '2', 1, '', 0, 0, 0, 0, 0, '', 1),
('21', '77', 13, 4, NULL, '&nbsp;', 'sequence', NULL, '1', 1, NULL, 0, NULL, 0, 0, 0, NULL, 1),
('21', '78', 2, 7, NULL, 'Виджет', 'widget', '0', '', 0, '', 0, 0, 0, 0, 0, 'Алиас до виджета. Например ygin.widgets.textField.TextFieldWidget', 1),
('21', '79', 2, 2, NULL, 'Название', 'caption', NULL, NULL, 1, NULL, 0, 0, 1, 0, 0, 'Краткое название свойства на русском языке. Используется в заголовке столбца при отображении списка экземпляров объекта.', 1),
('21', '80', 2, 5, NULL, 'Имя поля в БД', 'field_name', '0', '', 0, '', 0, 0, 0, 0, 0, '', 1),
('21', '81', 2, 8, NULL, 'Параметр', 'add_parameter', '0', NULL, 0, NULL, 0, 0, 0, 0, 0, 'Поле хранит значения, применяемые в различных ситуациях разработчиками', 1),
('21', '82', 14, 17, NULL, 'Всплывающая подсказка', 'hint', NULL, NULL, 0, NULL, 0, 0, 1, 0, 0, 'Если заполнено, рядом с полем будет отображаться вопросик, при наведении на который всплывает подсказка', 1),
('21', '83', 2, 10, NULL, 'Значение по умолчанию', 'default_value', NULL, NULL, 0, NULL, 0, NULL, 0, 0, 0, NULL, 1),
('21', '84', 9, 11, NULL, 'Обязательное', 'not_null', NULL, '1', 0, NULL, 0, NULL, 0, 0, 0, NULL, 1),
('21', '87', 2, 9, NULL, 'SQL условие', 'sql_parameter', NULL, NULL, 0, NULL, 0, 0, 0, 0, 0, 'Дополнительное условие для выборки нужных значений. Обращение к таблице текущего объекта следует использовать синоним <<current_instance>>.', 1),
('21', 'ygin-object-parameter-visible', 9, 288, NULL, 'Видимость', 'visible', NULL, '1', 1, NULL, 0, 0, 0, 0, 0, 'Доступно ли свойство при редактировании экземпляра объекта', 1),
('22', '105', 13, 117, NULL, 'Порядок', 'sequence', NULL, '1', 1, NULL, 0, 0, 0, 0, 0, NULL, 1),
('22', '85', 11, 8, NULL, 'ИД', 'id_parameter_type', NULL, NULL, 1, NULL, 0, NULL, 0, 0, 0, NULL, 1),
('22', '86', 2, 9, NULL, 'Название типа данных', 'name', NULL, NULL, 1, NULL, 0, NULL, 0, 0, 0, NULL, 1),
('22', 'ygin-objectParameterType-sqlType', 2, 287, NULL, 'sql тип', 'sql_type', '0', NULL, 0, NULL, 0, 0, 0, 0, 0, '', 1),
('24', '122', 9, 4, NULL, 'Активен', 'active', NULL, '1', 0, NULL, 0, 0, 0, 0, 0, 'Есть ли возможность пройти авторизацию и пользоваться сервисами сайта', 1),
('24', '123', 17, 10, NULL, 'count_post', 'count_post', NULL, '0', 0, NULL, 0, NULL, 0, 0, 0, NULL, 1),
('24', '1697', 9, 0, NULL, 'Необходимо сменить пароль', 'requires_new_password', NULL, NULL, 0, NULL, 0, 0, 0, 0, 1, NULL, 1),
('24', '238', 2, 9, NULL, 'Регистрационный ИД', 'rid', NULL, NULL, 0, NULL, 0, NULL, 0, 0, 0, 'Токен в ссылке, которая приходит пользователю на почту для подтверждения регистрации. Пока это поле заполнено,пользователь не сможет авторизоваться.', 1),
('24', '239', 4, 8, NULL, 'Дата регистрации пользователя', 'create_date', NULL, NULL, 1, NULL, 0, NULL, 0, 0, 0, NULL, 1),
('24', '88', 11, 3, NULL, 'id', 'id_user', NULL, NULL, 1, NULL, 0, NULL, 0, 0, 0, NULL, 1),
('24', '89', 10, 2, 'user.backend.widgets.roles.RolesWidget', 'Роли пользователя', NULL, '2', NULL, 1, NULL, 0, 0, 0, 0, 0, NULL, 1),
('24', '90', 2, 5, NULL, 'Логин', 'name', NULL, NULL, 1, NULL, 1, NULL, 0, 0, 0, NULL, 1),
('24', '91', 2, 6, 'user.backend.widgets.userPassword.UserPasswordWidget', 'Пароль', 'user_password', '2', NULL, 0, NULL, 0, 0, 0, 0, 0, NULL, 1),
('24', '92', 2, 7, NULL, 'E-mail', 'mail', NULL, NULL, 1, NULL, 0, NULL, 0, 0, 0, NULL, 1),
('24', '93', 2, 1, NULL, 'Имя пользователя', 'full_name', NULL, NULL, 0, NULL, 0, NULL, 0, 0, 0, NULL, 1),
('25', '96', 11, 8, NULL, 'id', 'id_permission_type', NULL, NULL, 1, NULL, 0, NULL, 0, 0, 0, NULL, 1),
('25', '97', 2, 8, NULL, 'name', 'name', NULL, NULL, 1, NULL, 0, NULL, 0, 0, 0, NULL, 1),
('250', '1201', 11, 1, NULL, 'id', 'id_comment', NULL, NULL, 1, NULL, 0, 0, 0, 0, 0, NULL, 1),
('250', '1202', 7, 2, NULL, 'Объект', 'id_object', '20', NULL, 1, NULL, 0, 0, 0, 0, 0, NULL, 1),
('250', '1203', 1, 3, NULL, 'Экземпляр', 'id_instance', NULL, NULL, 1, NULL, 0, 0, 0, 0, 0, NULL, 1),
('250', '1204', 2, 4, NULL, 'Автор', 'comment_name', NULL, NULL, 0, NULL, 0, 0, 0, 0, 0, NULL, 1),
('250', '1205', 7, 5, NULL, 'Пользователь', 'id_user', '24', NULL, 0, NULL, 0, 0, 0, 0, 0, NULL, 1),
('250', '1206', 4, 7, NULL, 'Дата', 'comment_date', NULL, NULL, 1, NULL, 0, 0, 0, 0, 0, NULL, 1),
('250', '1207', 14, 6, NULL, 'Комментарий', 'comment_text', NULL, NULL, 1, NULL, 0, 0, 0, 0, 0, NULL, 1),
('250', '1208', 6, 8, NULL, 'Отмодерировано', 'moderation', 'ygin-comment-reference-status', NULL, 1, NULL, 0, 0, 0, 0, 0, '', 1),
('250', '1209', 2, 9, NULL, 'IP', 'ip', NULL, NULL, 0, NULL, 0, 0, 0, 0, 0, NULL, 1),
('250', '1210', 2, 7, NULL, 'Тема', 'comment_theme', NULL, NULL, 0, NULL, 0, 0, 0, 0, 0, NULL, 1),
('250', '1211', 12, 11, NULL, 'id_parent', 'id_parent', NULL, NULL, 0, NULL, 0, 0, 0, 0, 0, NULL, 1),
('250', '1588', 2, 195, NULL, 'Токен', 'token', NULL, NULL, 1, NULL, 0, 0, 0, 0, 0, NULL, 1),
('260', '1300', 11, 1, NULL, 'ID', 'id_banner', NULL, NULL, 1, NULL, 0, 0, 0, 0, 0, NULL, 1),
('260', '1302', 2, 3, NULL, 'Уникальное название баннера (на английском языке)', 'unique_name', NULL, NULL, 1, NULL, 0, 0, 0, 0, 0, NULL, 1),
('260', '1303', 2, 4, NULL, 'Ссылка на сайт', 'link', NULL, 'http://', 0, NULL, 0, 0, 0, 0, 0, NULL, 1),
('260', '1304', 2, 6, NULL, 'Текстовое описание', 'alt', NULL, NULL, 0, NULL, 0, 0, 0, 0, 0, NULL, 1),
('260', '1305', 8, 7, NULL, 'Файл', 'file', NULL, NULL, 1, NULL, 0, 0, 0, 0, 0, NULL, 1),
('260', '1306', 7, 8, NULL, 'Баннерное место', 'id_banner_place', '261', NULL, 1, NULL, 0, 1, 0, 0, 0, NULL, 1),
('260', '1307', 10, 9, 'banners.backend.widgets.bannerStatistic.BannerStatisticWidget', 'Статистика', NULL, '2', '', 0, 'BannerStatisticVisualElement', 0, 0, 0, 0, 0, '', 1),
('260', '1309', 9, 5, NULL, 'Видимость', 'visible', NULL, '1', 0, NULL, 0, 0, 0, 0, 0, NULL, 1),
('260', '1310', 13, 11, NULL, 'Порядок', 'sequence', NULL, NULL, 0, NULL, 0, 0, 0, 0, 0, NULL, 1),
('261', '1311', 11, 4, NULL, 'ID', 'id_banner_place', NULL, NULL, 1, NULL, 0, 0, 0, 0, 0, NULL, 1),
('261', '1312', 2, 1, NULL, 'Название', 'title', NULL, NULL, 1, NULL, 0, 0, 0, 0, 0, NULL, 1),
('261', '1313', 6, 5, NULL, 'Тип показа баннеров', 'showing', '50', '3', 1, NULL, 0, 0, 0, 0, 0, NULL, 1),
('261', '1314', 1, 6, NULL, 'id_instance', 'id_instance', NULL, NULL, 1, NULL, 0, 0, 0, 0, 0, NULL, 1),
('261', '1315', 1, 7, NULL, 'id_object', 'id_object', NULL, NULL, 1, NULL, 0, 0, 0, 0, 0, NULL, 1),
('261', '1317', 12, 9, NULL, 'Родительский ключ', 'id_parent', NULL, NULL, 0, NULL, 0, 0, 0, 0, 0, NULL, 1),
('261', '1318', 13, 10, NULL, 'Порядок', 'sequence', NULL, NULL, 0, NULL, 0, 0, 0, 0, 0, NULL, 1),
('261', '1320', 1, 3, NULL, 'Высота', 'height', NULL, NULL, 0, NULL, 0, 0, 0, 0, 0, NULL, 1),
('261', '1321', 1, 2, NULL, 'Ширина', 'width', NULL, NULL, 0, NULL, 0, 0, 0, 0, 0, NULL, 1),
('27', '109', 11, 8, 'backend.backend.objectParameter.autoPrimaryKey.AutoPrimaryKeyWidget', 'id', 'id_reference', '1', NULL, 1, 'name;-; reference', 0, 0, 0, 0, 0, 'Уникальный ИД справочника. Например ygin-shop-reference-orderStatus  Префикс ygin зарезервирован для системных справочников, вместо него необходимо использовать название проекта или компании.', 1),
('27', '110', 2, 8, NULL, 'Название справочника', 'name', NULL, NULL, 1, NULL, 0, NULL, 0, 0, 0, NULL, 1),
('28', '111', 11, 1, 'backend.backend.objectParameter.autoPrimaryKey.AutoPrimaryKeyWidget', 'id', 'id_reference_element_instance', '1', NULL, 1, 'value; id_reference', 0, 0, 0, 0, 0, 'Уникальный ИД элемента справочника. Например ygin-shop-reference-orderStatus-new  Префикс ygin зарезервирован для системных справочников, вместо него необходимо использовать название проекта или компании.', 1),
('28', '112', 7, 2, NULL, 'Справочник', 'id_reference', '27', NULL, 1, NULL, 0, 1, 0, 0, 0, NULL, 1),
('28', '113', 1, 3, NULL, 'Значение элемента', 'id_reference_element', NULL, '1', 1, NULL, 0, NULL, 0, 0, 0, 'Идентификатор текущего значения справочника', 1),
('28', '114', 2, 4, NULL, 'Описание значения', 'value', NULL, NULL, 1, NULL, 0, NULL, 0, 0, 0, 'Описывает текущее значение справочника и, как правило, отображается в списке', 1),
('28', '115', 2, 5, NULL, 'Картинка для значения', 'image_element', NULL, NULL, 0, NULL, 0, NULL, 0, 0, 0, NULL, 1),
('29', '48', 11, 8, NULL, 'id', 'id_group_system_parameter', NULL, NULL, 1, NULL, 0, NULL, 0, 0, 0, NULL, 1),
('29', '49', 2, 9, NULL, 'Название', 'name', NULL, NULL, 1, NULL, 0, NULL, 0, 0, 0, NULL, 1),
('30', '116', 11, 8, 'backend.backend.objectParameter.autoPrimaryKey.AutoPrimaryKeyWidget', 'id', 'id_system_parameter', '1', NULL, 1, 'name;-;parameter', 0, 0, 0, 0, 0, 'Уникальный ИД системного параметра. Например ygin-parameter-phone   Префикс ygin зарезервирован для системных параметров, вместо него необходимо использовать название проекта или компании.', 1),
('30', '117', 7, 8, NULL, 'Группа параметров', 'id_group_system_parameter', '29', NULL, 1, NULL, 0, 1, 0, 0, 0, NULL, 1),
('30', '118', 2, 9, NULL, 'Имя для разработчика', 'name', NULL, NULL, 1, NULL, 0, NULL, 0, 0, 0, NULL, 1),
('30', '119', 2, 10, NULL, 'Значение параметра', 'value', NULL, NULL, 0, NULL, 0, NULL, 0, 0, 0, NULL, 1),
('30', '120', 2, 12, NULL, 'Описание', 'note', NULL, NULL, 0, NULL, 0, NULL, 0, 0, 0, NULL, 1),
('30', '125', 14, 280, NULL, 'Значение для больших текстовых данных (longtext)', 'long_text_value', NULL, NULL, 0, NULL, 0, 0, 0, 0, 1, NULL, 1),
('30', '600', 7, 12, NULL, 'Тип\r\nданных', 'id_parameter_type', '22', '2', 0, NULL, 0, NULL, 0, 0, 0, NULL, 1),
('31', '281', 11, 1, NULL, 'id', 'id_domain', NULL, NULL, 1, NULL, 0, 0, 0, 0, 0, NULL, 1),
('31', '282', 2, 6, NULL, 'Путь к содержимому домена', 'domain_path', NULL, NULL, 0, NULL, 0, 0, 0, 0, 0, 'Заполняется для многодоменных сайтов.\r\nВсе загружаемые файлы для домена будут попадать относительно заданной директории.\r\nНапример, если для новостей указан путь к данным как "content/news", а в данном свойстве указано "my_domain", то файлы будут загружаться по такому пути: "/my_domain/content/news/1/sample.jpg". При этом в формируемых ссылках папка my_domain не включается.', 1),
('31', '283', 2, 2, NULL, 'Доменное имя', 'name', NULL, NULL, 1, NULL, 0, 0, 0, 0, 0, NULL, 1),
('31', '284', 2, 4, NULL, 'Описание', 'description', NULL, NULL, 0, NULL, 0, 0, 0, 0, 0, NULL, 1),
('31', '285', 2, 7, NULL, 'Путь к данным по http', 'path2data_http', NULL, NULL, 0, NULL, 0, 0, 0, 0, 0, 'Заполняется для многодоменных сайтов.\r\nДополнительный путь, автоматически приписываемый ко всем загружаемым файлам домена при использовании метода getPath() у класса Files.', 1),
('31', '286', 10, 8, 'backend.backend.domain.DomainLocalizationVisualElement', 'Доступные локализации', NULL, '2', '', 0, 'DomainLocalizationVisualElement', 0, 0, 0, 0, 0, '', 1),
('31', '287', 1, 5, NULL, 'ID страницы по умолчанию', 'id_default_page', NULL, NULL, 0, NULL, 0, 0, 0, 0, 0, NULL, 1),
('31', '289', 14, 10, NULL, 'Настройки', 'settings', NULL, NULL, 0, NULL, 0, 0, 0, 0, 0, NULL, 1),
('31', '303', 2, 11, NULL, 'Ключевые слова', 'keywords', NULL, NULL, 0, NULL, 0, 0, 1, 0, 0, 'Ключевые слова подставляются в мета-тег keywords в случае отсутствия такового у раздела меню.', 1),
('31', '304', 9, 3, NULL, 'Активен', 'active', NULL, '1', 0, NULL, 0, 0, 0, 0, 0, NULL, 1),
('31', '638', 8, 12, NULL, 'Картинка для сохранения в закладках', 'image_src', '1', NULL, 0, NULL, 0, 0, 0, 0, 1, NULL, 1),
('33', '250', 11, 8, NULL, 'id', 'id_event_format', NULL, NULL, 1, NULL, 0, NULL, 0, 0, 0, NULL, 1),
('33', '31', 2, 8, NULL, 'Описание', 'description', NULL, NULL, 1, NULL, 0, NULL, 0, 0, 0, NULL, 1),
('33', '32', 6, 9, NULL, 'Расположение', 'place', '2', NULL, 1, NULL, 0, NULL, 0, 0, 0, NULL, 1),
('33', '33', 2, 10, NULL, 'Имя файла во вложении', 'file_name', NULL, NULL, 0, NULL, 0, NULL, 0, 0, 0, NULL, 1),
('33', '34', 2, 11, NULL, 'Сокращённое название (для разработчика)', 'name', NULL, NULL, 1, NULL, 0, NULL, 0, 0, 0, NULL, 1),
('34', '37', 7, 2, NULL, 'Тип события', 'id_event_type', '35', NULL, 1, NULL, 0, NULL, 0, 0, 0, NULL, 1),
('34', '38', 7, 4, NULL, 'Пользователь', 'id_user', '24', NULL, 0, NULL, 0, NULL, 0, 0, 0, NULL, 1),
('34', '40', 7, 9, NULL, 'Формат сообщения', 'format', '33', NULL, 1, NULL, 0, 0, 0, 0, 0, NULL, 1),
('34', '41', 9, 8, NULL, 'Архивировать ли вложение', 'archive_attach', NULL, NULL, 1, NULL, 0, NULL, 0, 0, 0, NULL, 1),
('34', '42', 2, 6, NULL, 'E-mail адрес', 'email', NULL, NULL, 0, NULL, 0, NULL, 0, 0, 0, NULL, 1),
('34', '43', 11, 3, NULL, 'id', 'id_event_subscriber', NULL, NULL, 1, NULL, 0, NULL, 0, 0, 0, NULL, 1),
('34', '44', 2, 7, NULL, 'Имя подписчика', 'name', NULL, NULL, 0, NULL, 0, 0, 0, 0, 0, NULL, 1),
('35', '245', 7, 9, NULL, 'Объект для работы', 'id_object', '20', NULL, 0, '', 0, NULL, 0, 0, 0, NULL, 1),
('35', '246', 4, 10, NULL, 'Дата последей обработки', 'last_time', NULL, NULL, 0, NULL, 0, NULL, 0, 0, 0, NULL, 1),
('35', '248', 2, 13, NULL, 'SQL получающая экемпляры ("AS id_instance")', 'sql_condition', NULL, NULL, 0, NULL, 0, NULL, 0, 0, 0, NULL, 1),
('35', '249', 2, 14, NULL, 'SQL выражение, срабатывающее после обработки экземпляра (<<id_instance>>)', 'condition_done', NULL, NULL, 0, NULL, 0, NULL, 0, 0, 0, NULL, 1),
('35', '252', 1, 16, NULL, 'Интервал времени, через которое будет проходить обработка события', 'interval_value', NULL, '90', 0, NULL, 0, 0, 0, 0, 0, NULL, 1),
('35', '266', 7, 8, NULL, 'Используемый почтовый аккаунт', 'id_mail_account', '50', NULL, 1, NULL, 0, NULL, 0, 0, 0, NULL, 1),
('35', '50', 11, 8, NULL, 'id', 'id_event_type', NULL, NULL, 1, NULL, 0, NULL, 0, 0, 0, NULL, 1),
('35', '51', 2, 8, NULL, 'Название', 'name', NULL, NULL, 1, NULL, 0, NULL, 0, 0, 0, NULL, 1),
('37', '128', 9, 112, NULL, 'Статус создания превью-файла', 'status_process', NULL, '0', 0, NULL, 0, 0, 0, 0, 0, NULL, 1),
('37', '134', 11, 8, NULL, 'id', 'id_file', NULL, NULL, 1, NULL, 0, NULL, 0, 0, 0, NULL, 1),
('37', '135', 2, 8, NULL, 'Путь к файлу', 'file_path', NULL, NULL, 1, NULL, 0, NULL, 0, 0, 0, NULL, 1),
('37', '136', 7, 9, NULL, 'Тип файла', 'id_file_type', '39', NULL, 0, NULL, 0, NULL, 0, 0, 0, NULL, 1),
('37', '137', 1, 10, NULL, 'Количество загрузок', 'count', NULL, NULL, 0, NULL, 0, NULL, 0, 0, 0, NULL, 1),
('37', '138', 7, 11, NULL, 'Объект', 'id_object', '20', NULL, 0, '', 0, NULL, 0, 0, 0, NULL, 1),
('37', '139', 1, 12, NULL, 'ИД экземпляра', 'id_instance', NULL, NULL, 0, NULL, 0, NULL, 0, 0, 0, NULL, 1),
('37', '230', 7, 17, NULL, 'Свойство объекта', 'id_parameter', '21', NULL, 0, NULL, 0, NULL, 0, 0, 0, NULL, 1),
('37', '231', 7, 51, NULL, 'Пользовательское свойство', 'id_property', '41', NULL, 0, NULL, 0, NULL, 0, 0, 0, NULL, 1),
('37', '232', 4, 22, NULL, 'Дата создания файла', 'create_date', NULL, NULL, 0, NULL, 0, NULL, 0, 0, 0, NULL, 1),
('37', '508', 2, 27, NULL, 'Временный ИД', 'id_tmp', NULL, NULL, 0, NULL, 0, 0, 0, 0, 0, NULL, 1),
('37', '509', 7, 27, NULL, 'Родительский файл', 'id_parent_file', '37', NULL, 0, NULL, 0, NULL, 0, 0, 0, NULL, 1),
('39', '129', 11, 8, NULL, 'id', 'id_file_type', NULL, NULL, 1, NULL, 0, NULL, 0, 0, 0, NULL, 1),
('39', '130', 2, 8, NULL, 'Название', 'name', NULL, NULL, 1, NULL, 0, 0, 1, 0, 0, NULL, 1),
('40', '131', 11, 8, NULL, 'id', 'id_file_extension', NULL, NULL, 1, NULL, 0, NULL, 0, 0, 0, NULL, 1),
('40', '132', 2, 8, NULL, 'Расширение', 'ext', NULL, NULL, 1, NULL, 0, NULL, 0, 0, 0, NULL, 1),
('40', '133', 7, 8, NULL, 'Тип файла', 'id_file_type', '39', NULL, 1, NULL, 0, NULL, 0, 0, 0, NULL, 1),
('41', '290', 11, 8, NULL, 'ID_PROPERTY', 'ID_PROPERTY', NULL, NULL, 1, NULL, 0, NULL, 0, 0, 0, NULL, 1),
('41', '292', 9, 9, NULL, 'Обязательно для заполнения', 'IS_NECESSARILY', NULL, '1', 1, NULL, 0, NULL, 0, 0, 0, NULL, 1),
('41', '293', 7, 10, NULL, 'Значение из справочника', 'ID_REFERENCE', '27', NULL, 0, NULL, 0, NULL, 0, 0, 0, NULL, 1),
('41', '294', 7, 11, NULL, 'Тип свойства', 'ID_PROPERTY_TYPE', '22', NULL, 1, 'id_parameter_type IN (1,2,3,4,6,7,8,9,14,17)', 0, NULL, 0, 0, 0, NULL, 1),
('41', '295', 7, 12, NULL, 'Объект', 'ID_OBJECT', '20', NULL, 1, '', 0, 0, 0, 0, 0, NULL, 1),
('41', '296', 2, 12, NULL, 'Значение по умолчанию', 'DEFAULT_VALUE', NULL, NULL, 0, NULL, 0, NULL, 0, 0, 0, NULL, 1),
('41', '297', 7, 13, NULL, 'Значение берется из объекта', 'ID_SELECTOR_OBJECT', '20', NULL, 0, '', 0, NULL, 0, 0, 0, NULL, 1),
('41', '298', 2, 8, NULL, 'Описание', 'caption', NULL, NULL, 1, NULL, 0, NULL, 0, 0, 0, NULL, 1),
('41', '299', 2, 8, NULL, 'Имя свойства', 'NAME', NULL, NULL, 1, NULL, 0, NULL, 0, 0, 0, NULL, 1),
('49', '253', 11, 8, NULL, 'id', 'id_event', NULL, NULL, 1, NULL, 0, NULL, 0, 0, 0, NULL, 1),
('49', '254', 7, 8, NULL, 'Тип события', 'id_event_type', '35', NULL, 1, NULL, 0, NULL, 0, 0, 0, NULL, 1),
('49', '255', 1, 10, NULL, 'ИД экземпляра', 'id_instance', NULL, NULL, 0, NULL, 0, NULL, 0, 0, 0, NULL, 1),
('49', '256', 4, 11, NULL, 'Дата создания события', 'event_create', NULL, NULL, 1, NULL, 0, NULL, 0, 0, 0, NULL, 1),
('49', '257', 14, 16, NULL, 'Содержимое', 'event_message', NULL, NULL, 0, NULL, 0, NULL, 0, 0, 0, NULL, 1),
('50', '258', 11, 8, NULL, 'id', 'id_mail_account', NULL, NULL, 1, NULL, 0, NULL, 0, 0, 0, NULL, 1),
('50', '259', 2, 8, NULL, 'E-mail для поля "От"', 'email_from', NULL, NULL, 0, NULL, 0, NULL, 0, 0, 0, NULL, 1),
('50', '260', 2, 8, NULL, 'Имя отправителя', 'from_name', NULL, NULL, 0, NULL, 0, NULL, 0, 0, 0, NULL, 1),
('50', '261', 2, 10, NULL, 'Тема по умолчанию', 'default_subject', NULL, NULL, 0, NULL, 0, NULL, 0, 0, 0, NULL, 1),
('50', '262', 2, 12, NULL, 'HOST', 'host', NULL, NULL, 1, NULL, 0, NULL, 0, 0, 0, NULL, 1),
('50', '263', 2, 14, NULL, 'Имя пользователя для авторизации', 'user_name', NULL, NULL, 0, NULL, 0, NULL, 0, 0, 0, NULL, 1),
('50', '264', 9, 13, NULL, 'Требуется ли авторизация', 'smtp_auth', NULL, '1', 1, NULL, 0, NULL, 0, 0, 0, NULL, 1),
('50', '265', 2, 15, NULL, 'Пароль для авторизации', 'user_password', NULL, NULL, 0, NULL, 0, NULL, 0, 0, 0, NULL, 1),
('500', '1500', 11, 1, NULL, 'ID', 'id_photogallery', NULL, NULL, 1, NULL, 0, 0, 0, 0, 0, NULL, 1),
('500', '1501', 2, 2, NULL, 'Название', 'name', NULL, NULL, 1, NULL, 0, 0, 1, 0, 0, NULL, 1),
('500', '1503', 3, 5, NULL, 'Текст в галерее', 'text_in_gallery', NULL, NULL, 0, NULL, 0, 0, 1, 0, 0, NULL, 1),
('500', '1504', 13, 7, NULL, 'п/п', 'sequence', NULL, NULL, 0, NULL, 0, 0, 0, 0, 0, NULL, 1),
('500', '1505', 12, 6, NULL, 'Родительский раздел', 'id_parent', NULL, NULL, 0, NULL, 0, 0, 0, 0, 0, NULL, 1),
('501', '1507', 11, 1, NULL, 'ID', 'id_photogallery_photo', NULL, NULL, 1, NULL, 0, 0, 0, 0, 0, NULL, 1),
('501', '1508', 2, 4, NULL, 'Название', 'name_ru', NULL, NULL, 0, NULL, 0, 0, 1, 0, 0, '', 1),
('501', '1509', 1, 3, NULL, 'Экземпляр-фотогалерея', 'id_photogallery_instance', '411', NULL, 1, NULL, 0, 1, 0, 0, 0, 'Экземпляр объекта, являющийся галереей фотографий', 1),
('501', '1510', 8, 6, NULL, 'Файл', 'file', NULL, NULL, 1, NULL, 0, 0, 0, 0, 0, NULL, 1),
('501', '1511', 13, 7, NULL, 'п/п', 'sequence', NULL, NULL, 0, NULL, 0, 0, 0, 0, 0, NULL, 1),
('501', '1512', 1, 2, NULL, 'Объект', 'id_photogallery_object', '20', NULL, 1, NULL, 0, 0, 0, 0, 0, 'Объект системы, экземпляр которого является фотогалереей', 1),
('501', '501-name-en', 2, 5, NULL, 'Название (по английски)', 'name_en', NULL, NULL, 0, NULL, 0, 0, 0, 0, 0, '', 1),
('501', '501-visible', 9, 345, NULL, 'Видимость', 'visible', NULL, '1', 1, NULL, 0, 0, 0, 0, 0, '', 1),
('502', '1513', 14, 8, NULL, 'Краткое содержание', 'short_ru', NULL, NULL, 0, NULL, 0, 0, 0, 1, 0, '', 1),
('502', '1514', 7, 6, NULL, 'Категория', 'id_news_category', '503', NULL, 0, NULL, 0, 0, 0, 0, 0, NULL, 1),
('502', '1515', 3, 11, NULL, 'Содержание', 'content_ru', NULL, NULL, 1, NULL, 0, 0, 0, 1, 0, '', 1),
('502', '1516', 4, 5, NULL, 'Дата', 'date', NULL, NULL, 1, NULL, 0, 0, 0, 0, 0, NULL, 1),
('502', '1517', 2, 2, NULL, 'Заголовок', 'title_ru', NULL, NULL, 1, NULL, 0, 0, 0, 1, 0, '', 1),
('502', '1518', 11, 1, NULL, 'ID', 'id_news', NULL, NULL, 1, NULL, 0, 0, 0, 0, 0, NULL, 1),
('502', '1519', 8, 7, NULL, 'Картинка', 'photo', '1', NULL, 0, NULL, 0, 0, 0, 0, 0, 'Позволяет прикреплять иллюстрацию к новости', 1),
('502', '1520', 9, 4, NULL, 'Видимость', 'is_visible', NULL, '1', 0, NULL, 0, 0, 0, 0, 0, NULL, 1),
('502', '1577', 15, 10, NULL, 'Загрузить файлы', NULL, NULL, NULL, 0, NULL, 0, 0, 0, 0, 0, NULL, 1),
('502', '502-content-en', 3, 344, NULL, 'Cодержание (по английски)', 'content_en', NULL, NULL, 0, NULL, 0, 0, 0, 0, 0, '', 1),
('502', '502-meta-description', 14, 394, NULL, 'Описание <meta name="description">', 'meta_description', NULL, NULL, 0, NULL, 0, 0, 0, 0, 1, '', 1),
('502', '502-meta-keywords', 14, 393, NULL, 'Ключевые слова <meta name="keywords">', 'meta_keywords', NULL, NULL, 0, NULL, 0, 0, 0, 0, 1, '', 1),
('502', '502-page-title', 2, 392, NULL, 'Заголовок <title>', 'page_title', NULL, NULL, 0, NULL, 0, 0, 0, 0, 1, '', 1),
('502', '502-short-en', 14, 9, NULL, 'Кратное содержание (по английски)', 'short_en', NULL, NULL, 0, NULL, 0, 0, 0, 0, 0, '', 1),
('502', '502-title-en', 2, 3, NULL, 'Заголовок (по английски)', 'title_en', NULL, NULL, 0, NULL, 0, 0, 0, 0, 0, '', 1),
('503', '1521', 11, 52, NULL, 'id', 'id_news_category', NULL, NULL, 1, NULL, 0, 0, 0, 0, 0, NULL, 1),
('503', '1522', 2, 53, NULL, 'Название', 'name', NULL, NULL, 1, NULL, 0, 0, 0, 1, 0, NULL, 1),
('503', '1523', 13, 54, NULL, 'п/п', 'seq', NULL, NULL, 0, NULL, 0, 0, 0, 0, 0, NULL, 1),
('503', '1524', 9, 149, NULL, 'Видимость', 'is_visible', NULL, '1', 0, NULL, 0, 0, 0, 0, 0, NULL, 1),
('505', '1525', 11, 1, NULL, 'id', 'id_consultation_ask', NULL, NULL, 1, NULL, 0, 0, 0, 0, 0, NULL, 1),
('505', '1526', 2, 2, NULL, 'ФИО спрашивающего', 'user_fio', NULL, NULL, 1, NULL, 0, 0, 0, 0, 0, NULL, 1),
('505', '1527', 2, 3, NULL, 'E-mail спрашивающего', 'email', NULL, NULL, 0, NULL, 0, 0, 0, 0, 0, NULL, 1),
('505', '1528', 14, 4, NULL, 'Вопрос', 'ask', NULL, NULL, 1, NULL, 0, 0, 0, 1, 0, NULL, 1),
('505', '1529', 10, 5, 'project/plugin/consultation/ConsultationSpecializationVisualElement.php', 'Специализация вопроса', NULL, '2', NULL, 0, 'ConsultationSpecializationVisualElement', 0, 0, 0, 0, 0, NULL, 1),
('505', '1530', 4, 6, NULL, 'Дата вопроса', 'ask_date', NULL, NULL, 1, NULL, 0, 0, 0, 0, 0, NULL, 1),
('505', '1531', 2, 7, NULL, 'IP спрашивающего', 'ip', NULL, NULL, 0, NULL, 0, 0, 0, 0, 0, NULL, 1),
('505', '1532', 9, 147, NULL, 'Видимость', 'is_visible', NULL, '1', 0, NULL, 0, 0, 0, 0, 0, NULL, 1),
('505', '1587', 8, 0, NULL, 'Приложение', 'attachment', NULL, NULL, 0, NULL, 0, 0, 0, 0, 0, NULL, 1),
('506', '1533', 11, 1, NULL, 'id', 'id_consultation_answer', NULL, NULL, 1, NULL, 0, 0, 0, 0, 0, NULL, 1),
('506', '1534', 7, 2, NULL, 'Отвечающий', 'id_consultation_answerer', '507', NULL, 1, NULL, 0, 0, 0, 0, 0, NULL, 1),
('506', '1535', 2, 3, NULL, 'Отвечающий (ручной ввод)', 'answerer', NULL, NULL, 0, NULL, 0, 0, 0, 1, 0, NULL, 1),
('506', '1536', 4, 4, NULL, 'Дата ответа', 'answer_date', NULL, NULL, 1, NULL, 0, 0, 0, 0, 0, NULL, 1),
('506', '1537', 7, 5, NULL, 'На вопрос', 'id_consultation_ask', '505', NULL, 1, NULL, 0, 1, 0, 0, 0, 'Указываем вопрос, на который даётся ответ', 1),
('506', '1538', 3, 6, NULL, 'Ответ', 'answer', NULL, NULL, 1, NULL, 0, 0, 0, 1, 0, NULL, 1),
('506', '1539', 2, 7, NULL, 'IP отвечающего', 'ip', NULL, NULL, 0, NULL, 0, 0, 0, 0, 0, NULL, 1),
('507', '1540', 10, 6, 'project/plugin/consultation/AnswererSpecializationVisualElement.php', 'Специализация', NULL, '2', NULL, 0, 'AnswererSpecializationVisualElement', 0, 0, 0, 0, 0, NULL, 1),
('507', '1541', 3, 9, NULL, 'Полное описание', 'full_info', NULL, NULL, 0, NULL, 0, 0, 0, 0, 0, NULL, 1),
('507', '1542', 3, 8, NULL, 'Краткое описание', 'short_info', NULL, NULL, 0, NULL, 0, 0, 0, 1, 0, NULL, 1),
('507', '1543', 2, 4, NULL, 'Подпись после ФИО', 'caption_after', NULL, NULL, 0, NULL, 0, 0, 0, 0, 0, NULL, 1),
('507', '1544', 8, 7, NULL, 'Фото', 'photo', '1', NULL, 0, NULL, 0, 0, 0, 0, 0, NULL, 1),
('507', '1545', 2, 2, NULL, 'Подпись перед ФИО', 'caption_before', NULL, NULL, 0, NULL, 0, 0, 0, 0, 0, NULL, 1),
('507', '1546', 2, 5, NULL, 'e-mail', 'email', NULL, NULL, 0, NULL, 0, 0, 0, 0, 0, NULL, 1),
('507', '1547', 2, 3, NULL, 'ФИО отвечающего', 'name', NULL, NULL, 1, NULL, 0, 0, 0, 1, 0, NULL, 1),
('507', '1548', 11, 1, NULL, 'id', 'id_consultation_answerer', NULL, NULL, 1, NULL, 0, 0, 0, 0, 0, NULL, 1),
('508', '1549', 14, 81, NULL, 'Описание', 'description', NULL, NULL, 0, NULL, 0, 0, 0, 0, 0, NULL, 1),
('508', '1550', 11, 79, NULL, 'id', 'id_consultation_specialization', NULL, NULL, 1, NULL, 0, 0, 0, 0, 0, NULL, 1),
('508', '1551', 2, 80, NULL, 'Специализация', 'specialization', NULL, NULL, 1, NULL, 0, 0, 0, 1, 0, NULL, 1),
('509', '1552', 11, 2, NULL, 'id', 'id_product_category', NULL, NULL, 1, NULL, 0, 0, 0, 0, 0, NULL, 1),
('509', '1553', 2, 3, NULL, 'Название', 'name', NULL, NULL, 1, NULL, 0, 0, 0, 1, 0, NULL, 1),
('509', '1554', 12, 5, NULL, 'Родитель', 'id_parent', '1', NULL, 0, NULL, 0, 0, 0, 0, 0, NULL, 1),
('509', '1555', 8, 6, NULL, 'Изображение', 'image', '1', NULL, 0, NULL, 0, 0, 0, 0, 1, 'Изображение категории каталога', 1),
('509', '1557', 1, 7, NULL, 'Наценка', 'price_markup', NULL, '0', 1, NULL, 0, 0, 0, 0, 0, 'Наценка на оптовую цену перед выводом на сайт', 1),
('509', '1636', 13, 1, NULL, 'п/п', 'sequence', NULL, NULL, 0, NULL, 0, 0, 0, 0, 0, NULL, 1),
('509', '1637', 9, 4, NULL, 'Видимость', 'visible', NULL, '1', 0, NULL, 0, 0, 0, 0, 0, NULL, 1),
('51', '267', 11, 1, 'backend.backend.objectParameter.autoPrimaryKey.AutoPrimaryKeyWidget', 'id', 'id_job', '1', NULL, 1, 'name;-;job', 0, 0, 0, 0, 0, 'Уникальный ИД задачи планировщика. Например для отправки уведомлений это будет ygin-job-sendMail   Префикс ygin зарезервирован для системных задач, вместо него необходимо использовать название проекта или компании.', 1),
('51', '268', 1, 4, NULL, 'Интервал запуска задачи (в секундах)', 'interval_value', NULL, NULL, 1, NULL, 0, NULL, 0, 0, 0, NULL, 1),
('51', '269', 1, 5, NULL, 'Интервал запуска задачи в случае ошибки (в секундах)', 'error_repeat_interval', NULL, NULL, 1, NULL, 0, NULL, 0, 0, 0, NULL, 1),
('51', '270', 4, 6, NULL, 'Дата первого запуска', 'first_start_date', NULL, NULL, 0, NULL, 0, NULL, 0, 0, 1, NULL, 1),
('51', '271', 4, 7, NULL, 'Дата последнего запуска', 'last_start_date', NULL, NULL, 0, NULL, 0, 0, 0, 0, 0, NULL, 1),
('51', '272', 4, 8, NULL, 'Дата следущего запуска', 'next_start_date', NULL, NULL, 0, NULL, 0, 0, 0, 0, 0, NULL, 1),
('51', '273', 1, 9, NULL, 'Количество ошибок', 'failures', NULL, '0', 1, NULL, 0, NULL, 0, 0, 0, NULL, 1),
('51', '274', 2, 2, NULL, 'Имя задачи', 'name', NULL, NULL, 1, NULL, 0, NULL, 0, 0, 0, NULL, 1),
('51', '276', 2, 10, NULL, 'Имя класса задачи', 'class_name', NULL, NULL, 1, NULL, 0, 0, 0, 0, 0, NULL, 1),
('51', '291', 9, 3, NULL, 'Вкл.', 'active', NULL, '1', 0, NULL, 0, 0, 0, 0, 0, NULL, 1),
('51', '300', 1, 11, NULL, 'Приоритет запуска', 'priority', NULL, '0', 1, NULL, 0, 0, 0, 0, 1, NULL, 1),
('51', '301', 4, 12, NULL, 'Дата запуска текущего потока', 'start_date', NULL, NULL, 0, NULL, 0, 0, 0, 0, 1, NULL, 1),
('51', '302', 1, 13, NULL, 'Максимальное число секунд выполнения задачи', 'max_second_process', NULL, NULL, 0, NULL, 0, 0, 0, 0, 1, 'NULL или 0 - без ограничений', 1),
('511', '1564', 11, 1, NULL, 'id', 'id_product', NULL, NULL, 1, NULL, 0, 0, 0, 0, 0, NULL, 1),
('511', '1565', 7, 2, NULL, 'Каталог продукции', 'id_product_category', '509', NULL, 1, NULL, 0, 1, 0, 0, 0, NULL, 1),
('511', '1566', 2, 3, NULL, 'Артикул', 'code', NULL, NULL, 0, NULL, 0, 0, 0, 1, 0, 'Артикул, внутренний код и т.п.', 1),
('511', '1567', 2, 4, NULL, 'Название', 'name', NULL, NULL, 1, NULL, 0, 0, 0, 1, 0, NULL, 1),
('511', '1568', 1, 7, NULL, 'Оптовая цена', 'trade_price', NULL, NULL, 1, NULL, 0, 0, 0, 0, 0, NULL, 1),
('511', '1569', 1, 8, NULL, 'Мал. оптовая цена', 'sm_trade_price', NULL, NULL, 1, NULL, 0, 0, 0, 0, 0, NULL, 1),
('511', '1570', 1, 9, NULL, 'Розничная цена', 'retail_price', NULL, NULL, 1, NULL, 0, 0, 0, 0, 0, NULL, 1),
('511', '1571', 2, 10, NULL, 'Единица измерения', 'unit', NULL, NULL, 0, NULL, 0, 0, 0, 0, 0, NULL, 1),
('511', '1573', 2, 11, NULL, 'Остаток', 'remain', NULL, NULL, 0, NULL, 0, 0, 0, 0, 0, NULL, 1),
('511', '1574', 14, 13, NULL, 'Описание товара', 'description', NULL, NULL, 0, NULL, 0, 0, 0, 1, 0, NULL, 1),
('511', '1576', 8, 6, NULL, 'Изображение', 'image', '1', NULL, 0, NULL, 0, 0, 0, 0, 0, NULL, 1),
('511', '1616', 9, 14, NULL, 'Удален', 'deleted', NULL, NULL, 1, NULL, 0, 0, 0, 0, 0, NULL, 1),
('511', '1617', 3, 15, NULL, 'Характеристики', 'properties', NULL, NULL, 0, NULL, 0, 0, 0, 1, 0, NULL, 1),
('511', '1619', 3, 16, NULL, 'Монтаж', 'additional_desc', NULL, NULL, 0, NULL, 0, 0, 0, 1, 0, NULL, 1),
('511', '1663', 9, 5, NULL, 'Видимость', 'visible', NULL, '1', 0, NULL, 0, 0, 0, 0, 0, NULL, 1),
('511', '1671', 7, 12, NULL, 'Брэнд', 'id_brand', '525', NULL, 0, NULL, 0, 0, 0, 0, 0, NULL, 1),
('511', '1691', 14, 0, NULL, 'Видео', 'video', NULL, NULL, 0, NULL, 0, 0, 0, 0, 1, 'HTML-код видео (напр. с сайта youtube.com)', 1),
('512', '1578', 11, 1, NULL, 'id', 'id_question', NULL, NULL, 1, NULL, 0, 0, 0, 0, 0, NULL, 1),
('512', '1579', 4, 2, NULL, 'Дата', 'ask_date', NULL, NULL, 1, NULL, 0, 0, 0, 0, 0, NULL, 1),
('512', '1580', 2, 3, NULL, 'Спрашивающий', 'name', NULL, NULL, 1, NULL, 0, 0, 0, 0, 0, NULL, 1),
('512', '1581', 14, 5, NULL, 'Вопрос', 'question', NULL, NULL, 1, NULL, 0, 0, 0, 1, 0, NULL, 1),
('512', '1582', 2, 4, NULL, 'E-mail', 'email', NULL, NULL, 0, NULL, 0, 0, 0, 0, 0, NULL, 1),
('512', '1583', 3, 7, NULL, 'Ответ', 'answer', NULL, NULL, 0, NULL, 0, 0, 0, 1, 0, NULL, 1),
('512', '1585', 9, 6, NULL, 'Видимость', 'visible', NULL, '1', 0, NULL, 0, 0, 0, 0, 0, NULL, 1),
('512', 'ygin-faq-category', 6, 0, NULL, 'Категория', 'category', 'ygin-faq-reference-categoryQuestion', '1', 1, NULL, 0, 0, 0, 0, 0, '', 1),
('512', 'ygin-faq-send', 9, 0, NULL, 'Отправить ответ на email', 'send', NULL, '0', 1, NULL, 0, 0, 0, 0, 0, '', 1),
('517', '1609', 11, 1, NULL, 'id', 'id_feedback', NULL, NULL, 1, NULL, 0, NULL, 0, 0, 0, NULL, 1),
('517', '1610', 2, 0, NULL, 'ФИО', 'fio', NULL, NULL, 1, NULL, 0, 0, 0, 0, 0, NULL, 1),
('517', '1611', 2, 0, NULL, 'Телефон', 'phone', NULL, NULL, 0, NULL, 0, 0, 0, 0, 0, NULL, 1),
('517', '1612', 2, 257, NULL, 'e-mail', 'mail', NULL, NULL, 0, NULL, 0, 0, 0, 0, 0, NULL, 1),
('517', '1613', 14, 0, NULL, 'Сообщение', 'message', NULL, NULL, 1, NULL, 0, 0, 0, 0, 0, NULL, 1),
('517', '1614', 4, 0, NULL, 'Дата сообщения', 'date', NULL, NULL, 1, NULL, 0, 0, 0, 0, 0, NULL, 1),
('517', '1615', 2, 0, NULL, 'ip', 'ip', NULL, NULL, 1, NULL, 0, 0, 0, 0, 0, NULL, 1),
('519', '1620', 11, 1, NULL, 'id', 'id_offer', NULL, NULL, 1, NULL, 0, NULL, 0, 0, 0, NULL, 1),
('519', '1621', 2, 4, NULL, 'ФИО', 'fio', NULL, NULL, 1, NULL, 0, 0, 0, 0, 0, NULL, 1),
('519', '1622', 2, 5, NULL, 'Телефон', 'phone', NULL, NULL, 0, NULL, 0, 0, 0, 0, 0, NULL, 1),
('519', '1623', 2, 6, NULL, 'e-mail', 'mail', NULL, NULL, 1, NULL, 0, 0, 0, 0, 0, NULL, 1),
('519', '1624', 14, 7, NULL, 'Пожелания', 'comment', NULL, NULL, 0, NULL, 0, 0, 0, 0, 0, NULL, 1),
('519', '1625', 14, 8, NULL, 'Заказ', 'offer_text', NULL, NULL, 1, NULL, 0, 0, 0, 0, 0, NULL, 1),
('519', '1626', 4, 2, NULL, 'Дата заказа', 'create_date', NULL, NULL, 1, NULL, 0, 0, 0, 0, 0, NULL, 1),
('519', '1627', 9, 3, NULL, 'Обработано', 'is_process', NULL, NULL, 0, NULL, 0, 0, 0, 0, 0, NULL, 1),
('519', '1628', 2, 9, NULL, 'ip', 'ip', NULL, NULL, 1, NULL, 0, 0, 0, 0, 1, NULL, 1),
('519', '1629', 9, 10, NULL, 'Отправлено ли уведомление', 'is_send', NULL, NULL, 0, NULL, 0, 0, 0, 0, 1, NULL, 1),
('519', '1665', 6, 0, NULL, 'Статус', 'status', '101', NULL, 1, NULL, 0, 0, 0, 0, 0, NULL, 1),
('519', 'ygin-offer-amount', 1, 297, NULL, 'Сумма', 'amount', NULL, NULL, 1, NULL, 0, 0, 0, 0, 0, '', 1),
('519', 'ygin-offer-id-invoice', 7, 298, NULL, 'Счет', 'id_invoice', 'ygin-invoice', NULL, 0, NULL, 0, 0, 0, 0, 0, '', 1),
('520', '1630', 11, 1, NULL, 'id', 'id_vitrine', NULL, NULL, 1, NULL, 0, 0, 0, 0, 0, NULL, 1),
('520', '1631', 2, 3, NULL, 'Ссылка на переход', 'link', NULL, NULL, 0, NULL, 0, 0, 0, 0, 0, NULL, 1),
('520', '1632', 2, 4, NULL, 'Заголовок', 'title', NULL, NULL, 0, NULL, 0, 0, 0, 0, 0, NULL, 1),
('520', '1633', 14, 5, NULL, 'Дополнительный текст', 'text', NULL, NULL, 0, NULL, 0, 0, 0, 0, 0, NULL, 1),
('520', '1634', 8, 2, NULL, 'Фото', 'image', '1', NULL, 0, NULL, 0, 0, 0, 0, 0, NULL, 1),
('520', '1635', 13, 0, NULL, 'п/п', 'sequence', NULL, NULL, 0, NULL, 0, 0, 0, 0, 0, NULL, 1),
('521', '1638', 11, 1, NULL, 'id', 'id_quiz', NULL, NULL, 1, NULL, 0, NULL, 0, 0, 0, NULL, 1),
('521', '1639', 2, 0, NULL, 'name', 'name', NULL, NULL, 1, NULL, 0, 0, 0, 0, 0, NULL, 1),
('521', '1640', 15, 0, NULL, 'Файлы', NULL, '1', NULL, 0, NULL, 0, 0, 0, 0, 0, NULL, 1),
('521', '1641', 3, 0, NULL, 'description', 'description', NULL, NULL, 0, NULL, 0, 0, 0, 0, 0, NULL, 1),
('521', '1642', 9, 0, NULL, 'active', 'active', NULL, '1', 0, NULL, 0, 0, 0, 0, 0, NULL, 1),
('522', '1643', 11, 1, NULL, 'id', 'id_quiz_question', NULL, NULL, 1, NULL, 0, NULL, 0, 0, 0, NULL, 1),
('522', '1644', 7, 269, NULL, 'Викторина', 'id_quiz', '521', NULL, 1, NULL, 0, 1, 0, 0, 0, NULL, 1),
('522', '1645', 15, 0, NULL, 'Файлы', NULL, '1', NULL, 0, NULL, 0, 0, 0, 0, 0, NULL, 1),
('522', '1646', 3, 271, NULL, 'Текст вопроса', 'question', NULL, NULL, 1, NULL, 0, 0, 0, 0, 0, NULL, 1),
('522', '1647', 6, 272, NULL, 'Тип ответов', 'type', '100', '1', 1, NULL, 0, 0, 0, 0, 0, NULL, 1),
('522', '1648', 13, 0, NULL, 'п/п', 'sequence', '521', NULL, 0, NULL, 0, 0, 0, 0, 0, NULL, 1),
('523', '1649', 11, 1, NULL, 'id', 'id_quiz_answer', NULL, NULL, 1, NULL, 0, NULL, 0, 0, 0, NULL, 1),
('523', '1650', 7, 0, NULL, 'Вопрос', 'id_quiz_question', '522', NULL, 1, NULL, 0, 1, 0, 0, 0, NULL, 1),
('523', '1651', 2, 0, NULL, 'Текст ответа', 'answer', NULL, NULL, 1, NULL, 0, 0, 0, 0, 0, NULL, 1),
('523', '1652', 9, 0, NULL, 'Правильный ли ответ', 'is_right', NULL, NULL, 0, NULL, 0, 0, 0, 0, 0, NULL, 1),
('523', '1653', 13, 0, NULL, 'п/п', 'sequence', '522', NULL, 0, NULL, 0, 0, 0, 0, 0, NULL, 1),
('524', '1654', 11, 1, NULL, 'id', 'id_quiz_answer_user', NULL, NULL, 1, NULL, 0, NULL, 0, 0, 0, NULL, 1),
('524', '1655', 7, 278, NULL, 'Викторина', 'id_quiz', '521', NULL, 1, NULL, 0, 1, 0, 0, 0, NULL, 1),
('524', '1656', 2, 279, NULL, 'ФИО', 'name', NULL, NULL, 1, NULL, 0, 0, 0, 0, 0, NULL, 1),
('524', '1657', 2, 0, NULL, 'mail', 'mail', NULL, NULL, 1, NULL, 0, 0, 0, 0, 0, NULL, 1),
('524', '1658', 2, 0, NULL, 'Читательский билет', 'library_card', NULL, NULL, 0, NULL, 0, 0, 0, 0, 0, NULL, 1),
('524', '1659', 2, 0, NULL, 'Контактная информация', 'contact', NULL, NULL, 0, NULL, 0, 0, 0, 0, 0, NULL, 1),
('524', '1660', 14, 0, NULL, 'Ответ', 'answer', NULL, NULL, 1, NULL, 0, 0, 0, 0, 0, NULL, 1),
('524', '1661', 4, 0, NULL, 'Дата', 'create_date', NULL, NULL, 1, NULL, 0, 0, 0, 0, 0, NULL, 1),
('524', '1662', 2, 0, NULL, 'ip', 'ip', NULL, NULL, 1, NULL, 0, 0, 0, 0, 0, NULL, 1),
('525', '1666', 11, 1, NULL, 'id', 'id_brand', NULL, NULL, 1, NULL, 0, 0, 0, 0, 0, NULL, 1),
('525', '1667', 2, 2, NULL, 'Название', 'name', NULL, NULL, 1, NULL, 0, 0, 0, 1, 0, NULL, 1),
('525', '1668', 12, 4, NULL, 'Родительский брэнд', 'id_parent', '1', NULL, 0, NULL, 0, 0, 0, 0, 0, NULL, 1),
('525', '1669', 8, 3, NULL, 'Логотип брэнда', 'image', '1', NULL, 0, NULL, 0, 0, 0, 0, 0, NULL, 1);
INSERT INTO `da_object_parameters` (`id_object`, `id_parameter`, `id_parameter_type`, `sequence`, `widget`, `caption`, `field_name`, `add_parameter`, `default_value`, `not_null`, `sql_parameter`, `is_unique`, `group_type`, `need_locale`, `search`, `is_additional`, `hint`, `visible`) VALUES
('525', '1670', 13, 0, NULL, 'п/п', 'sequence', '-1', NULL, 0, NULL, 0, 0, 0, 0, 0, NULL, 1),
('527', '1673', 11, 1, NULL, 'id', 'id_plugin', NULL, NULL, 1, NULL, 0, NULL, 0, 0, 0, NULL, 1),
('527', '1674', 2, 0, NULL, 'Название', 'name', NULL, NULL, 1, NULL, 0, 0, 0, 0, 0, NULL, 1),
('527', '1675', 2, 0, NULL, 'Код', 'code', NULL, NULL, 1, NULL, 0, 0, 0, 0, 0, NULL, 1),
('527', '1676', 1, 282, NULL, 'Статус', 'status', NULL, '1', 1, NULL, 0, 0, 0, 0, 0, NULL, 1),
('527', '1677', 14, 283, NULL, 'Сериализованные настройки', 'config', NULL, NULL, 0, NULL, 0, 0, 0, 0, 0, NULL, 1),
('527', '1678', 2, 0, NULL, 'Класс плагина', 'class_name', NULL, NULL, 1, NULL, 0, 0, 0, 0, 0, NULL, 1),
('527', '1681', 14, 286, NULL, 'data', 'data', NULL, NULL, 0, NULL, 0, 0, 0, 0, 0, NULL, 1),
('529', '1679', 11, 1, NULL, 'id', 'id_remain_status', NULL, NULL, 1, NULL, 0, NULL, 0, 0, 0, NULL, 1),
('529', '1680', 2, 0, NULL, 'Название', 'name', NULL, NULL, 1, NULL, 0, 0, 0, 0, 0, NULL, 1),
('529', '1682', 1, 0, NULL, 'Макс. значение по-умолчанию', 'max_value', NULL, NULL, 1, NULL, 0, 0, 0, 0, 0, NULL, 1),
('529', '1683', 1, 0, NULL, 'Мин. значение по-умолчанию', 'min_value', NULL, NULL, 1, NULL, 0, 0, 0, 0, 0, NULL, 1),
('529', '1692', 2, 0, NULL, 'Иконка', 'icon', NULL, NULL, 0, NULL, 0, 0, 0, 0, 0, NULL, 1),
('530', '1684', 11, 1, NULL, 'id', 'id_client_review', NULL, NULL, 1, NULL, 0, NULL, 0, 0, 0, NULL, 1),
('530', '1685', 2, 0, NULL, 'ФИО', 'name', NULL, NULL, 1, NULL, 0, 0, 0, 0, 0, NULL, 1),
('530', '1686', 4, 0, NULL, 'Дата', 'create_date', NULL, NULL, 1, NULL, 0, 0, 0, 0, 0, NULL, 1),
('530', '1687', 14, 0, NULL, 'Текст отзыва', 'review', NULL, NULL, 1, NULL, 0, 0, 0, 0, 0, NULL, 1),
('530', '1688', 2, 0, NULL, 'ip', 'ip', NULL, NULL, 1, NULL, 0, 0, 0, 0, 0, NULL, 1),
('530', '1689', 9, 0, NULL, 'Видимость на сайте', 'visible', NULL, NULL, 0, NULL, 0, 0, 0, 0, 0, NULL, 1),
('530', '1690', 2, 0, NULL, 'Контакты клиента', 'contact', NULL, NULL, 0, NULL, 0, 0, 0, 0, 0, NULL, 1),
('531', '1693', 11, 1, NULL, 'id', 'id_message', NULL, NULL, 1, NULL, 0, NULL, 0, 0, 0, NULL, 1),
('531', '1694', 14, 0, NULL, 'Текст', 'text', NULL, NULL, 1, NULL, 0, 0, 0, 0, 0, NULL, 1),
('531', '1695', 4, 0, NULL, 'Дата создания', 'date', NULL, NULL, 1, NULL, 0, 0, 0, 0, 0, NULL, 1),
('531', '1696', 1, 0, NULL, 'тип', 'type', NULL, '1', 1, NULL, 0, 0, 0, 0, 0, NULL, 1),
('54', '310', 11, 8, NULL, 'id', 'id_localization', NULL, NULL, 1, NULL, 0, NULL, 0, 0, 0, NULL, 1),
('54', '311', 2, 8, NULL, 'Название', 'name', NULL, NULL, 1, NULL, 0, NULL, 0, 0, 0, NULL, 1),
('54', '312', 2, 8, NULL, 'Код', 'code', NULL, NULL, 1, NULL, 0, NULL, 0, 0, 0, NULL, 1),
('54', '313', 9, 12, NULL, 'Используется ли локализация', 'is_use', NULL, '1', 1, NULL, 0, NULL, 0, 0, 0, NULL, 1),
('61', '140', 11, 9, NULL, 'id', 'id_instruction', NULL, NULL, 1, NULL, 0, NULL, 0, 0, 0, NULL, 1),
('61', '141', 2, 10, NULL, 'Название', 'name', NULL, NULL, 1, NULL, 0, NULL, 0, 0, 0, NULL, 1),
('61', '142', 3, 13, NULL, 'Описание', 'content', NULL, NULL, 1, NULL, 0, NULL, 0, 0, 0, NULL, 1),
('61', '143', 9, 12, NULL, 'Относится только к этому сайту', 'desc_type', NULL, '0', 0, NULL, 0, NULL, 0, 0, 0, NULL, 1),
('61', '144', 9, 11, NULL, 'Видимость', 'visible', NULL, '1', 0, NULL, 0, NULL, 0, 0, 0, NULL, 1),
('61', '145', 13, 8, NULL, 'п/п', 'num_seq', NULL, NULL, 0, NULL, 0, NULL, 0, 0, 0, NULL, 1),
('63', '400', 11, 2, 'backend.backend.objectParameter.autoPrimaryKey.AutoPrimaryKeyWidget', 'id', 'id_object_view', '1', NULL, 1, 'name; id_object; view', 0, 0, 0, 0, 0, 'Уникальный ИД представления объекта в виде строки. Обычно имеет имя ygin-news-view-main  Префикс ygin зарезервирован для системных представлений, вместо него необходимо использовать название проекта или компании.', 1),
('63', '401', 7, 5, NULL, 'Объект', 'id_object', '20', NULL, 1, NULL, 0, 1, 0, 0, 0, NULL, 1),
('63', '402', 2, 8, NULL, 'SELECT', 'sql_select', NULL, NULL, 0, NULL, 0, 0, 0, 0, 0, NULL, 1),
('63', '403', 2, 9, NULL, 'FROM', 'sql_from', NULL, NULL, 0, NULL, 0, 0, 0, 0, 0, NULL, 1),
('63', '404', 2, 10, NULL, 'WHERE', 'sql_where', NULL, NULL, 0, NULL, 0, NULL, 0, 0, 0, NULL, 1),
('63', '405', 2, 11, NULL, 'ORDER BY', 'sql_order_by', NULL, NULL, 0, NULL, 0, NULL, 0, 0, 0, NULL, 1),
('63', '406', 2, 1, NULL, 'Имя представления', 'name', NULL, NULL, 1, NULL, 0, 0, 0, 0, 0, NULL, 1),
('63', '407', 1, 12, NULL, 'Экземпляров на странице', 'count_data', '0', '50', 1, NULL, 0, 0, 0, 0, 0, 'Определяет количество отображаемых экземпляров объекта на одной странице', 1),
('63', '408', 13, 6, NULL, 'п/п', 'order_no', NULL, '1', 0, NULL, 0, 0, 0, 0, 0, NULL, 1),
('63', '409', 9, 7, NULL, 'Видимость', 'visible', '0', '1', 1, NULL, 0, 0, 0, 0, 0, 'Определяет видимость представления в меню системы управления. В случае отсутствия видимости, представление остаётся доступным по прямой ссылке.', 1),
('63', '410', 2, 3, NULL, 'css-класс иконки', 'icon_class', NULL, NULL, 0, NULL, 0, 0, 0, 0, 0, 'Css-класс иконки из Twitter Bootstrap, который будет отображаться в меню', 1),
('63', '411', 2, 4, NULL, 'Иерархия по полю', 'id_parent', NULL, NULL, 0, NULL, 0, 0, 0, 0, 0, 'Родительское поле для построения иерархии данных', 1),
('63', 'ygin-object-view-description', 14, 292, NULL, 'Описание представления', 'description', NULL, NULL, 0, NULL, 0, 0, 0, 0, 0, 'Данное описание будет выводится в списке экземпляров сразу после заголовка представления. Служит для подробного описания назначения объекта и представления.', 1),
('66', '415', 11, 1, 'backend.backend.objectParameter.autoPrimaryKey.AutoPrimaryKeyWidget', 'id', 'id_object_view_column', '1', NULL, 1, 'field_name/caption; id_object_view', 0, 0, 0, 0, 0, 'Уникальный ИД колонки представления. Например для заголовка новости ИД будет равен ygin-news-view-main-title    Префикс ygin зарезервирован для системных колонок, вместо него необходимо использовать название проекта или компании.', 1),
('66', '416', 7, 2, NULL, 'Представление', 'id_object_view', '63', NULL, 1, NULL, 0, 1, 0, 0, 0, NULL, 1),
('66', '417', 7, 3, NULL, 'Объект', 'id_object', '20', NULL, 1, NULL, 0, 0, 0, 0, 0, NULL, 1),
('66', '418', 2, 4, NULL, 'Заголовок', 'caption', '0', NULL, 0, NULL, 0, 0, 0, 0, 0, '', 1),
('66', '419', 13, 6, NULL, 'п/п', 'order_no', NULL, '1', 1, NULL, 0, 0, 0, 0, 0, NULL, 1),
('66', '420', 7, 7, 'backend.backend.objectParameter.selectObjectParameterWidget.SelectObjectParameterWidget', 'Свойство объекта', 'id_object_parameter', '21', NULL, 0, NULL, 0, 0, 0, 0, 0, '', 1),
('66', '421', 7, 8, NULL, 'Тип данных', 'id_data_type', '22', '2', 1, 'id_parameter_type IN (1, 2, 3, 4, 6, 7, 8, 9, 10, 14)', 0, 0, 0, 0, 0, NULL, 1),
('66', '422', 2, 9, NULL, 'Имя поля', 'field_name', NULL, NULL, 1, NULL, 0, 0, 0, 0, 0, NULL, 1),
('66', '423', 7, 10, NULL, 'Обработчик', 'handler', '80', NULL, 0, 'id_php_script_interface IN (6, 7)', 0, 0, 0, 0, 0, 'Особый зарегистрированный в системе скрипт, который будет формировать колонку', 1),
('66', '424', 9, 5, NULL, 'Видимость', 'visible', NULL, '1', 0, NULL, 0, 0, 0, 0, 0, NULL, 1),
('80', '334', 9, 4, NULL, 'Активен', 'active', NULL, '1', 1, NULL, 0, 0, 0, 0, 0, NULL, 1),
('80', '337', 7, 2, NULL, 'Интерфейс', 'id_php_script_interface', '86', '1', 1, NULL, 0, 1, 0, 0, 0, NULL, 1),
('80', '338', 11, 1, 'backend.backend.objectParameter.autoPrimaryKey.AutoPrimaryKeyWidget', 'id', 'id_php_script_type', '1', NULL, 1, 'description; -; php', 0, 0, 0, 0, 0, 'Уникальный ИД пхп обработчика. Например для модуля новостей это будет ygin-news-module-last  Префикс ygin зарезервирован для системных обработчиков, вместо него необходимо использовать название проекта или компании.', 1),
('80', '339', 2, 5, NULL, 'Алиас', 'file_path', NULL, NULL, 1, NULL, 0, 0, 0, 0, 0, '', 1),
('80', '342', 2, 3, NULL, 'Название скрипта', 'description', NULL, NULL, 1, NULL, 0, NULL, 0, 0, 0, NULL, 1),
('86', '347', 11, 1, NULL, 'id', 'id_php_script_interface', NULL, NULL, 1, NULL, 0, 0, 0, 0, 0, NULL, 1),
('86', '348', 2, 3, NULL, 'Название', 'name', NULL, NULL, 1, NULL, 0, 0, 0, 0, 0, NULL, 1),
('86', '350', 14, 4, NULL, 'Шаблон файла', 'template', NULL, NULL, 0, NULL, 0, 0, 0, 0, 0, 'Не надо открывать и закрывать php (<?php ?>), пишется только тело кода.\r\nДопускаются следующие переменные шаблона:\r\n<<class_name>> - имя класса', 1),
('86', '351', 13, 2, NULL, 'Порядок', 'sequence', NULL, '1', 0, NULL, 0, 0, 0, 0, 0, NULL, 1),
('project-bloki---ssylki-na-glavnoi', 'project-bloki---ssylki-na-glavnoi-bg-image', 8, 6, NULL, 'Картинка на фон', 'bg_image', '1', NULL, 0, NULL, 0, 0, 0, 0, 0, '', 1),
('project-bloki---ssylki-na-glavnoi', 'project-bloki---ssylki-na-glavnoi-id-app-promo-block', 11, 1, NULL, 'id', 'id_app_promo_block', NULL, NULL, 1, NULL, NULL, NULL, 0, 0, 0, NULL, 1),
('project-bloki---ssylki-na-glavnoi', 'project-bloki---ssylki-na-glavnoi-sequence', 13, 9, NULL, 'п/п', 'sequence', NULL, NULL, 0, NULL, 0, 0, 0, 0, 0, '', 1),
('project-bloki---ssylki-na-glavnoi', 'project-bloki---ssylki-na-glavnoi-state', 9, 2, NULL, 'Видимость', 'state', NULL, '1', 1, NULL, 0, 0, 0, 0, 0, '', 1),
('project-bloki---ssylki-na-glavnoi', 'project-bloki---ssylki-na-glavnoi-text-en', 14, 8, NULL, 'Текст по английски', 'text_en', NULL, NULL, 0, NULL, 0, 0, 0, 0, 0, '', 1),
('project-bloki---ssylki-na-glavnoi', 'project-bloki---ssylki-na-glavnoi-text-ru', 14, 7, NULL, 'Текст по русски', 'text_ru', NULL, NULL, 0, NULL, 0, 0, 0, 0, 0, '', 1),
('project-bloki---ssylki-na-glavnoi', 'project-bloki---ssylki-na-glavnoi-title', 2, 3, NULL, 'Заголовок по русски', 'title_ru', NULL, NULL, 0, NULL, 0, 0, 0, 0, 0, '', 1),
('project-bloki---ssylki-na-glavnoi', 'project-bloki---ssylki-na-glavnoi-title-en', 2, 4, NULL, 'Заголовок по английски', 'title_en', NULL, NULL, 0, NULL, 0, 0, 0, 0, 0, '', 1),
('project-bloki---ssylki-na-glavnoi', 'project-bloki---ssylki-na-glavnoi-url', 2, 5, NULL, 'URL ссылка', 'url', NULL, NULL, 0, NULL, 0, 0, 0, 0, 0, '', 1),
('project-bloki-kontenta', 'project-bloki-kontenta-explanation', 2, 308, NULL, 'Объяснение', 'explanation', NULL, NULL, 0, NULL, 0, 0, 0, 0, 0, '', 1),
('project-bloki-kontenta', 'project-bloki-kontenta-html-en', 3, 313, NULL, 'html контент по английски', 'html_en', NULL, NULL, 0, NULL, 0, 0, 0, 0, 0, '', 1),
('project-bloki-kontenta', 'project-bloki-kontenta-html-ru', 3, 312, NULL, 'html контент по русски', 'html_ru', NULL, NULL, 0, NULL, 0, 0, 0, 0, 0, '', 1),
('project-bloki-kontenta', 'project-bloki-kontenta-id-app-block-content', 11, 1, NULL, 'id', 'id_app_block_content', NULL, NULL, 1, NULL, NULL, NULL, 0, 0, 0, NULL, 1),
('project-bloki-kontenta', 'project-bloki-kontenta-name', 2, 307, NULL, 'Название', 'name', NULL, NULL, 1, NULL, 0, 0, 0, 0, 0, '', 1),
('project-bloki-kontenta', 'project-bloki-kontenta-state', 9, 309, NULL, 'Видимость', 'state', NULL, '0', 1, NULL, 0, 0, 0, 0, 0, '', 1),
('project-bloki-kontenta', 'project-bloki-kontenta-text-en', 14, 311, NULL, 'Обычный текст по английски', 'text_en', NULL, NULL, 0, NULL, 0, 0, 0, 0, 0, '', 1),
('project-bloki-kontenta', 'project-bloki-kontenta-text-ru', 14, 310, NULL, 'Обычный текст по русски', 'text_ru', NULL, NULL, 0, NULL, 0, 0, 0, 0, 0, '', 1),
('project-eto-interesno', 'project-eto-interesno-alias', 2, 378, NULL, 'В адресной строке', 'alias', NULL, NULL, 1, NULL, 1, 0, 0, 0, 0, '', 1),
('project-eto-interesno', 'project-eto-interesno-content-en', 3, 382, NULL, 'Содержание (по английски)', 'content_en', NULL, NULL, 0, NULL, 0, 0, 0, 0, 0, '', 1),
('project-eto-interesno', 'project-eto-interesno-content-ru', 3, 381, NULL, 'Содержание', 'content_ru', NULL, NULL, 1, NULL, 0, 0, 0, 0, 0, '', 1),
('project-eto-interesno', 'project-eto-interesno-content-short-en', 14, 380, NULL, 'Кратное содержание (по английски)', 'content_short_en', NULL, NULL, 0, NULL, 0, 0, 0, 0, 0, '', 1),
('project-eto-interesno', 'project-eto-interesno-content-short-ru', 14, 379, NULL, 'Краткое содержание', 'content_short_ru', NULL, NULL, 1, NULL, 0, 0, 0, 0, 0, '', 1),
('project-eto-interesno', 'project-eto-interesno-id-app-interesting', 11, 1, NULL, 'id', 'id_app_interesting', NULL, NULL, 1, NULL, NULL, NULL, 0, 0, 0, NULL, 1),
('project-eto-interesno', 'project-eto-interesno-main-image', 8, 375, NULL, 'Главная картинка', 'main_image', '1', NULL, 1, NULL, 0, 0, 0, 0, 0, '', 1),
('project-eto-interesno', 'project-eto-interesno-meta-description', 14, 391, NULL, 'Описание <meta name="description">', 'meta_description', NULL, NULL, 0, NULL, 0, 0, 0, 0, 1, '', 1),
('project-eto-interesno', 'project-eto-interesno-meta-keywords', 14, 390, NULL, 'Ключевые слова <meta name="keywords">', 'meta_keywords', NULL, NULL, 0, NULL, 0, 0, 0, 0, 1, '', 1),
('project-eto-interesno', 'project-eto-interesno-name-en', 2, 377, NULL, 'Название (по английски)', 'name_en', NULL, NULL, 0, NULL, 0, 0, 0, 0, 0, '', 1),
('project-eto-interesno', 'project-eto-interesno-name-ru', 2, 376, 'menu.backend.widgets.menuName.MenuNameWidget', 'Название', 'name_ru', NULL, NULL, 1, NULL, 0, 0, 0, 0, 0, '', 1),
('project-eto-interesno', 'project-eto-interesno-page-title', 2, 389, NULL, 'Заголовок <title>', 'page_title', NULL, NULL, 0, NULL, 0, 0, 0, 0, 1, '', 1),
('project-eto-interesno', 'project-eto-interesno-visible', 9, 384, NULL, 'Видимость', 'visible', NULL, '1', 1, NULL, 0, 0, 0, 0, 0, '', 1),
('project-forma-obratnoi-svyazi', 'project-forma-obratnoi-svyazi-datetime', 4, 306, NULL, 'Дата отправки', 'datetime', '0', NULL, 0, NULL, 0, 0, 0, 0, 0, '', 1),
('project-forma-obratnoi-svyazi', 'project-forma-obratnoi-svyazi-email', 2, 304, NULL, 'Ваш e-mail', 'email', NULL, NULL, 1, NULL, 0, 0, 0, 0, 0, '', 1),
('project-forma-obratnoi-svyazi', 'project-forma-obratnoi-svyazi-id-app-form-feedback', 11, 1, NULL, 'id', 'id_app_form_feedback', NULL, NULL, 1, NULL, NULL, NULL, 0, 0, 0, NULL, 1),
('project-forma-obratnoi-svyazi', 'project-forma-obratnoi-svyazi-name', 2, 302, NULL, 'Ваше имя', 'name', NULL, NULL, 1, NULL, 0, 0, 0, 0, 0, '', 1),
('project-forma-obratnoi-svyazi', 'project-forma-obratnoi-svyazi-phone', 2, 303, NULL, 'Ваш телефон', 'phone', NULL, NULL, 0, NULL, 0, 0, 0, 0, 0, '', 1),
('project-forma-obratnoi-svyazi', 'project-forma-obratnoi-svyazi-text', 14, 305, NULL, 'Текст сообщения', 'text', NULL, NULL, 1, NULL, 0, 0, 0, 0, 0, '', 1),
('project-forma-zakaza-zvonka', 'project-forma-zakaza-zvonka-datetime', 4, 301, NULL, 'Дата отправки', 'datetime', '0', NULL, 0, NULL, 0, 0, 0, 0, 0, '', 1),
('project-forma-zakaza-zvonka', 'project-forma-zakaza-zvonka-id-app-form-callback', 11, 1, NULL, 'id', 'id_app_form_callback', NULL, NULL, 1, NULL, NULL, NULL, 0, 0, 0, NULL, 1),
('project-forma-zakaza-zvonka', 'project-forma-zakaza-zvonka-name', 2, 299, NULL, 'Ваше имя', 'name', NULL, NULL, 1, NULL, 0, 0, 0, 0, 0, '', 1),
('project-forma-zakaza-zvonka', 'project-forma-zakaza-zvonka-phone', 2, 300, NULL, 'Ваш телефон', 'phone', NULL, NULL, 1, NULL, 0, 0, 0, 0, 0, '', 1),
('project-fotoalbomy', 'project-fotoalbomy-alias', 2, 4, NULL, 'В адресной строке', 'alias', NULL, NULL, 1, NULL, 0, 0, 0, 0, 0, '', 1),
('project-fotoalbomy', 'project-fotoalbomy-id-app-photoalbom', 11, 1, NULL, 'id', 'id_app_photoalbum', NULL, NULL, 1, NULL, 0, 0, 0, 0, 0, '', 1),
('project-fotoalbomy', 'project-fotoalbomy-name-en', 2, 3, NULL, 'Название альбома (по английски)', 'name_en', NULL, NULL, 0, NULL, 0, 0, 0, 0, 0, '', 1),
('project-fotoalbomy', 'project-fotoalbomy-name-ru', 2, 2, 'menu.backend.widgets.menuName.MenuNameWidget', 'Название альбома', 'name_ru', NULL, NULL, 1, NULL, 0, 0, 0, 0, 0, '', 1),
('project-fotoalbomy', 'project-fotoalbomy-sequence', 13, 6, NULL, 'п/п', 'sequence', NULL, NULL, 0, NULL, 0, 0, 0, 0, 0, '', 1),
('project-fotoalbomy', 'project-fotoalbomy-visible', 9, 5, NULL, 'Видимость', 'visible', NULL, '1', 1, NULL, 0, 0, 0, 0, 0, '', 1),
('project-kategorii-eto-interesno', 'project-kategorii-eto-interesno-id-app-interesting-category', 11, 1, NULL, 'id', 'id_app_interesting_category', NULL, NULL, 1, NULL, NULL, NULL, 0, 0, 0, NULL, 1),
('project-kategorii-eto-interesno', 'project-kategorii-eto-interesno-name-en', 2, 371, NULL, 'Название (по английски)', 'name_en', NULL, NULL, 0, NULL, 0, 0, 0, 0, 0, '', 1),
('project-kategorii-eto-interesno', 'project-kategorii-eto-interesno-name-ru', 2, 370, NULL, 'Название', 'name_ru', NULL, NULL, 1, NULL, 0, 0, 0, 0, 0, '', 1),
('project-kategorii-eto-interesno', 'project-kategorii-eto-interesno-sequence', 13, 372, NULL, 'п/п', 'sequence', NULL, NULL, 0, NULL, 0, 0, 0, 0, 0, '', 1),
('project-kategorii-eto-interesno', 'project-kategorii-eto-interesno-visible', 9, 373, NULL, 'Видимость', 'visible', NULL, '1', 1, NULL, 0, 0, 0, 0, 0, '', 1),
('project-kategorii-suvenirov', 'project-kategorii-suvenirov-id-app-souvenir-category', 11, 1, NULL, 'id', 'id_app_souvenir_category', NULL, NULL, 1, NULL, NULL, NULL, 0, 0, 0, NULL, 1),
('project-kategorii-suvenirov', 'project-kategorii-suvenirov-name-en', 2, 347, NULL, 'Название (по английски)', 'name_en', NULL, NULL, 0, NULL, 0, 0, 0, 0, 0, '', 1),
('project-kategorii-suvenirov', 'project-kategorii-suvenirov-name-ru', 2, 346, NULL, 'Название', 'name_ru', NULL, NULL, 1, NULL, 0, 0, 0, 0, 0, '', 1),
('project-kategorii-suvenirov', 'project-kategorii-suvenirov-sequence', 13, 349, NULL, 'п/п', 'sequence', NULL, NULL, 0, NULL, 0, 0, 0, 0, 0, '', 1),
('project-kategorii-suvenirov', 'project-kategorii-suvenirov-visible', 9, 348, NULL, 'Видимость', 'visible', NULL, '1', 1, NULL, 0, 0, 0, 0, 0, '', 1),
('project-kategorii-turov', 'project-kategorii-turov-id-app-tour-category', 11, 1, NULL, 'id', 'id_app_tour_category', NULL, NULL, 1, NULL, NULL, NULL, 0, 0, 0, NULL, 1),
('project-kategorii-turov', 'project-kategorii-turov-name-en', 2, 315, NULL, 'Название по английски', 'name_en', NULL, NULL, 0, NULL, 0, 0, 0, 0, 0, '', 1),
('project-kategorii-turov', 'project-kategorii-turov-name-ru', 2, 314, NULL, 'Название по русски', 'name_ru', NULL, NULL, 1, NULL, 0, 0, 0, 0, 0, '', 1),
('project-kategorii-turov', 'project-kategorii-turov-sequence', 13, 316, NULL, 'п/п', 'sequence', NULL, NULL, 0, NULL, 0, 0, 0, 0, 0, '', 1),
('project-kategorii-turov', 'project-kategorii-turov-state', 9, 317, NULL, 'Видимость', 'state', NULL, '1', 1, NULL, 0, 0, 0, 0, 0, '', 1),
('project-kontakty', 'project-kontakty-content-en', 3, 369, NULL, 'Содержание тура (по английски)', 'content_en', NULL, NULL, 0, NULL, 0, 0, 0, 0, 0, '', 1),
('project-kontakty', 'project-kontakty-content-ru', 3, 368, NULL, 'Содержание', 'content_ru', NULL, NULL, 1, NULL, 0, 0, 0, 0, 0, '', 1),
('project-kontakty', 'project-kontakty-id-app-contact', 11, 1, NULL, 'id', 'id_app_contact', NULL, NULL, 1, NULL, NULL, NULL, 0, 0, 0, NULL, 1),
('project-otzyvy', 'project-otzyvy-accepted', 9, 343, NULL, 'Принято модератором', 'accepted', NULL, '0', 1, NULL, 0, 0, 0, 0, 0, '', 1),
('project-otzyvy', 'project-otzyvy-datetime', 4, 341, NULL, 'Дата отзыва', 'datetime', '0', NULL, 0, NULL, 0, 0, 0, 0, 0, '', 1),
('project-otzyvy', 'project-otzyvy-id-app-review', 11, 1, NULL, 'id', 'id_app_review', NULL, NULL, 1, NULL, NULL, NULL, 0, 0, 0, NULL, 1),
('project-otzyvy', 'project-otzyvy-id-app-tour', 7, 338, NULL, 'Тур', 'id_app_tour', 'project-tury', NULL, 0, NULL, 0, 1, 0, 0, 0, '', 1),
('project-otzyvy', 'project-otzyvy-name-sender', 2, 339, NULL, 'Имя отправителя', 'name_sender', NULL, NULL, 1, NULL, 0, 0, 0, 0, 0, '', 1),
('project-otzyvy', 'project-otzyvy-text', 14, 340, NULL, 'Текст отзыва', 'text', NULL, NULL, 1, NULL, 0, 0, 0, 0, 0, '', 1),
('project-podbor-tura', 'project-podbor-tura-additional-phone', 2, 364, NULL, 'Если есть дополнительный контактный номер', 'additional_phone', NULL, NULL, 0, NULL, 0, 0, 0, 0, 0, '', 1),
('project-podbor-tura', 'project-podbor-tura-composition-group', 14, 356, NULL, 'Сколько человек в вашей группе и какого они возраста', 'composition_group', NULL, NULL, 0, NULL, 0, 0, 0, 0, 0, '', 1),
('project-podbor-tura', 'project-podbor-tura-datetime', 4, 366, NULL, 'Дата заявки', 'datetime', '0', NULL, 0, NULL, 0, 0, 0, 0, 0, '', 1),
('project-podbor-tura', 'project-podbor-tura-days-stay', 1, 352, NULL, 'Планируемое количество дней пребывания', 'days_stay', NULL, NULL, 0, NULL, 0, 0, 0, 0, 0, '', 1),
('project-podbor-tura', 'project-podbor-tura-email', 2, 365, NULL, 'Ваш адрес электронной почты', 'email', NULL, NULL, 1, NULL, 0, 0, 0, 0, 0, '', 1),
('project-podbor-tura', 'project-podbor-tura-full-years', 1, 355, NULL, 'Сколько вам полных лет', 'full_years', NULL, NULL, 0, NULL, 0, 0, 0, 0, 0, '', 1),
('project-podbor-tura', 'project-podbor-tura-id-app-tour-selection', 11, 1, NULL, 'id', 'id_app_tour_selection', NULL, NULL, 1, NULL, NULL, NULL, 0, 0, 0, NULL, 1),
('project-podbor-tura', 'project-podbor-tura-insurance-with', 9, 359, NULL, 'Имеется ли у Вас страховка от несчастных случаев', 'insurance_with', NULL, '0', 1, NULL, 0, 0, 0, 0, 0, '', 1),
('project-podbor-tura', 'project-podbor-tura-name', 2, 350, NULL, 'Фамилия Имя', 'name', NULL, NULL, 1, NULL, 0, 0, 0, 0, 0, '', 1),
('project-podbor-tura', 'project-podbor-tura-our-tours', 14, 361, NULL, 'Вы что-то уже выбрали из наших туров', 'our_tours', NULL, NULL, 0, NULL, 0, 0, 0, 0, 0, '', 1),
('project-podbor-tura', 'project-podbor-tura-pets-with', 9, 358, NULL, 'Имеются ли с собой домашние животные', 'pets_with', NULL, '0', 1, NULL, 0, 0, 0, 0, 0, '', 1),
('project-podbor-tura', 'project-podbor-tura-phone', 2, 363, NULL, 'Ваш контактный телефон для обратной связи', 'phone', NULL, NULL, 0, NULL, 0, 0, 0, 0, 0, '', 1),
('project-podbor-tura', 'project-podbor-tura-plan-get', 14, 354, NULL, 'Каким образом планируете добраться', 'plan_get', NULL, NULL, 0, NULL, 0, 0, 0, 0, 0, '', 1),
('project-podbor-tura', 'project-podbor-tura-planned-date', 4, 351, NULL, 'Планируемая дата прибытия', 'planned_date', '0', NULL, 0, NULL, 0, 0, 0, 0, 0, '', 1),
('project-podbor-tura', 'project-podbor-tura-processed', 9, 367, NULL, 'Обработано', 'processed', NULL, '0', 1, NULL, 0, 0, 0, 0, 0, '', 1),
('project-podbor-tura', 'project-podbor-tura-tourism-prefer', 14, 360, NULL, 'Какой вид туризма вы предпочитаете', 'tourism_prefer', NULL, NULL, 0, NULL, 0, 0, 0, 0, 0, '', 1),
('project-podbor-tura', 'project-podbor-tura-town-out', 2, 353, NULL, 'Из какого населенного пункта Вы планируете выезд', 'town_out', NULL, NULL, 0, NULL, 0, 0, 0, 0, 0, '', 1),
('project-podbor-tura', 'project-podbor-tura-wishes', 14, 362, NULL, 'Что бы Вы еще хотели увидеть, Ваши пожелания', 'wishes', NULL, NULL, 0, NULL, 0, 0, 0, 0, 0, '', 1),
('project-podbor-tura', 'project-podbor-tura-young-children', 1, 357, NULL, 'Сколько детей в возрасте до 5 лет', 'young_children', NULL, NULL, 0, NULL, 0, 0, 0, 0, 0, '', 1),
('project-suveniry', 'project-suveniry-alias', 2, 6, NULL, 'В адресной строке', 'alias', NULL, NULL, 1, NULL, 1, 0, 0, 0, 0, '', 1),
('project-suveniry', 'project-suveniry-description-en', 14, 11, NULL, 'Описание (по английски)', 'description_en', NULL, NULL, 0, NULL, 0, 0, 0, 0, 0, '', 1),
('project-suveniry', 'project-suveniry-description-ru', 14, 10, NULL, 'Описание', 'description_ru', NULL, NULL, 0, NULL, 0, 0, 0, 0, 0, '', 1),
('project-suveniry', 'project-suveniry-galereya', 15, 9, NULL, 'Галерея', '-', '1', NULL, 0, NULL, 0, 0, 0, 0, 0, '', 1),
('project-suveniry', 'project-suveniry-id-app-souvenir', 11, 1, NULL, 'id', 'id_app_souvenir', NULL, NULL, 1, NULL, NULL, NULL, 0, 0, 0, NULL, 1),
('project-suveniry', 'project-suveniry-id-app-souvenir-category', 7, 2, NULL, 'Категория сувенира', 'id_app_souvenir_category', 'project-kategorii-suvenirov', NULL, 1, NULL, 0, 0, 0, 0, 0, '', 1),
('project-suveniry', 'project-suveniry-main-image', 8, 8, NULL, 'Главная картинка', 'main_image', '1', NULL, 0, NULL, 0, 0, 0, 0, 0, 'Картинка отображается в списке сувенирова', 1),
('project-suveniry', 'project-suveniry-name-en', 2, 5, NULL, 'Название (по английски)', 'name_en', NULL, NULL, 0, NULL, 0, 0, 0, 0, 0, '', 1),
('project-suveniry', 'project-suveniry-name-ru', 2, 4, 'menu.backend.widgets.menuName.MenuNameWidget', 'Название', 'name_ru', NULL, NULL, 1, NULL, 0, 0, 0, 0, 0, '', 1),
('project-suveniry', 'project-suveniry-parameters-en', 3, 13, NULL, 'Параметры (по английски)', 'parameters_en', NULL, NULL, 0, NULL, 0, 0, 0, 0, 0, 'Заполнять параметры необходимо в таблице, левая колонка - название параметра, правая - значение', 1),
('project-suveniry', 'project-suveniry-parameters-ru', 3, 12, NULL, 'Параметры', 'parameters_ru', NULL, NULL, 0, NULL, 0, 0, 0, 0, 0, 'Заполнять параметры необходимо в таблице, левая колонка - название параметра, правая - значение', 1),
('project-suveniry', 'project-suveniry-phone', 2, 7, NULL, 'Цена', 'price', NULL, NULL, 1, NULL, 0, 0, 0, 0, 0, '', 1),
('project-suveniry', 'project-suveniry-sequence', 13, 14, NULL, 'п/п', 'sequence', NULL, NULL, 0, NULL, 0, 0, 0, 0, 0, '', 1),
('project-suveniry', 'project-suveniry-visible', 9, 3, NULL, 'Видимость', 'visible', NULL, '1', 1, NULL, 0, 0, 0, 0, 0, '', 1),
('project-svyaz-eto-interesno-i-kategorii', 'project-svyaz-eto-interesno-i-kategorii-id-app-interesting', 7, 395, NULL, 'Это интересно', 'id_app_interesting', 'project-eto-interesno', NULL, 1, NULL, 0, 0, 0, 0, 0, '', 1),
('project-svyaz-eto-interesno-i-kategorii', 'project-svyaz-eto-interesno-i-kategorii-id-app-interesting-category', 7, 396, NULL, 'Категория это интересно', 'id_app_interesting_category', 'project-kategorii-eto-interesno', NULL, 1, NULL, 0, 1, 0, 0, 0, '', 0),
('project-svyaz-eto-interesno-i-kategorii', 'project-svyaz-eto-interesno-i-kategorii-id-app-interesting-category-assignment', 11, 1, NULL, 'id', 'id_app_interesting_category_assignment', NULL, NULL, 1, NULL, NULL, NULL, 0, 0, 0, NULL, 1),
('project-svyaz-eto-interesno-i-kategorii', 'project-svyaz-eto-interesno-i-kategorii-sequence', 13, 397, NULL, 'п/п', 'sequence', NULL, NULL, 0, NULL, 0, 0, 0, 0, 0, '', 1),
('project-svyaz-turov-i-eto-interesno', 'project-svyaz-turov-i-eto-interesno-id-app-interesting', 7, 386, NULL, 'Это интересно', 'id_app_interesting', 'project-eto-interesno', NULL, 1, NULL, 0, 1, 0, 0, 0, '', 0),
('project-svyaz-turov-i-eto-interesno', 'project-svyaz-turov-i-eto-interesno-id-app-tour', 7, 385, NULL, 'Тур', 'id_app_tour', 'project-tury', NULL, 1, NULL, 0, 0, 0, 0, 0, '', 1),
('project-svyaz-turov-i-eto-interesno', 'project-svyaz-turov-i-eto-interesno-id-app-tour-interesting-assignment', 11, 1, NULL, 'id', 'id_app_tour_interesting_assignment', NULL, NULL, 1, NULL, NULL, NULL, 0, 0, 0, NULL, 1),
('project-tury', 'project-tury-alias', 2, 9, NULL, 'В адресной строке', 'alias', NULL, NULL, 1, NULL, 1, 0, 0, 0, 0, '', 1),
('project-tury', 'project-tury-content-tour-en', 3, 23, NULL, 'Содержание тура (по английски)', 'content_tour_en', NULL, NULL, 0, NULL, 0, 0, 0, 0, 0, 'Необходимые комментарии к заполнению этого поля находятся в Инструкциях. Верхняя синяя панель -> Инструкция -> Заполнение содержания тура', 1),
('project-tury', 'project-tury-content-tour-ru', 3, 22, NULL, 'Содержание тура (по русски)', 'content_tour_ru', NULL, NULL, 0, NULL, 0, 0, 0, 0, 0, 'Необходимые комментарии к заполнению этого поля находятся в Инструкциях. Верхняя синяя панель -> Инструкция -> Заполнение содержания тура', 1),
('project-tury', 'project-tury-description-en', 14, 13, NULL, 'Описание по английски', 'description_en', NULL, NULL, 0, NULL, 0, 0, 0, 0, 1, '', 1),
('project-tury', 'project-tury-description-ru', 14, 12, NULL, 'Описание по русски', 'description_ru', NULL, NULL, 1, NULL, 0, 0, 0, 0, 1, '', 1),
('project-tury', 'project-tury-duration', 1, 11, NULL, 'Продолжительность тура', 'duration', NULL, NULL, 1, NULL, 0, 0, 0, 0, 0, '', 1),
('project-tury', 'project-tury-galereya', 15, 4, NULL, 'Галерея', '-', '1', NULL, 0, NULL, 0, 0, 0, 0, 0, '', 1),
('project-tury', 'project-tury-id-app-tour', 11, 1, NULL, 'id', 'id_app_tour', NULL, NULL, 1, NULL, NULL, NULL, 0, 0, 0, NULL, 1),
('project-tury', 'project-tury-id-app-tour-category', 7, 2, NULL, 'Категория тура', 'id_app_tour_category', 'project-kategorii-turov', NULL, 1, NULL, 0, 0, 0, 0, 0, '', 1),
('project-tury', 'project-tury-in-main-page', 9, 7, NULL, 'Отображать на главной странице', 'in_main_page', NULL, '0', 1, NULL, 0, 0, 0, 0, 0, '', 1),
('project-tury', 'project-tury-main-image', 8, 3, NULL, 'Главная картинка', 'main_image', '1', NULL, 0, NULL, 0, 0, 0, 0, 0, 'Картинка отображается в списке туров', 1),
('project-tury', 'project-tury-naew-item', 9, 6, NULL, 'Новинка', 'new_item', NULL, '0', 1, NULL, 0, 0, 0, 0, 0, '', 1),
('project-tury', 'project-tury-name-en', 2, 10, NULL, 'Название по английски', 'name_en', NULL, NULL, 0, NULL, 0, 0, 0, 0, 0, '', 1),
('project-tury', 'project-tury-name-ru', 2, 8, 'menu.backend.widgets.menuName.MenuNameWidget', 'Название по русски', 'name_ru', NULL, NULL, 1, NULL, 0, 0, 0, 0, 0, '', 1),
('project-tury', 'project-tury-note-en', 14, 21, NULL, 'Примечание (по английски)', 'note_en', NULL, NULL, 0, NULL, 0, 0, 0, 0, 1, '', 1),
('project-tury', 'project-tury-note-ru', 14, 20, NULL, 'Примечание (по русски)', 'note_ru', NULL, NULL, 0, NULL, 0, 0, 0, 0, 1, '', 1),
('project-tury', 'project-tury-price-adult', 1, 17, NULL, 'Стоимость взрослые (руб)', 'price_adult', NULL, NULL, 0, NULL, 0, 0, 0, 0, 0, '', 1),
('project-tury', 'project-tury-price-children', 1, 16, NULL, 'Стоимость дети (руб)', 'price_children', NULL, NULL, 0, NULL, 0, 0, 0, 0, 0, '', 1),
('project-tury', 'project-tury-price-group-en', 2, 15, NULL, 'Стоимость группа (по английски)', 'price_group_en', NULL, NULL, 0, NULL, 0, 0, 0, 0, 0, '', 1),
('project-tury', 'project-tury-price-group-ru', 2, 14, NULL, 'Стоимость группа (по русски)', 'price_group_ru', NULL, NULL, 0, NULL, 0, 0, 0, 0, 0, '', 1),
('project-tury', 'project-tury-price-included-en', 14, 19, NULL, 'В стоимость включено (по английски)', 'price_included_en', NULL, NULL, 0, NULL, 0, 0, 0, 0, 1, '', 1),
('project-tury', 'project-tury-price-included-ru', 14, 18, NULL, 'В стоимость включено (по русски)', 'price_included_ru', NULL, NULL, 0, NULL, 0, 0, 0, 0, 1, '', 1),
('project-tury', 'project-tury-sequence', 13, 24, NULL, 'п/п', 'sequence', NULL, NULL, 0, NULL, 0, 0, 0, 0, 0, '', 1),
('project-tury', 'project-tury-state', 9, 5, NULL, 'Видимость', 'state', NULL, '1', 1, NULL, 0, 0, 0, 0, 0, '', 1),
('project-vidoalbom', 'project-vidoalbom-id-app-videoalbum', 11, 1, NULL, 'id', 'id_app_videoalbum', NULL, NULL, 1, NULL, NULL, NULL, 0, 0, 0, NULL, 1),
('project-vidoalbom', 'project-vidoalbom-name-en', 2, 3, NULL, 'Название (по английски)', 'name_en', NULL, NULL, 0, NULL, 0, 0, 0, 0, 0, '', 1),
('project-vidoalbom', 'project-vidoalbom-name-ru', 2, 2, NULL, 'Название', 'name_ru', NULL, NULL, 1, NULL, 0, 0, 0, 0, 0, '', 1),
('project-vidoalbom', 'project-vidoalbom-sequence', 13, 6, NULL, 'п/п', 'sequence', NULL, NULL, 0, NULL, 0, 0, 0, 0, 0, '', 1),
('project-vidoalbom', 'project-vidoalbom-url', 2, 4, NULL, 'Ссылка на видео', 'url', NULL, NULL, 1, NULL, 0, 0, 0, 0, 0, 'В данной версии сайта поддерживается хостинг youtube.com. Ссылки на видео должны быть такого формата: http://youtube.com/watch?v=_5r_OIA3IeQ ', 1),
('project-vidoalbom', 'project-vidoalbom-visible', 9, 5, NULL, 'Видимость', 'visible', NULL, '1', 1, NULL, 0, 0, 0, 0, 0, '', 1),
('project-vodnye-znaki', 'project-vodnye-znaki-id-app-watermark', 11, 1, NULL, 'id', 'id_app_watermark', NULL, NULL, 1, NULL, NULL, NULL, 0, 0, 0, NULL, 1),
('project-vodnye-znaki', 'project-vodnye-znaki-id-object', 6, 388, NULL, 'Применить к', 'id_object', 'project-reference-identifikatory-vodnyh-znakov', NULL, 1, NULL, 0, 0, 0, 0, 0, '', 1),
('project-vodnye-znaki', 'project-vodnye-znaki-watermark-image', 8, 387, NULL, 'Водный знак', 'watermark_image', '1', NULL, 1, NULL, 0, 0, 0, 0, 0, '', 1),
('project-zakaz-suvenira', 'project-zakaz-suvenira-address', 14, 10, NULL, 'Адрес', 'address', NULL, NULL, 0, NULL, 0, 0, 0, 0, 0, '', 1),
('project-zakaz-suvenira', 'project-zakaz-suvenira-datetime', 4, 9, NULL, 'Дата заказа', 'datetime', '0', NULL, 0, NULL, 0, 0, 0, 0, 0, '', 1),
('project-zakaz-suvenira', 'project-zakaz-suvenira-email', 2, 7, NULL, 'Email', 'email', NULL, NULL, 1, NULL, 0, 0, 0, 0, 0, '', 1),
('project-zakaz-suvenira', 'project-zakaz-suvenira-id-app-souvenir', 7, 2, NULL, 'ID Сувенира', 'id_app_souvenir', 'project-suveniry', NULL, 0, NULL, 0, 0, 0, 0, 0, '', 1),
('project-zakaz-suvenira', 'project-zakaz-suvenira-id-app-souvenir-order', 11, 1, NULL, 'id', 'id_app_souvenir_order', NULL, NULL, 1, NULL, NULL, NULL, 0, 0, 0, NULL, 1),
('project-zakaz-suvenira', 'project-zakaz-suvenira-name-sender', 2, 6, NULL, 'Имя заказчика', 'name_sender', NULL, NULL, 1, NULL, 0, 0, 0, 0, 0, '', 1),
('project-zakaz-suvenira', 'project-zakaz-suvenira-name-souvenir', 2, 3, NULL, 'Название', 'name_souvenir', NULL, NULL, 1, NULL, 0, 0, 0, 0, 0, '', 1),
('project-zakaz-suvenira', 'project-zakaz-suvenira-parameters', 14, 5, NULL, 'Параметры', 'parameters', NULL, NULL, 1, NULL, 0, 0, 0, 0, 0, '', 1),
('project-zakaz-suvenira', 'project-zakaz-suvenira-phone', 2, 8, NULL, 'Телефон', 'phone', NULL, NULL, 0, NULL, 0, 0, 0, 0, 0, '', 1),
('project-zakaz-suvenira', 'project-zakaz-suvenira-price', 1, 4, NULL, 'Цена', 'price', NULL, NULL, 1, NULL, 0, 0, 0, 0, 0, '', 1),
('project-zakaz-suvenira', 'project-zakaz-suvenira-processed', 9, 11, NULL, 'Обработан', 'processed', NULL, '0', 1, NULL, 0, 0, 0, 0, 0, '', 1),
('project-zakazy-turov', 'project-zakazy-turov-adults', 1, 7, NULL, 'Состав группы. Взрослых', 'adults', NULL, NULL, 0, NULL, 0, 0, 0, 0, 0, '', 1),
('project-zakazy-turov', 'project-zakazy-turov-children-over-five-years', 1, 9, NULL, 'Дети старше 5 лет', 'older_children', NULL, NULL, 0, NULL, 0, 0, 0, 0, 0, '', 1),
('project-zakazy-turov', 'project-zakazy-turov-children-under--five-years', 1, 8, NULL, 'Дети до 5 лет', 'young_children', NULL, NULL, 0, NULL, 0, 0, 0, 0, 0, '', 1),
('project-zakazy-turov', 'project-zakazy-turov-datetime', 4, 2, NULL, 'Дата заказа', 'datetime', '0', NULL, 0, NULL, 0, 0, 0, 0, 0, '', 1),
('project-zakazy-turov', 'project-zakazy-turov-email', 2, 4, NULL, 'E-mail', 'email', NULL, NULL, 1, NULL, 0, 0, 0, 0, 0, '', 1),
('project-zakazy-turov', 'project-zakazy-turov-id-app-tour-order', 11, 1, NULL, 'id', 'id_app_tour_order', NULL, NULL, 1, NULL, NULL, NULL, 0, 0, 0, NULL, 1),
('project-zakazy-turov', 'project-zakazy-turov-name', 2, 3, NULL, 'Имя', 'name', NULL, NULL, 1, NULL, 0, 0, 0, 0, 0, '', 1),
('project-zakazy-turov', 'project-zakazy-turov-phone', 2, 5, NULL, 'Телефон', 'phone', NULL, NULL, 0, NULL, 0, 0, 0, 0, 0, '', 1),
('project-zakazy-turov', 'project-zakazy-turov-selected-tours', 14, 6, NULL, 'Туры', 'selected_tours', NULL, NULL, 1, NULL, 0, 0, 0, 0, 0, '', 1),
('project-zakazy-turov', 'project-zakazy-turov-wishes', 14, 10, NULL, 'Пожелания', 'wishes', NULL, NULL, 0, NULL, 0, 0, 0, 0, 0, '', 1),
('ygin-invoice', 'ygin-invoice-amount', 1, 295, NULL, 'Сумма', 'amount', NULL, NULL, 1, NULL, 0, 0, 0, 0, 0, '', 1),
('ygin-invoice', 'ygin-invoice-create-date', 4, 293, NULL, 'Дата создания', 'create_date', '0', NULL, 1, NULL, 0, 0, 0, 0, 0, '', 1),
('ygin-invoice', 'ygin-invoice-id-invoice', 11, 1, NULL, 'id', 'id_invoice', NULL, NULL, 1, NULL, NULL, NULL, 0, 0, 0, NULL, 1),
('ygin-invoice', 'ygin-invoice-id-offer', 7, 296, NULL, 'Заказ', 'id_offer', '519', NULL, 1, NULL, 0, 0, 0, 0, 0, '', 1),
('ygin-invoice', 'ygin-invoice-pay-date', 4, 294, NULL, 'Дата оплаты', 'pay_date', '0', NULL, 0, NULL, 0, 0, 0, 0, 0, '', 1),
('ygin-menu', '1', 11, 1, NULL, 'id', 'id', NULL, NULL, 1, NULL, 0, 0, 0, 0, 0, NULL, 1),
('ygin-menu', '10', 6, 18, NULL, 'Дополнительные опции обработки контента:', 'go_to_type', '33', '1', 1, NULL, 0, 0, 0, 0, 0, 'Определяет дополнительные действия для содержимого раздела', 1),
('ygin-menu', '11', 8, 25, NULL, 'Картинка для раздела', 'image', '1', NULL, 0, NULL, 0, 0, 0, 0, 1, NULL, 1),
('ygin-menu', '127', 2, 4, NULL, 'В адресной строке', 'alias', '0', NULL, 0, NULL, 1, 0, 0, 0, 0, 'Обязательно на английском языке. Необходимо для формирования человекопонятных URLов.', 1),
('ygin-menu', '15', 7, 19, NULL, 'Набор виджетов', 'id_module_template', '101', 'SiteModuleTemplate::getIdDefaultTemplate();', 0, NULL, 0, 1, 0, 0, 1, '', 1),
('ygin-menu', '152', 2, 21, NULL, '<title>', 'title_teg', NULL, NULL, 0, NULL, 0, 0, 1, 1, 1, 'При отсутствии значения, заполняется автоматически заголовком раздела', 1),
('ygin-menu', '153', 2, 23, NULL, '<meta name="description">', 'meta_description', NULL, NULL, 0, NULL, 0, 0, 1, 0, 1, NULL, 1),
('ygin-menu', '154', 2, 22, NULL, '<meta name="keywords">', 'meta_keywords', NULL, NULL, 0, NULL, 0, 0, 1, 1, 1, NULL, 1),
('ygin-menu', '2', 2, 2, 'menu.backend.widgets.menuName.MenuNameWidget', 'Название в меню', 'name_ru', '0', 'Имя раздела', 1, NULL, 0, 0, 1, 1, 0, 'Краткое название раздела, отображаемое в меню сайта', 1),
('ygin-menu', '229', 15, 13, NULL, 'Загрузка файлов', NULL, NULL, NULL, 0, NULL, 0, 0, 0, 0, 0, 'Форма загрузки изображений, вордовских и экселевских документов, архивов и прочих файлов в этот раздел сайта', 1),
('ygin-menu', '3', 2, 5, NULL, 'Заголовок раздела', 'caption_ru', '0', NULL, 0, NULL, 0, 0, 1, 1, 0, 'Заголовок не виден в меню сайта, но отображается крупно над текстом в самом разделе. Заголовок обычно длиннее названия в меню.', 1),
('ygin-menu', '330', 9, 24, NULL, 'Разрешить удаление', 'removable', '0', '1', 1, NULL, 0, 0, 0, 0, 1, 'Актуально для динамических разделов, удаление которых приводит к возникновению критических ошибок.', 1),
('ygin-menu', '4', 3, 14, NULL, 'Содержимое раздела', 'content', NULL, NULL, 0, NULL, 0, 0, 1, 1, 0, '', 1),
('ygin-menu', '5', 9, 7, NULL, 'Видимость', 'visible', NULL, '1', 0, NULL, 0, 0, 0, 0, 0, 'Раздел не отображается в меню, но остаётся доступным по пряму адресу (URL)', 1),
('ygin-menu', '549', 10, 12, 'menu.backend.widgets.externalLink.ExternalLinkWidget', 'Ссылка на страницу', 'external_link', '2', '', 0, 'MenuHref', 0, 0, 0, 0, 1, 'При отображении в меню раздел будет иметь указанную ссылку. Используется для создания внешних ссылок в меню или прямых ссылок на файл (например, прайс).', 1),
('ygin-menu', '6', 12, 20, NULL, 'Смена родительского раздела', 'id_parent', '1', NULL, 0, NULL, 0, 0, 0, 0, 1, '', 1),
('ygin-menu', '7', 13, 17, NULL, '&nbsp;', 'sequence', '-1', NULL, 1, NULL, 0, 0, 0, 0, 0, NULL, 1),
('ygin-menu', '8', 2, 16, NULL, 'Примечания', 'note', NULL, NULL, 0, NULL, 0, 0, 1, 0, 1, 'Нигде не отображаются, исключительно для комментариев в системе администрирования', 1),
('ygin-menu', 'ygin-menu-caption-en', 2, 6, NULL, 'Заголовок раздела по английски', 'caption_en', NULL, NULL, 0, NULL, 0, 0, 0, 0, 0, '', 1),
('ygin-menu', 'ygin-menu-content-en', 3, 15, NULL, 'Содержание раздела по английски', 'content_en', NULL, NULL, 0, NULL, 0, 0, 0, 0, 0, '', 1),
('ygin-menu', 'ygin-menu-name-en', 2, 3, NULL, 'Название по английски', 'name_en', NULL, NULL, 0, NULL, 0, 0, 0, 0, 0, '', 1),
('ygin-menu', 'ygin-menu-type-footer-menu', 9, 11, NULL, 'В меню в футере', 'type_footer_menu', NULL, '0', 1, NULL, 0, 0, 0, 0, 0, '', 1),
('ygin-menu', 'ygin-menu-type-main-menu', 9, 9, NULL, 'В главном меню', 'type_main_menu', NULL, '1', 1, NULL, 0, 0, 0, 0, 0, '', 1),
('ygin-menu', 'ygin-menu-type-top-menu', 9, 10, NULL, 'В верхнем меню', 'type_top_menu', NULL, '0', 1, NULL, 0, 0, 0, 0, 0, '', 1);

-- --------------------------------------------------------

--
-- Структура таблицы `da_object_parameter_type`
--

CREATE TABLE IF NOT EXISTS `da_object_parameter_type` (
  `id_parameter_type` int(8) NOT NULL COMMENT 'ИД',
  `sequence` int(3) NOT NULL DEFAULT '1' COMMENT 'Порядок',
  `name` varchar(100) NOT NULL COMMENT 'Название типа данных',
  `sql_type` varchar(255) DEFAULT NULL COMMENT 'sql тип',
  PRIMARY KEY (`id_parameter_type`)
) ENGINE=InnoDB DEFAULT CHARSET=utf8 COMMENT='Типы данных';

--
-- Дамп данных таблицы `da_object_parameter_type`
--

INSERT INTO `da_object_parameter_type` (`id_parameter_type`, `sequence`, `name`, `sql_type`) VALUES
(1, 2, 'Число', 'INT(8)'),
(2, 3, 'Строка', 'VARCHAR(255)'),
(3, 7, 'HTML-редактор', 'LONGTEXT'),
(4, 4, 'Дата', 'INT(10) UNSIGNED'),
(6, 10, 'Справочник', 'INT(8)'),
(7, 11, 'Внешний ключ (Объект)', 'INT(8)'),
(8, 8, 'Файл', 'INT(8)'),
(9, 5, 'Логический (bool)', 'TINYINT(1)'),
(10, 12, 'Абстрактный', NULL),
(11, 1, 'Первичный ключ', 'INT(8)'),
(12, 14, 'Родительский ключ', 'INT(8)'),
(13, 17, 'Последовательность', 'INT(8)'),
(14, 6, 'Текст (text area)', 'LONGTEXT'),
(15, 9, 'Список файлов', NULL),
(17, 16, 'Скрытое поле', 'VARCHAR(255)');

-- --------------------------------------------------------

--
-- Структура таблицы `da_object_property`
--

CREATE TABLE IF NOT EXISTS `da_object_property` (
  `ID_PROPERTY` int(8) NOT NULL COMMENT 'ID_PROPERTY',
  `NAME` varchar(255) NOT NULL COMMENT 'Имя свойства',
  `IS_NECESSARILY` int(1) NOT NULL DEFAULT '0' COMMENT 'Обязательно для заполнения',
  `ID_REFERENCE` int(8) DEFAULT NULL COMMENT 'Значение из справочника',
  `ID_PROPERTY_TYPE` int(2) NOT NULL DEFAULT '0' COMMENT 'Тип свойства',
  `ID_OBJECT` int(8) NOT NULL DEFAULT '0' COMMENT 'Объект',
  `DEFAULT_VALUE` varchar(255) DEFAULT NULL COMMENT 'Значение по умолчанию',
  `ID_SELECTOR_OBJECT` int(8) DEFAULT NULL COMMENT 'Значение берется из объекта',
  `caption` varchar(255) NOT NULL COMMENT 'Описание',
  PRIMARY KEY (`ID_PROPERTY`),
  KEY `ID_OBJECT` (`ID_OBJECT`,`ID_PROPERTY`)
) ENGINE=InnoDB DEFAULT CHARSET=utf8 PACK_KEYS=0 COMMENT='Пользовательские свойства';

-- --------------------------------------------------------

--
-- Структура таблицы `da_object_property_value`
--

CREATE TABLE IF NOT EXISTS `da_object_property_value` (
  `ID_PROPERTY` int(8) NOT NULL DEFAULT '0',
  `ID_REFERENCE_ELEMENT` int(8) DEFAULT NULL,
  `VALUE` text,
  `ID_OBJECT_INSTANCE_VAL` int(8) DEFAULT NULL,
  `id_object_instance` int(8) NOT NULL DEFAULT '0',
  PRIMARY KEY (`ID_PROPERTY`,`id_object_instance`),
  KEY `ID_PROPERTY` (`ID_PROPERTY`)
) ENGINE=InnoDB DEFAULT CHARSET=utf8;

-- --------------------------------------------------------

--
-- Структура таблицы `da_object_view`
--

CREATE TABLE IF NOT EXISTS `da_object_view` (
  `id_object_view` varchar(255) NOT NULL COMMENT 'id',
  `id_object` varchar(255) NOT NULL COMMENT 'Объект',
  `name` varchar(255) NOT NULL COMMENT 'Имя представления',
  `order_no` int(8) DEFAULT '1' COMMENT 'п/п',
  `visible` tinyint(1) NOT NULL DEFAULT '1' COMMENT 'Видимость в панели',
  `sql_select` varchar(255) DEFAULT NULL COMMENT 'SELECT',
  `sql_from` varchar(255) DEFAULT NULL COMMENT 'FROM',
  `sql_where` varchar(255) DEFAULT NULL COMMENT 'WHERE',
  `sql_order_by` varchar(255) DEFAULT NULL COMMENT 'ORDER BY',
  `count_data` int(8) NOT NULL DEFAULT '50' COMMENT 'Количество отображаемых результатов на страницу',
  `icon_class` varchar(255) DEFAULT NULL COMMENT 'css-класс иконки',
  `id_parent` varchar(255) DEFAULT NULL COMMENT 'Иерархия по полю',
  `description` longtext COMMENT 'Описание представления',
  PRIMARY KEY (`id_object_view`)
) ENGINE=InnoDB DEFAULT CHARSET=utf8 COMMENT='Представление';

--
-- Дамп данных таблицы `da_object_view`
--

INSERT INTO `da_object_view` (`id_object_view`, `id_object`, `name`, `order_no`, `visible`, `sql_select`, `sql_from`, `sql_where`, `sql_order_by`, `count_data`, `icon_class`, `id_parent`, `description`) VALUES
('10', '28', 'Значения справочника', 1, 0, NULL, NULL, NULL, 'id_reference ASC', 50, NULL, NULL, NULL),
('100', '261', 'Баннерные места', 1, 1, NULL, NULL, NULL, 'sequence ASC', 50, 'glyphicon glyphicon-import', 'id_parent', NULL),
('101', '260', 'Баннеры', 1, 0, NULL, NULL, NULL, 'sequence ASC', 50, NULL, NULL, NULL),
('11', '29', 'Группы системных параметров', 1, 1, NULL, NULL, NULL, 'id_group_system_parameter DESC', 50, NULL, NULL, NULL),
('12', '30', 'Настройки сайта', 1, 1, NULL, NULL, NULL, 'id_group_system_parameter ASC', 50, 'glyphicon glyphicon-cog', NULL, NULL),
('13', '31', 'Домены сайта', 1, 1, NULL, NULL, NULL, 'id_domain ASC', 50, 'glyphicon glyphicon-pushpin', NULL, NULL),
('15', '33', 'Формат сообщения', 1, 1, NULL, NULL, NULL, 'id_event_format DESC', 50, NULL, NULL, NULL),
('16', '34', 'Подписчики на события', 1, 1, NULL, NULL, NULL, NULL, 50, 'glyphicon glyphicon-envelope', NULL, NULL),
('17', '35', 'Тип события', 1, 1, NULL, NULL, NULL, 'id_event_type DESC', 50, NULL, NULL, NULL),
('19', '37', 'Файлы', 1, 1, NULL, NULL, NULL, 'id_file ASC', 50, NULL, NULL, NULL),
('2', '20', 'Объекты', 1, 1, NULL, NULL, NULL, 'sequence ASC', 50, 'glyphicon glyphicon-th-large', 'parent_object', NULL),
('2001', '501', 'Фотографии', 1, 0, NULL, NULL, NULL, 'id_photogallery_photo ASC', 50, NULL, NULL, NULL),
('2002', '502', 'Новости', 1, 1, NULL, NULL, NULL, 'date DESC', 50, NULL, NULL, ''),
('2003', '503', 'Новости » Категории', 1, 1, NULL, NULL, NULL, NULL, 50, NULL, NULL, NULL),
('2004', '505', 'Консультации » Вопросы', 1, 0, 'IF(LENGTH(ask)<300, ask, CONCAT(SUBSTR(ask, 1, 300), ''...'')) AS short_ask', NULL, NULL, 'ask_date DESC', 50, NULL, NULL, NULL),
('2005', '506', 'Консультации » Ответ', 1, 0, 'IF(LENGTH(answer)<300, answer, CONCAT(SUBSTR(answer, 1, 300), ''...'')) AS short_answer', NULL, NULL, 'answer_date DESC', 50, NULL, NULL, NULL),
('2006', '507', 'Консультации » Специалисты', 1, 0, NULL, NULL, NULL, 'name ASC', 50, NULL, NULL, NULL),
('2007', '508', 'Консультации » Специализации', 1, 0, NULL, NULL, NULL, 'specialization ASC', 50, NULL, NULL, NULL),
('2008', '509', 'Каталог продукции', 1, 1, NULL, NULL, NULL, NULL, 50, 'glyphicon glyphicon-gift', 'id_parent', NULL),
('2010', '511', 'Продукция', 1, 0, NULL, NULL, NULL, 'id_product ASC', 50, NULL, NULL, NULL),
('2011', '512', 'Вопрос-ответ', 1, 1, NULL, NULL, NULL, 'ask_date DESC', 50, 'glyphicon glyphicon-retweet', NULL, NULL),
('2016', '517', 'Обратная связь', 1, 1, NULL, NULL, NULL, 'id_feedback DESC', 50, 'glyphicon glyphicon-share-alt', NULL, NULL),
('2017', '519', 'Заказы пользователей', 1, 1, NULL, NULL, NULL, 'create_date DESC', 50, 'glyphicon glyphicon-shopping-cart', NULL, NULL),
('2018', '520', 'Витрина', 1, 1, NULL, NULL, NULL, 'sequence ASC', 50, 'glyphicon glyphicon-fullscreen', NULL, NULL),
('2019', '521', 'Викторины', 1, 1, NULL, NULL, NULL, 'id_quiz DESC', 50, NULL, NULL, NULL),
('2020', '522', 'Вопросы викторины', 1, 0, NULL, NULL, NULL, 'sequence ASC', 50, NULL, NULL, NULL),
('2021', '523', 'Варианты ответов', 1, 0, NULL, NULL, NULL, 'sequence ASC', 50, NULL, NULL, NULL),
('2022', '524', 'Ответ пользователя', 1, 0, NULL, NULL, NULL, 'create_date DESC', 50, NULL, NULL, NULL),
('2023', '525', 'Брэнды', 1, 1, NULL, NULL, NULL, 'sequence ASC', 50, 'glyphicon glyphicon-bookmark', 'id_parent', NULL),
('2024', '529', 'Статусы остатка продукции', 1, 1, NULL, NULL, NULL, 'id_remain_status ASC', 50, NULL, NULL, NULL),
('2025', '530', 'Отзывы клиентов', 1, 1, NULL, NULL, NULL, 'create_date DESC', 50, 'glyphicon glyphicon-book', NULL, NULL),
('2026', '531', 'Уведомления', 1, 1, NULL, NULL, NULL, 'date DESC', 50, NULL, NULL, NULL),
('21', '39', 'Типы файлов', 1, 1, NULL, NULL, NULL, 'id_file_type ASC', 50, NULL, NULL, NULL),
('22', '40', 'Расширения файлов', 1, 1, NULL, NULL, NULL, 'id_file_extension ASC', 50, NULL, NULL, NULL),
('22-view-main', '22', 'Типы данных', 1, 1, NULL, NULL, NULL, 'sequence', 50, NULL, NULL, NULL),
('23', '41', 'Пользовательские свойства', 1, 1, NULL, NULL, NULL, NULL, 50, NULL, NULL, NULL),
('3', '21', 'Свойства объекта', 1, 0, NULL, NULL, NULL, 'sequence ASC', 50, NULL, NULL, NULL),
('31', '49', 'События', 1, 1, NULL, NULL, NULL, 'id_event DESC', 50, NULL, NULL, NULL),
('32', '50', 'Почтовые аккаунты', 1, 1, NULL, NULL, NULL, 'host ASC', 50, 'glyphicon glyphicon-inbox', NULL, NULL),
('33', '51', 'Планировщик', 1, 1, NULL, NULL, NULL, 'id_job ASC', 50, 'glyphicon glyphicon-calendar', NULL, NULL),
('35', '54', 'Доступные локализации', 1, 1, NULL, NULL, NULL, 'id_localization ASC', 50, NULL, NULL, NULL),
('41', '61', 'Инструкции', 1, 1, NULL, NULL, NULL, 'num_seq ASC', 50, NULL, NULL, NULL),
('43', '63', 'Представление', 1, 0, NULL, NULL, NULL, 'order_no ASC', 50, NULL, NULL, '<p>Для получения возможности редактирования экземпляров объекта (осуществления CRUD-операций) необходимо создать представление. Один объект может иметь множество представлений. Представление хранит информацию о свойствах объекта, отображаемых в списке экземпляров, а также о порядке их сортировки.</p>  <p>Быстро создать представление для объекта и его колонки можно при редактировании объекта в блоке Создать представление. Подробнее читай в <a target="_blank" href="http://www.ygin.ru/documentation/sozdanie-predstavlenii-obekta-17/">документации</a> к системе.</p>'),
('44', '66', 'Колонка представления', 1, 0, NULL, NULL, NULL, 'order_no ASC', 50, NULL, NULL, NULL),
('50', '80', 'php-скрипты', 1, 0, NULL, NULL, NULL, 'id_php_script_type ASC', 50, NULL, NULL, NULL),
('52', '86', 'Интерфейс php-скрипта', 1, 1, NULL, NULL, NULL, 'id_php_script_interface ASC', 50, NULL, NULL, NULL),
('55', '101', 'Виджеты &raquo; Наборы виджетов', 1, 1, NULL, NULL, NULL, 'id_module_template ASC', 50, 'glyphicon glyphicon-tags', NULL, NULL),
('57', '103', 'Виджеты &raquo; Виджеты сайта', 1, 1, NULL, NULL, NULL, 'name ASC', 50, 'glyphicon glyphicon-tag', NULL, NULL),
('58', '105', 'Голосование', 1, 1, NULL, NULL, NULL, 'create_date DESC', 50, 'icon-check', NULL, NULL),
('59', '106', 'Ответы на голосование', 1, 0, NULL, NULL, NULL, NULL, 50, NULL, NULL, NULL),
('6', '24', 'Пользователи', 1, 1, NULL, NULL, NULL, NULL, 50, 'glyphicon glyphicon-user', NULL, NULL),
('67', '250', 'Комментарии', 1, 1, 'id_object, id_instance', NULL, NULL, 'comment_date ASC', 50, 'glyphicon glyphicon-comment', 'id_parent', NULL),
('7', '25', 'Типы прав доступа', 1, 1, NULL, NULL, NULL, NULL, 50, NULL, NULL, NULL),
('9', '27', 'Справочники', 1, 1, NULL, NULL, NULL, 'id_reference ASC', 50, 'glyphicon glyphicon-book', NULL, NULL),
('project-bloki---ssylki-na-glavnoi-view-main', 'project-bloki---ssylki-na-glavnoi', 'Блоки - ссылки на главной', 1, 1, NULL, NULL, NULL, 'sequence', 50, NULL, NULL, NULL),
('project-bloki-kontenta-view-main', 'project-bloki-kontenta', 'Блоки контента', 1, 1, NULL, NULL, NULL, NULL, 50, NULL, NULL, ''),
('project-eto-interesno-view-main', 'project-eto-interesno', 'Это интересно', 1, 1, NULL, NULL, NULL, NULL, 50, NULL, NULL, ''),
('project-forma-obratnoi-svyazi-view-main', 'project-forma-obratnoi-svyazi', 'Формы задать вопрос/написать нам', 1, 1, NULL, NULL, NULL, 'id_app_form_feedback DESC', 50, NULL, NULL, ''),
('project-forma-zakaza-zvonka-view-main', 'project-forma-zakaza-zvonka', 'Форма заказа звонка', 1, 1, NULL, NULL, NULL, 'id_app_form_callback DESC', 50, NULL, NULL, ''),
('project-fotoalbomy-view-main', 'project-fotoalbomy', 'Фотоальбомы', 1, 1, NULL, NULL, NULL, 'sequence', 50, NULL, NULL, NULL),
('project-kategorii-eto-interesno-view-main', 'project-kategorii-eto-interesno', 'Категории это интересно', 1, 1, NULL, NULL, NULL, 'sequence', 50, NULL, NULL, NULL),
('project-kategorii-suvenirov-view-main', 'project-kategorii-suvenirov', 'Категории сувениров', 1, 1, NULL, NULL, NULL, 'sequence', 50, NULL, NULL, NULL),
('project-kategorii-turov-view-main', 'project-kategorii-turov', 'Категории туров', 1, 1, NULL, NULL, NULL, 'sequence', 50, NULL, NULL, NULL),
('project-kontakty-view-main', 'project-kontakty', 'Контакты', 1, 1, NULL, NULL, NULL, '', 50, NULL, NULL, NULL),
('project-otzyvy-view-main', 'project-otzyvy', 'Отзывы', 1, 1, NULL, NULL, NULL, 'datetime DESC', 50, NULL, NULL, NULL),
('project-podbor-tura-view-main', 'project-podbor-tura', 'Подбор тура', 1, 1, NULL, NULL, NULL, 'datetime DESC', 50, NULL, NULL, NULL),
('project-suveniry-view-main', 'project-suveniry', 'Сувениры', 1, 1, NULL, NULL, NULL, 'sequence', 50, NULL, NULL, NULL),
('project-svyaz-eto-interesno-i-kategorii-view-main', 'project-svyaz-eto-interesno-i-kategorii', 'Связь Это интересно и Категорий', 1, 0, NULL, NULL, NULL, NULL, 50, NULL, NULL, ''),
('project-svyaz-turov-i-eto-interesno-view-main', 'project-svyaz-turov-i-eto-interesno', 'Связь Туров и Это интересно', 1, 0, NULL, NULL, NULL, NULL, 50, NULL, NULL, ''),
('project-tury-view-main', 'project-tury', 'Туры', 1, 1, NULL, NULL, NULL, 'sequence', 50, NULL, NULL, NULL),
('project-vidoalbom-view-main', 'project-vidoalbom', 'Видоальбом', 1, 1, NULL, NULL, NULL, 'sequence', 50, NULL, NULL, NULL),
('project-vodnye-znaki-view-main', 'project-vodnye-znaki', 'Водные знаки', 1, 1, NULL, NULL, NULL, 'id_app_watermark', 50, NULL, NULL, NULL),
('project-zakaz-suvenira-view-main', 'project-zakaz-suvenira', 'Заказы сувенира', 1, 1, NULL, NULL, NULL, 'datetime DESC', 50, NULL, NULL, NULL),
('project-zakazy-turov-view-main', 'project-zakazy-turov', 'Заказы туров', 1, 1, NULL, NULL, NULL, 'datetime DESC', 50, NULL, NULL, NULL),
('ygin-invoice-view-main', 'ygin-invoice', 'Счета', 1, 1, NULL, NULL, NULL, 'create_date DESC', 50, NULL, NULL, NULL),
('ygin-menu-view-main', 'ygin-menu', 'Меню', 1, 1, 'external_link, go_to_type, alias, id_parent, content', NULL, NULL, 'sequence ASC', 50, 'glyphicon glyphicon-list-alt', 'id_parent', NULL);

-- --------------------------------------------------------

--
-- Структура таблицы `da_object_view_column`
--

CREATE TABLE IF NOT EXISTS `da_object_view_column` (
  `id_object_view_column` varchar(255) NOT NULL COMMENT 'id',
  `id_object_view` varchar(255) NOT NULL COMMENT 'Представление',
  `id_object` varchar(255) NOT NULL COMMENT 'Объект',
  `caption` varchar(255) DEFAULT NULL COMMENT 'Заголовок колонки',
  `order_no` int(8) NOT NULL DEFAULT '1' COMMENT 'п/п',
  `id_object_parameter` varchar(255) DEFAULT NULL COMMENT 'Параметр объекта',
  `id_data_type` int(8) NOT NULL DEFAULT '2' COMMENT 'Тип данных',
  `field_name` varchar(255) NOT NULL COMMENT 'Имя поля',
  `handler` varchar(255) DEFAULT NULL COMMENT 'Обработчик',
  `visible` tinyint(1) DEFAULT '1' COMMENT 'Видимость',
  PRIMARY KEY (`id_object_view_column`)
) ENGINE=InnoDB DEFAULT CHARSET=utf8 COMMENT='Колонка представления';

--
-- Дамп данных таблицы `da_object_view_column`
--

INSERT INTO `da_object_view_column` (`id_object_view_column`, `id_object_view`, `id_object`, `caption`, `order_no`, `id_object_parameter`, `id_data_type`, `field_name`, `handler`, `visible`) VALUES
('105', '50', '80', 'Доступен', 0, '334', 9, 'active', NULL, 1),
('106', '50', '80', 'Интерфейс', 1, '337', 7, 'id_php_script_interface', NULL, 1),
('107', '50', '80', 'Путь к скрипту', 3, '339', 2, 'file_path', NULL, 1),
('11', '6', '24', 'Имя пользователя', 1, '93', 2, 'full_name', NULL, 1),
('112', '52', '86', 'Название', 1, '348', 2, 'name', NULL, 1),
('115', 'ygin-menu-view-main', 'ygin-menu', 'Название в меню', 1, '2', 2, 'name', NULL, 1),
('116', 'ygin-menu-view-main', 'ygin-menu', NULL, 2, '5', 10, 'visible', '3', 1),
('117', '55', '101', 'Название шаблона', 1, '13', 2, 'name', NULL, 1),
('118', '55', '101', 'Шаблон по умолчанию', 2, '16', 9, 'is_default_template', NULL, 1),
('119', '50', '80', 'Имя', 2, '342', 2, 'description', NULL, 1),
('12', '6', '24', 'Группа пользователя', 2, '89', 7, 'id_group', NULL, 0),
('120', '57', '103', 'Видимость', 3, '546', 9, 'is_visible', NULL, 1),
('121', '57', '103', NULL, 2, '544', 10, 'link', '4', 1),
('122', '57', '103', 'Имя', 1, '542', 2, 'name', NULL, 1),
('123', '58', '105', 'Название голосования', 1, '531', 2, 'name', NULL, 1),
('124', '58', '105', 'Активное', 2, '534', 9, 'is_active', NULL, 1),
('125', '58', '105', 'Показать в модуле', 3, '535', 9, 'in_module', NULL, 1),
('126', '58', '105', 'Дата создания голосования', 4, '536', 4, 'create_date', NULL, 1),
('127', '59', '106', 'Вариант ответа', 1, '539', 2, 'name', NULL, 1),
('13', '6', '24', 'Логин', 3, '90', 2, 'name', NULL, 1),
('14', '6', '24', 'Дата регистрации пользователя', 4, '239', 4, 'create_date', NULL, 1),
('145', '67', '250', 'Автор', 1, '1204', 2, 'comment_name', NULL, 1),
('146', '67', '250', 'Дата', 2, '1206', 4, 'comment_date', NULL, 1),
('147', '67', '250', 'Статус', 5, '1208', 6, 'moderation', '', 1),
('148', '67', '250', 'Ссылка', 3, NULL, 10, '-', '443', 0),
('149', '50', '80', '', 5, NULL, 10, 'cache', '5', 0),
('15', '7', '25', 'name', 1, '97', 2, 'name', NULL, 1),
('150', '57', '103', NULL, 3, NULL, 10, 'cache', '5', 0),
('170', '100', '261', 'Заголовок группы', 1, '1312', 2, 'title', NULL, 1),
('171', '100', '261', 'Тип показа баннеров', 2, '1313', 6, 'showing', NULL, 1),
('172', '101', '260', 'Текстовое описание', 1, '1304', 2, 'alt', NULL, 1),
('173', '101', '260', 'Ссылка на сайт', 2, '1303', 2, 'link', NULL, 1),
('2', '2', '20', 'Имя объекта', 1, '64', 2, 'name', NULL, 1),
('20', '9', '27', 'Название справочника', 1, '110', 2, 'name', NULL, 1),
('2001-visible', '2001', '501', 'Видимость', 3, '501-visible', 9, 'visible', NULL, 1),
('21', '10', '28', 'Справочник', 1, '112', 7, 'id_reference', NULL, 1),
('22', '10', '28', 'Значение элемента', 2, '113', 1, 'id_reference_element', NULL, 1),
('22-view-main-name', '22-view-main', '22', 'Название типа данных', 1, '86', 2, 'name', NULL, 1),
('23', '10', '28', 'Имя значения', 3, '114', 2, 'value', NULL, 1),
('24', '11', '29', 'Название', 1, '49', 2, 'name', NULL, 1),
('25', '12', '30', 'Группа параметров', 1, '117', 7, 'id_group_system_parameter', NULL, 1),
('26', '12', '30', 'Значение параметра', 2, '119', 2, 'value', NULL, 1),
('27', '12', '30', 'Описание', 3, '120', 2, 'note', NULL, 1),
('28', '13', '31', 'Путь к содержимому домена', 1, '282', 2, 'domain_path', NULL, 1),
('29', '13', '31', 'Доменное имя', 2, '283', 2, 'name', NULL, 1),
('3', '3', '21', 'Объект', 1, '75', 7, 'id_object', NULL, 1),
('30', '13', '31', 'Описание', 3, '284', 2, 'description', NULL, 1),
('31', '15', '33', 'Описание', 1, '31', 2, 'description', NULL, 1),
('32', '16', '34', 'Тип события', 1, '37', 7, 'id_event_type', NULL, 1),
('33', '16', '34', 'E-mail адрес', 2, '42', 2, 'email', NULL, 1),
('34', '16', '34', 'Имя подписчика', 3, '44', 2, 'name', NULL, 1),
('35', '17', '35', 'Название', 1, '51', 2, 'name', NULL, 1),
('36', '17', '35', 'Объект для работы', 2, '245', 7, 'id_object', NULL, 1),
('37', '6', '24', 'Активен', 5, '122', 9, 'active', NULL, 1),
('39', '19', '37', 'Путь к файлу', 1, '135', 2, 'file_path', NULL, 1),
('4', '3', '21', 'Тип свойства', 2, '76', 7, 'id_parameter_type', NULL, 1),
('40', '19', '37', 'Объект', 2, '138', 7, 'id_object', NULL, 1),
('41', '21', '39', 'Название', 1, '130', 2, 'name', NULL, 1),
('42', '22', '40', 'Тип файла', 1, '133', 7, 'id_file_type', NULL, 1),
('43', '22', '40', 'Расширение', 2, '132', 2, 'ext', NULL, 1),
('44', '23', '41', 'Описание', 1, '298', 2, 'caption', NULL, 1),
('45', '23', '41', 'Имя свойства', 2, '299', 2, 'NAME', NULL, 1),
('46', '23', '41', 'Тип свойства', 3, '294', 7, 'ID_PROPERTY_TYPE', NULL, 1),
('47', '23', '41', 'Объект', 4, '295', 7, 'ID_OBJECT', NULL, 1),
('5', '3', '21', 'Виджет', 3, '78', 2, 'widget', NULL, 1),
('6', '3', '21', 'Описание свойства', 4, '79', 2, 'caption', NULL, 1),
('60', '31', '49', 'Тип события', 1, '254', 7, 'id_event_type', NULL, 1),
('6001', '2001', '501', 'Файл', 1, '1510', 8, 'file', NULL, 1),
('6002', '2001', '501', 'Название', 2, '1508', 2, 'name', NULL, 1),
('6004', '2002', '502', 'Категория', 3, '1514', 7, 'id_news_category', NULL, 0),
('6005', '2002', '502', 'Заголовок', 2, '1517', 2, 'title', NULL, 1),
('6006', '2002', '502', 'Дата', 4, '1516', 4, 'date', NULL, 1),
('6008', '2002', '502', 'Фото', 1, '1519', 8, 'photo', NULL, 1),
('6009', '2002', '502', 'Видимость', 14, '1520', 9, 'is_visible', NULL, 1),
('6010', '2003', '503', 'Название', 1, '1522', 2, 'name', NULL, 1),
('6011', '2003', '503', 'Видимость', 13, '1524', 9, 'is_visible', NULL, 1),
('6012', '2004', '505', 'Спрашивает', 1, '1526', 2, 'user_fio', NULL, 1),
('6014', '2004', '505', 'Дата', 1, '1530', 4, 'ask_date', NULL, 1),
('6015', '2004', '505', 'Вопрос', 1, '1528', 14, 'short_ask', NULL, 1),
('6016', '2004', '505', 'Видимость', 12, '1532', 9, 'is_visible', NULL, 1),
('6017', '2005', '506', 'Отвечающий', 2, '1534', 7, 'id_consultation_answerer', NULL, 1),
('6018', '2005', '506', 'Отвечающий (ручной ввод)', 3, '1535', 2, 'answerer', NULL, 1),
('6019', '2005', '506', 'Дата', 1, '1536', 4, 'answer_date', NULL, 1),
('6020', '2005', '506', 'Ответ', 4, '1538', 3, 'short_answer', NULL, 1),
('6021', '2005', '506', 'IP', 5, '1539', 2, 'ip', NULL, 1),
('6022', '2006', '507', 'ФИО отвечающего', 2, '1547', 2, 'name', NULL, 1),
('6023', '2006', '507', 'e-mail', 3, '1546', 2, 'email', NULL, 1),
('6024', '2006', '507', 'Фото', 1, '1544', 8, 'photo', NULL, 1),
('6025', '2007', '508', 'Описание', 2, '1549', 14, 'description', NULL, 1),
('6026', '2007', '508', 'Специализация', 1, '1551', 2, 'specialization', NULL, 1),
('6027', '2002', '502', 'Комменты', 10, NULL, 10, '-', '250', 0),
('6028', '2004', '505', 'Комменты', 10, NULL, 10, '-', '250', 1),
('6029', '2008', '509', 'Название', 2, '1553', 2, 'name', NULL, 1),
('6030', '2008', '509', 'Наценка (%)', 3, '1557', 1, 'price_markup', NULL, 1),
('6033', '2010', '511', 'Название', 3, '1567', 2, 'name', NULL, 1),
('6036', '2010', '511', 'Розничная цена', 4, '1570', 1, 'retail_price', NULL, 1),
('6037', '2010', '511', 'Изображение', 1, '1576', 8, 'image', NULL, 1),
('6038', '2010', '511', 'Код', 2, '1566', 1, 'code', NULL, 1),
('6039', '2011', '512', 'Дата', 1, '1579', 4, 'ask_date', NULL, 1),
('6040', '2011', '512', 'Спрашивающий', 1, '1580', 2, 'name', NULL, 1),
('6041', '2011', '512', 'Вопрос', 1, '1581', 14, 'question', NULL, 1),
('6043', '2011', '512', 'Видимость', 1, '1585', 9, 'visible', NULL, 1),
('6056', '2016', '517', 'ФИО', 1, '1610', 2, 'fio', NULL, 1),
('6057', '2016', '517', 'Сообщение', 1, '1613', 14, 'message', NULL, 1),
('6058', '2016', '517', 'Дата сообщения', 1, '1614', 4, 'date', NULL, 1),
('6059', '2010', '511', NULL, 5, NULL, 10, '-', '1001', 1),
('6060', '2017', '519', 'ФИО', 2, '1621', 2, 'fio', NULL, 1),
('6061', '2017', '519', 'e-mail', 3, '1623', 2, 'mail', NULL, 1),
('6062', '2017', '519', 'Заказ', 4, '1625', 14, 'offer_text', NULL, 1),
('6063', '2017', '519', 'Обработано', 5, '1627', 9, 'is_process', NULL, 1),
('6064', '2018', '520', 'Фото', 3, '1634', 8, 'image', NULL, 1),
('6065', '2018', '520', 'Ссылка на переход', 2, '1631', 2, 'link', NULL, 1),
('6066', '2018', '520', 'Заголовок', 1, '1632', 2, 'title', NULL, 1),
('6068', '101', '260', 'Видимость', 3, '1309', 9, 'visible', NULL, 1),
('6069', '2019', '521', 'name', 1, '1639', 2, 'name', NULL, 1),
('6070', '2019', '521', 'active', 1, '1642', 9, 'active', NULL, 1),
('6071', '2020', '522', 'Викторина', 1, '1644', 7, 'id_quiz', NULL, 1),
('6072', '2020', '522', 'Текст вопроса', 1, '1646', 3, 'question', NULL, 1),
('6073', '2020', '522', 'Тип ответов', 1, '1647', 6, 'type', NULL, 1),
('6074', '2021', '523', 'Вопрос', 1, '1650', 7, 'id_quiz_question', NULL, 1),
('6075', '2021', '523', 'Текст ответа', 1, '1651', 2, 'answer', NULL, 1),
('6076', '2021', '523', 'Правильный ли ответ', 1, '1652', 9, 'is_right', NULL, 1),
('6077', '2022', '524', 'Викторина', 1, '1655', 7, 'id_quiz', NULL, 1),
('6078', '2022', '524', 'ФИО', 1, '1656', 2, 'name', NULL, 1),
('6079', '2022', '524', 'Дата', 1, '1661', 4, 'create_date', NULL, 1),
('6080', '2008', '509', 'Фото', 1, '1555', 8, 'image', NULL, 1),
('6081', '2017', '519', 'Дата', 1, '1626', 4, 'create_date', NULL, 1),
('6082', '2008', '509', 'Видимость', 4, '1637', 9, 'visible', NULL, 1),
('6083', '2010', '511', 'Видимость', 6, '1663', 9, 'visible', NULL, 1),
('6084', '2023', '525', 'Название', 1, '1667', 2, 'name', NULL, 1),
('6085', '2023', '525', 'Логотип брэнда', 1, '1669', 8, 'image', NULL, 1),
('6086', '2024', '529', 'Название', 1, '1680', 2, 'name', NULL, 1),
('6087', '2025', '530', 'ФИО', 1, '1685', 2, 'name', NULL, 1),
('6088', '2025', '530', 'Дата', 1, '1686', 4, 'create_date', NULL, 1),
('6089', '2025', '530', 'Текст отзыва', 1, '1687', 14, 'review', NULL, 1),
('6090', '2025', '530', 'Видимость на сайте', 1, '1689', 9, 'visible', NULL, 1),
('6091', '2026', '531', 'Текст', 1, '1694', 14, 'text', NULL, 1),
('6092', '2026', '531', 'Дата создания', 1, '1695', 4, 'date', NULL, 1),
('6093', '67', '250', 'Комментарий', 4, '1207', 10, 'comment_text', '1046', 1),
('6094', 'ygin-menu-view-main', 'ygin-menu', 'Видимость', 23, '5', 9, 'visible', NULL, 1),
('61', '31', '49', 'Дата создания события', 2, '256', 4, 'event_create', NULL, 1),
('62', '32', '50', 'E-mail для поля "От"', 1, '259', 2, 'email_from', NULL, 1),
('63', '32', '50', 'Имя отправителя', 2, '260', 2, 'from_name', NULL, 1),
('64', '32', '50', 'HOST', 3, '262', 2, 'host', NULL, 1),
('65', '33', '51', 'Имя задачи', 1, '274', 2, 'name', NULL, 1),
('66', '33', '51', 'Дата последнего запуска', 2, '271', 4, 'last_start_date', NULL, 1),
('67', '33', '51', 'Дата следущего запуска', 3, '272', 4, 'next_start_date', NULL, 1),
('68', '33', '51', 'Количество ошибок', 4, '273', 1, 'failures', NULL, 1),
('69', '33', '51', 'Имя класса задачи', 5, '276', 2, 'class_name', NULL, 1),
('7', '3', '21', 'Имя поля в БД', 5, '80', 2, 'field_name', NULL, 1),
('70', '33', '51', 'Вкл.', 6, '291', 9, 'active', NULL, 1),
('71', '35', '54', 'Код', 1, '312', 2, 'code', NULL, 1),
('72', '35', '54', 'Название', 2, '311', 2, 'name', NULL, 1),
('73', '35', '54', 'Используется ли локализация', 3, '313', 9, 'is_use', NULL, 1),
('79', '13', '31', 'Активен', 4, '304', 9, 'active', NULL, 1),
('8', '3', '21', 'NOT NULL', 6, '84', 9, 'not_null', NULL, 1),
('85', '41', '61', 'Название', 1, '141', 2, 'name', NULL, 1),
('86', '41', '61', 'Видимость', 2, '144', 9, 'visible', NULL, 1),
('87', '41', '61', 'Относится только к этому сайту', 3, '143', 9, 'desc_type', NULL, 1),
('88', '43', '63', 'Объект', 1, '401', 7, 'id_object', NULL, 1),
('89', '43', '63', 'Имя представления', 2, '406', 2, 'name', NULL, 1),
('9', '2', '20', 'Таблица', 0, '67', 2, 'table_name', NULL, 1),
('90', '44', '66', 'Представление', 1, '416', 7, 'id_object_view', NULL, 1),
('91', '44', '66', 'Заголовок колонки', 2, '418', 2, 'caption', NULL, 1),
('92', '44', '66', 'Параметр объекта', 3, '420', 7, 'id_object_parameter', NULL, 1),
('93', '44', '66', 'Тип данных', 4, '421', 7, 'id_data_type', NULL, 1),
('94', '44', '66', 'Имя поля', 5, '422', 2, 'field_name', NULL, 1),
('95', '44', '66', 'Видимость', 6, '424', 9, 'visible', NULL, 1),
('project-bloki---ssylki-na-glavnoi-view-main-bg-image', 'project-bloki---ssylki-na-glavnoi-view-main', 'project-bloki---ssylki-na-glavnoi', 'Картинка на фон', 1, 'project-bloki---ssylki-na-glavnoi-bg-image', 8, 'bg_image', NULL, 1),
('project-bloki---ssylki-na-glavnoi-view-main-state', 'project-bloki---ssylki-na-glavnoi-view-main', 'project-bloki---ssylki-na-glavnoi', 'Видимость', 3, 'project-bloki---ssylki-na-glavnoi-state', 9, 'state', NULL, 1),
('project-bloki---ssylki-na-glavnoi-view-main-title-ru', 'project-bloki---ssylki-na-glavnoi-view-main', 'project-bloki---ssylki-na-glavnoi', 'Заголовок по русски', 2, 'project-bloki---ssylki-na-glavnoi-title', 2, 'title_ru', NULL, 1),
('project-bloki-kontenta-view-main-explanation', 'project-bloki-kontenta-view-main', 'project-bloki-kontenta', 'Объяснение', 1, 'project-bloki-kontenta-explanation', 2, 'explanation', NULL, 1),
('project-bloki-kontenta-view-main-name', 'project-bloki-kontenta-view-main', 'project-bloki-kontenta', 'Название', 1, 'project-bloki-kontenta-name', 2, 'name', NULL, 1),
('project-bloki-kontenta-view-main-state', 'project-bloki-kontenta-view-main', 'project-bloki-kontenta', 'Видимость', 1, 'project-bloki-kontenta-state', 9, 'state', NULL, 1),
('project-eto-interesno-view-main-main-image', 'project-eto-interesno-view-main', 'project-eto-interesno', 'Главная картинка', 1, 'project-eto-interesno-main-image', 8, 'main_image', NULL, 1),
('project-eto-interesno-view-main-name-ru', 'project-eto-interesno-view-main', 'project-eto-interesno', 'Название', 2, 'project-eto-interesno-name-ru', 2, 'name_ru', NULL, 1),
('project-eto-interesno-view-main-visible', 'project-eto-interesno-view-main', 'project-eto-interesno', 'Видимость', 4, 'project-eto-interesno-visible', 9, 'visible', NULL, 1),
('project-forma-obratnoi-svyazi-view-main-datetime', 'project-forma-obratnoi-svyazi-view-main', 'project-forma-obratnoi-svyazi', 'Дата отправки', 4, 'project-forma-obratnoi-svyazi-datetime', 4, 'datetime', NULL, 1),
('project-forma-obratnoi-svyazi-view-main-email', 'project-forma-obratnoi-svyazi-view-main', 'project-forma-obratnoi-svyazi', 'Ваш e-mail', 2, 'project-forma-obratnoi-svyazi-email', 2, 'email', NULL, 1),
('project-forma-obratnoi-svyazi-view-main-name', 'project-forma-obratnoi-svyazi-view-main', 'project-forma-obratnoi-svyazi', 'Ваше имя', 1, 'project-forma-obratnoi-svyazi-name', 2, 'name', NULL, 1),
('project-forma-obratnoi-svyazi-view-main-phone', 'project-forma-obratnoi-svyazi-view-main', 'project-forma-obratnoi-svyazi', 'Ваш телефон', 3, 'project-forma-obratnoi-svyazi-phone', 2, 'phone', NULL, 1),
('project-forma-zakaza-zvonka-view-main-datetime', 'project-forma-zakaza-zvonka-view-main', 'project-forma-zakaza-zvonka', 'Дата отправки', 3, 'project-forma-zakaza-zvonka-datetime', 4, 'datetime', NULL, 1),
('project-forma-zakaza-zvonka-view-main-name', 'project-forma-zakaza-zvonka-view-main', 'project-forma-zakaza-zvonka', 'Ваше имя', 1, 'project-forma-zakaza-zvonka-name', 2, 'name', NULL, 1),
('project-forma-zakaza-zvonka-view-main-phone', 'project-forma-zakaza-zvonka-view-main', 'project-forma-zakaza-zvonka', 'Ваш телефон', 2, 'project-forma-zakaza-zvonka-phone', 2, 'phone', NULL, 1),
('project-fotoalbomy-view-main-foto', 'project-fotoalbomy-view-main', '4', 'Фото', 2, '', 10, '-', '1001', 1),
('project-fotoalbomy-view-main-name-ru', 'project-fotoalbomy-view-main', 'project-fotoalbomy', 'Название альбома', 1, 'project-fotoalbomy-name-ru', 2, 'name_ru', NULL, 1),
('project-fotoalbomy-view-main-visible', 'project-fotoalbomy-view-main', 'project-fotoalbomy', 'Видимость', 3, 'project-fotoalbomy-visible', 9, 'visible', NULL, 1),
('project-kategorii-eto-interesno-view-main-name-ru', 'project-kategorii-eto-interesno-view-main', 'project-kategorii-eto-interesno', 'Название', 1, 'project-kategorii-eto-interesno-name-ru', 2, 'name_ru', NULL, 1),
('project-kategorii-eto-interesno-view-main-visible', 'project-kategorii-eto-interesno-view-main', 'project-kategorii-eto-interesno', 'Видимость', 1, 'project-kategorii-eto-interesno-visible', 9, 'visible', NULL, 1),
('project-kategorii-suvenirov-view-main-name-ru', 'project-kategorii-suvenirov-view-main', 'project-kategorii-suvenirov', 'Название', 1, 'project-kategorii-suvenirov-name-ru', 2, 'name_ru', NULL, 1),
('project-kategorii-suvenirov-view-main-visible', 'project-kategorii-suvenirov-view-main', 'project-kategorii-suvenirov', 'Видимость', 2, 'project-kategorii-suvenirov-visible', 9, 'visible', NULL, 1),
('project-kategorii-turov-view-main-name-ru', 'project-kategorii-turov-view-main', 'project-kategorii-turov', 'Название по русски', 1, 'project-kategorii-turov-name-ru', 2, 'name_ru', NULL, 1),
('project-kategorii-turov-view-main-state', 'project-kategorii-turov-view-main', 'project-kategorii-turov', 'Видимость', 1, 'project-kategorii-turov-state', 9, 'state', NULL, 1),
('project-kontakty-view-main-content-ru', 'project-kontakty-view-main', 'project-kontakty', 'Содержание', 1, 'project-kontakty-content-ru', 3, 'content_ru', NULL, 1),
('project-otzyvy-view-main-accepted', 'project-otzyvy-view-main', 'project-otzyvy', 'Принято модератором', 2, 'project-otzyvy-accepted', 9, 'accepted', NULL, 1),
('project-otzyvy-view-main-datetime', 'project-otzyvy-view-main', 'project-otzyvy', 'Дата отзыва', 3, 'project-otzyvy-datetime', 4, 'datetime', NULL, 1),
('project-otzyvy-view-main-id-app-tour', 'project-otzyvy-view-main', 'project-otzyvy', 'Тур', 1, 'project-otzyvy-id-app-tour', 7, 'id_app_tour', NULL, 1),
('project-otzyvy-view-main-name-sender', 'project-otzyvy-view-main', 'project-otzyvy', 'Имя отправителя', 1, 'project-otzyvy-name-sender', 2, 'name_sender', NULL, 1),
('project-podbor-tura-view-main-datetime', 'project-podbor-tura-view-main', 'project-podbor-tura', 'Дата заявки', 4, 'project-podbor-tura-datetime', 4, 'datetime', NULL, 1),
('project-podbor-tura-view-main-email', 'project-podbor-tura-view-main', 'project-podbor-tura', 'Ваш адрес электронной почты', 2, 'project-podbor-tura-email', 2, 'email', NULL, 1),
('project-podbor-tura-view-main-name', 'project-podbor-tura-view-main', 'project-podbor-tura', 'Фамилия Имя', 1, 'project-podbor-tura-name', 2, 'name', NULL, 1),
('project-podbor-tura-view-main-processed', 'project-podbor-tura-view-main', 'project-podbor-tura', 'Обработано', 3, 'project-podbor-tura-processed', 9, 'processed', NULL, 1),
('project-suveniry-view-main-id-app-souvenir-category', 'project-suveniry-view-main', 'project-suveniry', 'Категория сувенира', 2, 'project-suveniry-id-app-souvenir-category', 7, 'id_app_souvenir_category', NULL, 1),
('project-suveniry-view-main-main-image', 'project-suveniry-view-main', 'project-suveniry', 'Главная картинка', 1, 'project-suveniry-main-image', 8, 'main_image', NULL, 1),
('project-suveniry-view-main-name-ru', 'project-suveniry-view-main', 'project-suveniry', 'Название', 3, 'project-suveniry-name-ru', 2, 'name_ru', NULL, 1),
('project-suveniry-view-main-price', 'project-suveniry-view-main', 'project-suveniry', 'Цена', 4, 'project-suveniry-phone', 2, 'price', NULL, 1),
('project-suveniry-view-main-visible', 'project-suveniry-view-main', 'project-suveniry', 'Видимость', 5, 'project-suveniry-visible', 9, 'visible', NULL, 1),
('project-svyaz-eto-interesno-i-kategorii-view-main-id-app-interesting', 'project-svyaz-eto-interesno-i-kategorii-view-main', 'project-svyaz-eto-interesno-i-kategorii', 'Это интересно', 1, 'project-svyaz-eto-interesno-i-kategorii-id-app-interesting', 7, 'id_app_interesting', NULL, 1),
('project-svyaz-eto-interesno-i-kategorii-view-main-id-app-interesting-category', 'project-svyaz-eto-interesno-i-kategorii-view-main', 'project-svyaz-eto-interesno-i-kategorii', 'Категория это интересно', 1, 'project-svyaz-eto-interesno-i-kategorii-id-app-interesting-category', 7, 'id_app_interesting_category', NULL, 1),
('project-svyaz-turov-i-eto-interesno-view-main-id-app-interesting', 'project-svyaz-turov-i-eto-interesno-view-main', 'project-svyaz-turov-i-eto-interesno', 'Это интересно', 1, 'project-svyaz-turov-i-eto-interesno-id-app-interesting', 7, 'id_app_interesting', NULL, 1),
('project-svyaz-turov-i-eto-interesno-view-main-id-app-tour', 'project-svyaz-turov-i-eto-interesno-view-main', 'project-svyaz-turov-i-eto-interesno', 'Тур', 1, 'project-svyaz-turov-i-eto-interesno-id-app-tour', 7, 'id_app_tour', NULL, 1),
('project-tury-view-main-id-app-tour-category', 'project-tury-view-main', 'project-tury', 'Категория тура', 2, 'project-tury-id-app-tour-category', 7, 'id_app_tour_category', NULL, 1),
('project-tury-view-main-in-main-page', 'project-tury-view-main', 'project-tury', 'Отображать на главной странице', 5, 'project-tury-in-main-page', 9, 'in_main_page', NULL, 1),
('project-tury-view-main-main-image', 'project-tury-view-main', 'project-tury', 'Главная картинка', 1, 'project-tury-main-image', 8, 'main_image', NULL, 1),
('project-tury-view-main-name-ru', 'project-tury-view-main', 'project-tury', 'Название по русски', 3, 'project-tury-name-ru', 2, 'name_ru', NULL, 1),
('project-tury-view-main-new-item', 'project-tury-view-main', 'project-tury', 'Новинка', 4, 'project-tury-naew-item', 9, 'new_item', NULL, 1),
('project-tury-view-main-state', 'project-tury-view-main', 'project-tury', 'Видимость', 6, 'project-tury-state', 9, 'state', NULL, 1),
('project-vidoalbom-view-main-name-ru', 'project-vidoalbom-view-main', 'project-vidoalbom', 'Название', 1, 'project-vidoalbom-name-ru', 2, 'name_ru', NULL, 1),
('project-vidoalbom-view-main-visible', 'project-vidoalbom-view-main', 'project-vidoalbom', 'Видимость', 1, 'project-vidoalbom-visible', 9, 'visible', NULL, 1),
('project-vodnye-znaki-view-main-id-object', 'project-vodnye-znaki-view-main', 'project-vodnye-znaki', 'Применить к', 1, 'project-vodnye-znaki-id-object', 6, 'id_object', NULL, 1),
('project-vodnye-znaki-view-main-watermark-image', 'project-vodnye-znaki-view-main', 'project-vodnye-znaki', 'Водный знак', 2, 'project-vodnye-znaki-watermark-image', 8, 'watermark_image', NULL, 1),
('project-zakaz-suvenira-view-main-datetime', 'project-zakaz-suvenira-view-main', 'project-zakaz-suvenira', 'Дата заказа', 6, 'project-zakaz-suvenira-datetime', 4, 'datetime', NULL, 1),
('project-zakaz-suvenira-view-main-email', 'project-zakaz-suvenira-view-main', 'project-zakaz-suvenira', 'Email', 4, 'project-zakaz-suvenira-email', 2, 'email', NULL, 1),
('project-zakaz-suvenira-view-main-name-sender', 'project-zakaz-suvenira-view-main', 'project-zakaz-suvenira', 'Имя заказчика', 3, 'project-zakaz-suvenira-name-sender', 2, 'name_sender', NULL, 1),
('project-zakaz-suvenira-view-main-name-souvenir', 'project-zakaz-suvenira-view-main', 'project-zakaz-suvenira', 'Название', 1, 'project-zakaz-suvenira-name-souvenir', 2, 'name_souvenir', NULL, 1),
('project-zakaz-suvenira-view-main-price', 'project-zakaz-suvenira-view-main', 'project-zakaz-suvenira', 'Цена', 2, 'project-zakaz-suvenira-price', 1, 'price', NULL, 1),
('project-zakaz-suvenira-view-main-processed', 'project-zakaz-suvenira-view-main', 'project-zakaz-suvenira', 'Обработан', 5, 'project-zakaz-suvenira-processed', 9, 'processed', NULL, 1),
('project-zakazy-turov-view-main-datetime', 'project-zakazy-turov-view-main', 'project-zakazy-turov', 'Дата заказа', 3, 'project-zakazy-turov-datetime', 4, 'datetime', NULL, 1),
('project-zakazy-turov-view-main-email', 'project-zakazy-turov-view-main', 'project-zakazy-turov', 'E-mail', 2, 'project-zakazy-turov-email', 2, 'email', NULL, 1),
('project-zakazy-turov-view-main-name', 'project-zakazy-turov-view-main', 'project-zakazy-turov', 'Имя', 1, 'project-zakazy-turov-name', 2, 'name', NULL, 1),
('ygin-faq-view-categoryQuestion', '2011', '512', 'Категория', 0, 'ygin-faq-category', 6, 'category', '', 1),
('ygin-invoice-view-main-amount', 'ygin-invoice-view-main', 'ygin-invoice', 'Сумма', 1, 'ygin-invoice-amount', 1, 'amount', NULL, 1),
('ygin-invoice-view-main-create-date', 'ygin-invoice-view-main', 'ygin-invoice', 'Дата создания', 1, 'ygin-invoice-create-date', 4, 'create_date', NULL, 1),
('ygin-invoice-view-main-id-offer', 'ygin-invoice-view-main', 'ygin-invoice', 'Заказ', 1, 'ygin-invoice-id-offer', 7, 'id_offer', NULL, 1),
('ygin-invoice-view-main-pay-date', 'ygin-invoice-view-main', 'ygin-invoice', 'Дата оплаты', 1, 'ygin-invoice-pay-date', 4, 'pay_date', NULL, 1);

-- --------------------------------------------------------

--
-- Структура таблицы `da_php_script`
--

CREATE TABLE IF NOT EXISTS `da_php_script` (
  `id_php_script` int(8) NOT NULL AUTO_INCREMENT,
  `id_php_script_type` varchar(255) NOT NULL,
  `id_module` int(8) DEFAULT NULL,
  `params_value` longtext,
  PRIMARY KEY (`id_php_script`)
) ENGINE=InnoDB  DEFAULT CHARSET=utf8 AUTO_INCREMENT=1032 ;

--
-- Дамп данных таблицы `da_php_script`
--

INSERT INTO `da_php_script` (`id_php_script`, `id_php_script_type`, `id_module`, `params_value`) VALUES
(1016, '1032', 1007, NULL),
(1023, '1042', 1014, 'a:7:{s:11:"htmlOptions";s:32:"array(''class'' => ''nav nav-list'')";s:14:"activeCssClass";s:6:"active";s:12:"itemCssClass";s:4:"item";s:11:"encodeLabel";s:5:"false";s:18:"submenuHtmlOptions";s:46:"array(''class'' => ''nav nav-list sub-item-list'')";s:13:"maxChildLevel";s:1:"2";s:12:"baseTemplate";s:42:"<div class="b-menu-side-list">{menu}</div>";}'),
(1027, '1045', 1000, 'a:0:{}'),
(1029, '1005', NULL, 'a:1:{s:7:"maxNews";i:3;}'),
(1030, '1045', NULL, 'a:0:{}'),
(1031, '1045', NULL, 'a:0:{}');

-- --------------------------------------------------------

--
-- Структура таблицы `da_php_script_interface`
--

CREATE TABLE IF NOT EXISTS `da_php_script_interface` (
  `id_php_script_interface` int(8) NOT NULL AUTO_INCREMENT COMMENT 'id',
  `sequence` int(3) NOT NULL DEFAULT '1' COMMENT 'Порядок',
  `name` varchar(255) NOT NULL COMMENT 'Название',
  `template` longtext COMMENT 'Шаблон файла',
  PRIMARY KEY (`id_php_script_interface`)
) ENGINE=InnoDB  DEFAULT CHARSET=utf8 COMMENT='Интерфейс php-скрипта' AUTO_INCREMENT=10 ;

--
-- Дамп данных таблицы `da_php_script_interface`
--

INSERT INTO `da_php_script_interface` (`id_php_script_interface`, `sequence`, `name`, `template`) VALUES
(1, 1, 'Контент раздела сайта', 'class <<class_name>> extends ViewModule {\r\n  public function run() {\r\n\r\n  }\r\n}'),
(2, 2, 'Контент модуля сайта', 'class <<class_name>> extends ViewModule {\r\n  public function run() {\r\n\r\n  }\r\n}'),
(6, 6, 'Колонка представления', '<?php\r\n\r\nclass <<class_name>> implements ColumnType {\r\n\r\n  public function init($idObject, Array $arrayOfIdInstances, $idObjectParameter) {\r\n\r\n  }\r\n  \r\n  public function process($idInstance, $value, $idObjectParameter) {\r\n    return $value;\r\n  }\r\n  \r\n  public function getStyleClass() {\r\n    return null;\r\n  }\r\n}\r\n\r\n?>'),
(9, 9, 'Визуальный элемент', 'class <> extends VisualElement implements DaVisualElement {\r\n\r\n public function callBeforeProcessInstance() {\r\n\r\n }\r\n\r\n public function callAfterProcessInstance() {\r\n\r\n }\r\n\r\n protected function validate() {\r\n return true;\r\n }\r\n\r\n public function getValueFromClient() {\r\n return null;\r\n }\r\n}');

-- --------------------------------------------------------

--
-- Структура таблицы `da_php_script_type`
--

CREATE TABLE IF NOT EXISTS `da_php_script_type` (
  `id_php_script_type` varchar(255) NOT NULL COMMENT 'id',
  `file_path` varchar(255) NOT NULL COMMENT 'Путь к скрипту',
  `description` varchar(255) DEFAULT NULL COMMENT 'Название скрипта',
  `id_php_script_interface` int(8) NOT NULL COMMENT 'Интерфейс',
  `active` tinyint(1) NOT NULL DEFAULT '1' COMMENT 'Активен',
  PRIMARY KEY (`id_php_script_type`)
) ENGINE=InnoDB DEFAULT CHARSET=utf8 COMMENT='php-скрипты';

--
-- Дамп данных таблицы `da_php_script_type`
--

INSERT INTO `da_php_script_type` (`id_php_script_type`, `file_path`, `description`, `id_php_script_interface`, `active`) VALUES
('1000', 'project/plugin/photogallery/PhotogalleryView.php', 'Фотогалерея » Раздел сайта', 1, 1),
('1001', 'photogallery.backend.column.PhotoColumn', 'Фотогалерея » Колонка представления', 6, 1),
('1002', 'project/plugin/search/SearchView.php', 'Поиск по всему сайту', 1, 1),
('1003', 'project/plugin/news/NewsView.php', 'Новости » Список', 1, 1),
('1004', 'project/plugin/news/NewsCategoryView.php', 'Новости » Список в категории', 1, 1),
('1005', 'news.widgets.news.NewsWidget', 'Новости » Список последних на главной', 2, 1),
('1006', 'project/plugin/consultation/ConsultationView.php', 'Консультации', 1, 1),
('1007', 'project/plugin/internet_magazin/OfferFormView.php', 'Интернет-магазин » Форма оформления заказа', 1, 1),
('1008', 'project/plugin/internet_magazin/CatalogView.php', 'Интернет-магазин » Список товаров', 1, 1),
('1009', 'project/plugin/internet_magazin/CatalogModuleView.php', 'Интернет-магазин » Модуль категорий каталога', 2, 0),
('1010', 'shop.widgets.cart.CartWidget', 'Интернет-магазин » Корзина', 2, 0),
('1012', 'project/plugin/faq/FaqView.php', 'Вопрос-ответ', 1, 1),
('1027', 'project/plugin/internet_magazin/CatalogMainView.php', 'Интернет-магазин » Главная страница магазина', 1, 1),
('1029', 'project/plugin/comment/CommentModerationView.php', 'Модерирование комментариев', 1, 1),
('1032', 'user.widgets.login.LoginWidget', 'Авторизация', 2, 1),
('1037', 'feedback.widgets.FeedbackWidget', 'Кнопка обратной связи', 2, 1),
('1038', 'shop.widgets.category.CategoryWidget', 'Интернет-магазин » Категории', 2, 0),
('1039', 'ygin.widgets.vitrine.VitrineWidget', 'Витрина', 2, 0),
('1040', 'banners.widgets.specialOffer.SpecialOfferWidget', 'Спецпредложения', 2, 0),
('1041', 'vote.widgets.VoteWidget', 'Голосование', 2, 0),
('1042', 'menu.widgets.MenuWidget', 'Меню', 2, 1),
('1043', 'shop.widgets.brand.BrandWidget', 'Интернет-магазин » Брэнды', 2, 0),
('1044', 'ygin.widgets.cloudim.CloudimWidget', 'Онлайн-консультации Cloudim', 2, 0),
('1045', 'photogallery.widgets.randomPhoto.RandomPhotoWidget', 'Случайное фото', 2, 1),
('1046', 'backend.components.column.abstract.StrippedColumn', 'Текст без тегов и заменой nl на br', 6, 1),
('250', 'comments.backend.CommentsColumn', 'Комментарии » Комментарии экземпляра', 6, 1),
('3', 'menu.backend.column.InfoStatus', 'Статус раздела в объекте Меню', 6, 1),
('4', 'menu.backend.column.SiteModuleInfoStatus', 'Статус модуля сайта', 6, 1),
('443', 'comments.backend.CommentsViewLinkColumn', 'Комментарии » Ссылка на объект', 6, 1),
('5', 'engine/admin/column/abstract/PhpScriptTypeCacheClear.php', 'Кэш в базе', 6, 1),
('project-php-bloki---ssylki-na-glavnoi-vidghet', 'application.widgets.PromoBlockWidget', 'Блоки - ссылки на главной виджет', 2, 1),
('project-php-bystrye-novosti', 'application.widgets.FlashNewsWidget', 'Быстрые новости', 2, 1),
('project-php-forma-napisat-nam', 'application.widgets.formContactUsWidget', 'Форма написать нам', 2, 1),
('project-php-forma-podbora-tura', 'application.widgets.FormTourSelectionWidget', 'Форма подбора тура', 2, 1),
('project-php-forma-zadat-vopros', 'application.widgets.formAskQuestionWidget', 'Форма задать вопрос', 2, 1),
('project-php-forma-zakaza-suvenira', 'FormSouvenirOrderWidget', 'Форма заказа сувенира', 2, 1),
('project-php-forma-zakaza-tura', 'application.widgets.formTourOrderWidget', 'Форма заказа тура', 2, 1),
('project-php-forma-zakaza-zvonka', 'application.widgets.formCallbackWidget', 'Форма заказа звонка', 2, 1),
('project-php-novinki-turov', 'application.widgets.NewToursWidget', 'Новинки туров', 2, 1),
('project-php-otzyvy', 'application.widgets.ReviewWidget', 'Отзывы', 2, 1),
('project-php-pereklyuchatel-yazyka', 'application.widgets.ToggleLanguageWidget', 'Переключатель языка', 2, 1),
('project-php-randomnye-foto', 'application.widgets.FlashRandomPhotoWidget', 'Рандомные фото', 2, 1),
('project-php-tury-dlya-eto-interesno', 'application.widgets.TourInterestingAssignmentWidget', 'Туры для Это интересно', 2, 1),
('ygin-banner-widget-base', 'ygin.modules.banners.widgets.BannerWidget', 'Баннер', 2, 0);

-- --------------------------------------------------------

--
-- Структура таблицы `da_plugin`
--

CREATE TABLE IF NOT EXISTS `da_plugin` (
  `id_plugin` int(8) NOT NULL AUTO_INCREMENT COMMENT 'id',
  `name` varchar(255) NOT NULL COMMENT 'Название',
  `code` varchar(255) NOT NULL COMMENT 'Код',
  `status` int(8) NOT NULL DEFAULT '1' COMMENT 'Статус',
  `config` longtext COMMENT 'Сериализованные настройки',
  `class_name` varchar(255) NOT NULL COMMENT 'Класс плагина',
  `data` longtext COMMENT 'data',
  PRIMARY KEY (`id_plugin`)
) ENGINE=InnoDB  DEFAULT CHARSET=utf8 COMMENT='Плагины системы' AUTO_INCREMENT=19 ;

--
-- Дамп данных таблицы `da_plugin`
--

INSERT INTO `da_plugin` (`id_plugin`, `name`, `code`, `status`, `config`, `class_name`, `data`) VALUES
(5, 'Новости', 'ygin.news', 2, 'a:1:{s:7:"modules";a:1:{s:9:"ygin.news";a:1:{s:14:"showCategories";b:0;}}}', 'ygin.modules.news.NewsPlugin', 'a:7:{s:25:"id_php_script_type_module";i:1005;s:37:"id_php_script_type_module_param_count";i:1002;s:17:"id_sysytem_module";i:1002;s:9:"id_object";i:502;s:18:"id_object_category";i:503;s:7:"id_menu";s:3:"122";s:14:"id_site_module";s:3:"121";}'),
(6, 'Поиск по сайту', 'ygin.search', 3, 'a:1:{s:7:"modules";a:1:{s:11:"ygin.search";a:0:{}}}', 'ygin.modules.search.SearchPlugin', NULL),
(7, 'Обратная связь', 'ygin.feedback', 3, 'a:1:{s:7:"modules";a:1:{s:13:"ygin.feedback";a:1:{s:11:"idEventType";s:3:"108";}}}', 'ygin.modules.feedback.FeedbackPlugin', 'a:4:{s:25:"id_php_script_type_module";i:1037;s:17:"id_sysytem_module";i:1005;s:9:"id_object";i:517;s:17:"site_module_place";a:2:{i:0;a:3:{s:5:"place";s:1:"1";s:8:"sequence";s:1:"1";s:18:"id_module_template";s:1:"2";}i:1;a:3:{s:5:"place";s:1:"1";s:8:"sequence";s:1:"2";s:18:"id_module_template";s:1:"4";}}}'),
(8, 'Фотогалерея', 'ygin.photogallery', 2, 'a:1:{s:7:"modules";a:1:{s:17:"ygin.photogallery";a:1:{s:8:"urlRules";a:2:{s:12:"photogallery";N;s:28:"photogallery/<idGallery:\\d+>";N;}}}}', 'ygin.modules.photogallery.PhotogalleryPlugin', 'a:9:{s:17:"id_object_gallery";i:500;s:15:"id_object_photo";i:501;s:14:"handler_column";i:1001;s:10:"useGallery";b:1;s:23:"id_menu_module_template";s:1:"3";s:16:"id_system_module";i:1000;s:38:"id_php_script_type_widget_random_photo";i:1045;s:22:"id_widget_random_photo";s:3:"123";s:7:"id_menu";s:3:"123";}'),
(9, 'Интернет-магазин', 'ygin.shop', 3, 'a:1:{s:7:"modules";a:1:{s:9:"ygin.shop";a:7:{s:8:"pageSize";i:10;s:19:"displayTypeElements";s:3:"all";s:15:"viewProductList";s:19:"_product_list_table";s:9:"showPrice";b:1;s:17:"subCategoryOnMain";b:1;s:19:"imageCategoryOnMain";b:1;s:16:"makeOfferByOrder";b:0;}}}', 'ygin.modules.shop.ShopPlugin', 'a:14:{s:34:"id_php_script_type_module_category";i:1038;s:30:"id_php_script_type_module_cart";i:1010;s:50:"id_php_script_type_module_cart_param_visible_count";i:1028;s:31:"id_php_script_type_module_brand";i:1043;s:17:"id_sysytem_module";i:1004;s:17:"id_object_product";i:511;s:18:"id_object_category";i:509;s:15:"id_object_offer";i:519;s:15:"id_object_brand";i:525;s:19:"idEventTypeNewOffer";i:106;s:23:"id_menu_module_template";s:1:"5";s:26:"site_module_place_category";a:1:{i:0;a:3:{s:5:"place";s:1:"1";s:8:"sequence";s:1:"3";s:18:"id_module_template";s:1:"5";}}s:22:"site_module_place_cart";a:1:{i:0;a:3:{s:5:"place";s:1:"1";s:8:"sequence";s:1:"1";s:18:"id_module_template";s:1:"5";}}s:23:"site_module_place_brand";a:1:{i:0;a:3:{s:5:"place";s:1:"1";s:8:"sequence";s:1:"2";s:18:"id_module_template";s:1:"5";}}}'),
(10, 'Вопрос-ответ', 'ygin.faq', 3, 'a:1:{s:7:"modules";a:1:{s:8:"ygin.faq";a:3:{s:8:"pageSize";i:15;s:8:"moderate";b:1;s:11:"idEventType";i:103;}}}', 'ygin.modules.faq.FaqPlugin', 'a:2:{s:9:"id_object";i:512;s:23:"id_menu_module_template";s:1:"3";}'),
(11, 'Опросы', 'ygin.vote', 3, 'a:1:{s:7:"modules";a:1:{s:9:"ygin.vote";a:4:{s:13:"expiredTimout";i:24;s:13:"checkByCookie";b:1;s:9:"checkByIp";b:1;s:9:"numVoteIp";i:1;}}}', 'ygin.modules.vote.VotePlugin', 'a:6:{s:25:"id_php_script_type_module";i:1041;s:17:"id_sysytem_module";i:1013;s:16:"id_object_voting";i:105;s:23:"id_object_voting_answer";i:106;s:23:"id_menu_module_template";N;s:17:"site_module_place";a:3:{i:0;a:3:{s:5:"place";s:1:"1";s:8:"sequence";s:1:"2";s:18:"id_module_template";s:1:"1";}i:1;a:3:{s:5:"place";s:1:"1";s:8:"sequence";s:1:"3";s:18:"id_module_template";s:1:"4";}i:2;a:3:{s:5:"place";s:1:"1";s:8:"sequence";s:1:"1";s:18:"id_module_template";s:1:"6";}}}'),
(12, 'Баннеры', 'ygin.banners', 3, 'a:1:{s:7:"modules";a:1:{s:12:"ygin.banners";a:0:{}}}', 'ygin.modules.banners.BannerPlugin', 'a:3:{s:17:"id_sysytem_module";i:300;s:22:"id_object_banner_place";i:261;s:16:"id_object_banner";i:260;}'),
(13, 'Спецпредложения', 'ygin.specoffers', 3, 'a:0:{}', 'ygin.modules.banners.widgets.specialOffer.SpecialOfferPlugin', 'a:4:{s:25:"id_php_script_type_module";i:1040;s:37:"id_php_script_type_module_param_place";i:1016;s:17:"id_sysytem_module";i:1012;s:17:"site_module_place";a:1:{i:0;a:3:{s:5:"place";s:1:"4";s:8:"sequence";s:1:"2";s:18:"id_module_template";s:1:"4";}}}'),
(14, 'Витрина', 'ygin.vitrine', 3, 'a:0:{}', 'ygin.widgets.vitrine.VitrinePlugin', 'a:4:{s:25:"id_php_script_type_module";i:1039;s:17:"id_sysytem_module";i:1011;s:9:"id_object";i:520;s:17:"site_module_place";a:1:{i:0;a:3:{s:5:"place";s:1:"4";s:8:"sequence";s:1:"1";s:18:"id_module_template";s:1:"4";}}}'),
(15, 'Онлайн-консультант', 'ygin.cloudim', 3, 'a:1:{s:10:"components";a:1:{s:13:"widgetFactory";a:1:{s:7:"widgets";a:1:{s:13:"CloudimWidget";a:1:{s:8:"htmlCode";s:0:"";}}}}}', 'ygin.widgets.cloudim.CloudimPlugin', 'a:3:{s:25:"id_php_script_type_module";i:1044;s:17:"id_sysytem_module";i:1015;s:17:"site_module_place";a:0:{}}'),
(16, 'Отзывы', 'ygin.review', 3, 'a:1:{s:7:"modules";a:1:{s:11:"ygin.review";a:3:{s:8:"pageSize";i:15;s:8:"moderate";b:1;s:11:"idEventType";i:107;}}} ', 'ygin.modules.review.ReviewPlugin', 'a:2:{s:9:"id_object";i:530;s:23:"id_menu_module_template";s:1:"1";}'),
(17, 'Карта сайта', 'ygin.siteMap', 1, NULL, 'ygin.modules.siteMap.SiteMapPlugin', NULL),
(18, 'Личный кабинет', 'ygin.cabinet', 1, NULL, 'ygin.modules.user.CabinetPlugin', NULL);

-- --------------------------------------------------------

--
-- Структура таблицы `da_references`
--

CREATE TABLE IF NOT EXISTS `da_references` (
  `id_reference` varchar(255) NOT NULL COMMENT 'id',
  `name` varchar(100) NOT NULL COMMENT 'Название справочника',
  PRIMARY KEY (`id_reference`)
) ENGINE=InnoDB DEFAULT CHARSET=utf8 COMMENT='Справочники';

--
-- Дамп данных таблицы `da_references`
--

INSERT INTO `da_references` (`id_reference`, `name`) VALUES
('100', 'Тип вопроса в викторине'),
('101', 'Статус заказа пользователя'),
('2', 'Расположение данные в почтовом сообщении'),
('30', 'Типы порядка'),
('31', 'Тип объекта'),
('32', 'Положение модулей'),
('33', 'Дополнительные варианты обработки контента в разделе'),
('37', 'Место использования AJAX'),
('38', 'AJAX-движки'),
('50', 'Тип показа баннеров'),
('project-reference-identifikatory-vodnyh-znakov', 'Идентификаторы водных знаков'),
('ygin-comment-reference-status', 'Статусы комментария'),
('ygin-faq-reference-categoryQuestion', 'Категории вопросов');

-- --------------------------------------------------------

--
-- Структура таблицы `da_reference_element`
--

CREATE TABLE IF NOT EXISTS `da_reference_element` (
  `id_reference` varchar(255) NOT NULL DEFAULT '0' COMMENT 'Справочник',
  `id_reference_element` int(8) NOT NULL DEFAULT '0' COMMENT 'Значение элемента',
  `value` varchar(255) NOT NULL COMMENT 'Описание значения',
  `image_element` varchar(150) DEFAULT NULL COMMENT 'Картинка для значения',
  `id_reference_element_instance` varchar(255) NOT NULL COMMENT 'id',
  PRIMARY KEY (`id_reference_element_instance`),
  UNIQUE KEY `id_reference` (`id_reference`,`id_reference_element`),
  UNIQUE KEY `id_reference_2` (`id_reference`,`id_reference_element`)
) ENGINE=InnoDB DEFAULT CHARSET=utf8 COMMENT='Значения справочника';

--
-- Дамп данных таблицы `da_reference_element`
--

INSERT INTO `da_reference_element` (`id_reference`, `id_reference_element`, `value`, `image_element`, `id_reference_element_instance`) VALUES
('50', 1, 'Баннеры меняются поочерёдно в заданном порядке', NULL, '100'),
('50', 2, 'Баннеры меняются в произвольном порядке', NULL, '101'),
('50', 3, 'Вывод всех баннеров', NULL, '102'),
('30', 1, 'ASC', NULL, '16'),
('30', 2, 'DESC', NULL, '17'),
('31', 1, 'Стандартный', NULL, '18'),
('31', 3, 'Контроллер', NULL, '19'),
('32', 1, 'Слева', NULL, '20'),
('32', 2, 'Справа', NULL, '21'),
('32', 3, 'Снизу', NULL, '22'),
('32', 4, 'Сверху', NULL, '23'),
('32', 5, 'В контенте', NULL, '24'),
('32', 7, 'Сверху в контенте', NULL, '25'),
('32', 95, 'В архиве', NULL, '26'),
('37', 1, 'Раздел', NULL, '38'),
('37', 2, 'Модуль', NULL, '39'),
('37', 3, 'Другое', NULL, '40'),
('38', 1, 'JsHttpRequest', NULL, '41'),
('38', 2, 'XAJAX', NULL, '42'),
('38', 3, 'jQuery', NULL, '43'),
('38', 4, 'ValumsFileUpload', NULL, '44'),
('2', 1, 'В тексте письма', NULL, '5'),
('33', 1, 'Отобразить список вложенных разделов при отсутствии контента', NULL, '50'),
('100', 1, 'один верный', NULL, '500'),
('100', 2, 'много верных', NULL, '501'),
('100', 3, 'произвольный', NULL, '502'),
('32', 6, 'Подвал', NULL, '503'),
('101', 1, 'Новый', NULL, '504'),
('101', 2, 'Согласован', NULL, '505'),
('101', 3, 'Оплачен', NULL, '506'),
('101', 4, 'Выполнен', NULL, '507'),
('101', 5, 'Отменен', NULL, '508'),
('33', 4, 'При отсутствии контента не выводить предупреждение, отобразить пустую страницу', NULL, '509'),
('33', 2, 'Переходить к первому вложенному разделу при отсутствии контента', NULL, '51'),
('33', 3, 'Открыть первый загруженный файл при отсутствии контента', NULL, '52'),
('2', 2, 'Во вложении', NULL, '6'),
('project-reference-identifikatory-vodnyh-znakov', 1, 'Водный знак для крупных картинок', NULL, 'project-reference-identifikatory-vodnyh-znakov-vodnyi-znak-dlya-krupnyh-kartinok'),
('project-reference-identifikatory-vodnyh-znakov', 2, 'Водный знак для миниатюрок', NULL, 'project-reference-identifikatory-vodnyh-znakov-vodnyi-znak-dlya-miniatyurok'),
('ygin-comment-reference-status', 1, 'Отмодерирован', NULL, 'ygin-comment-reference-status-approved'),
('ygin-comment-reference-status', 3, 'Удален', NULL, 'ygin-comment-reference-status-deleted'),
('ygin-comment-reference-status', 2, 'Ожидает модерации', NULL, 'ygin-comment-reference-status-pending'),
('ygin-faq-reference-categoryQuestion', 1, 'Общие', NULL, 'ygin-faq-reference-categoryQuestion-general'),
('ygin-faq-reference-categoryQuestion', 2, 'Личные', NULL, 'ygin-faq-reference-categoryQuestion-personal'),
('33', 5, 'Вывести список вложенных разделов после контента', NULL, 'ygin-menu-content-show-included-items-after-content'),
('33', 6, 'Вывести список вложенных разделов перед контентом', NULL, 'ygin-menu-content-show-included-items-before-content'),
('31', 5, 'Ссылка', NULL, 'ygin-object-reference-type-link');

-- --------------------------------------------------------

--
-- Структура таблицы `da_search_data`
--

CREATE TABLE IF NOT EXISTS `da_search_data` (
  `id_object` varchar(255) NOT NULL,
  `id_instance` int(8) NOT NULL,
  `id_lang` int(8) NOT NULL,
  `value` longtext NOT NULL,
  PRIMARY KEY (`id_object`,`id_instance`,`id_lang`),
  KEY `id_object` (`id_object`),
  FULLTEXT KEY `value` (`value`)
) ENGINE=MyISAM DEFAULT CHARSET=utf8;

--
-- Дамп данных таблицы `da_search_data`
--

INSERT INTO `da_search_data` (`id_object`, `id_instance`, `id_lang`, `value`) VALUES
('ygin-menu', 122, 1, 'Новости'),
('ygin-menu', 100, 1, 'Главная'),
('ygin-menu', 117, 1, 'Главная'),
('502', 3, 1, 'Кембрийскую бактерию вернули к жизни В ходе одного из экспериментов астробиологической программы NASA ученые встроили в современную бактерию ген возрастом 500 миллионов лет.\r\n В ходе одного из экспериментов астробиологической программы NASA ученые встроили в современную бактерию ген возрастом 500 миллионов лет.\r\nБиологам университета американского штата Джорджия удалось внедрить в геном современной бактерии кишечной палочки (Escherichia coli) генетическую последовательность EF Tu, отвечающую за производство одного из самых распространенных белков. В этом эксперименте не было бы ничего необычного, если бы имплантируемый материал не принадлежал бактерии из кембрийского периода.\r\nДокторант технического центра NASA Бетул Качар и ее научный руководитель в проекте  Происхождение и эволюция рибосом  Эрик Гоше подготовили восемь идентичных штаммов химерической бактерии и пронаблюдали за их эволюцией в течение тысячи поколений.\r\nВсе штаммы выжили, и на протяжении примерно 500 поколений их рост и развитие оказались задержанными примерно в два раза по сравнению с нынешней E.coli. Однако затем бактерии адаптировались к новому гену и принялись активно развиваться. Некоторые штаммы при этом оказались более жизнеспособными, чем исходная форма.\r\nК удивлению исследователей, внедренный в кишечную палочку  кембрийский  ген оказался очень устойчивым, и в процессе эволюции прослеженных тысячи поколений изменения затронули не его, а другие, современные гены. Иными словами, адаптироваться пришлось не архаичному гену, а его новым, современным соседям.\r\nКак пояснила Качар порталу Wired, целью ее исследования является установить, будет ли эволюция постоянна в своих путях, или каждая проблема может иметь несколько эволюционных решений.  Это похоже на обратную перемотку молекулярной видеокассеты. Наблюдая судьбу древних генов в современном организме мы ищем ответ на вопрос, повторится ли эволюционная траектория или направится по другому пути , – рассказала исследователь.\r\nСтоит напомнить, что примерно такую технологию создания генов– франкенштейнов  использовал в своем романе  Парк юрского периода  известный писатель Майкл Крайтон. Правда, он воскрешал не крохотных бактерий, а гигантских динозавров, но что из них будет опаснее для человечества – пока большой вопрос.\r\nЕще одним вопросом остается появление у американских биологов настолько хорошо сохранившихся за полмиллиарда лет бактерий, что из них можно извлечь полноценный генетический материал.'),
('ygin-menu', 115, 1, 'Туристам Содержание'),
('ygin-menu', 116, 1, 'Турагенствам'),
('ygin-menu', 124, 1, 'Фотоальбом'),
('ygin-menu', 125, 1, 'Фотоальбомы'),
('ygin-menu', 128, 1, 'Видеоальбом'),
('ygin-menu', 129, 1, 'Контакты'),
('ygin-menu', 130, 1, 'Проживание'),
('ygin-menu', 131, 1, 'Питание'),
('ygin-menu', 132, 1, 'О нас Кировская область\r\nДа, действительно Кировская область – это место куда хочется приезжать снова и снова…\r\nЭто край неповторимой по красоте природы, где леса богаты промысловым зверем, а сотни рек и озер   рыбой.У Кировской области славная история и глубокие культурные традиции.\r\nС нашим краем связаны имена писателей А.И. Герцена, М.Е. Салтыкова Щедрина, А.С. Грина, художников И.И.. Шишкина, В.М и А.М. Васнецова, полководцев И.С. Конева и Л.А Говорова.\r\nНаша область славится народными промыслами. Здесь вы увидите, как под руками вятских мастериц рождаются чудеса: то расписная дымковская игрушка, то белоснежное прозрачное кружево, то легкая меховая шубка.\r\nМузеи, концертные и выставочные залы обогатят Вас духовно.\r\nКировская область   хранительница многовековых православных традиций, главная из которых всероссийский Великорецкий крестный ход.\r\nСтарина и современность удивительным образом сочетаются на нашей земле.\r\nЛюбителей активного отдыха летом ждут походы на байдарках, подъем на отвесные скалы и спуски в лабиринты пещер, экскурсии на палеонтологические раскопки. Зимой вас встретят пушистые сугробы, звенящая лыжня в сказочном лесу, снегоходы, зимние виды промыслов.\r\nМы открыты для всего мира и готовы встретить гостей красотой, историей и неповторимой естественностью.\r\nКировская область одна из крупнейших областей в Нечерноземной зоне Российской Федерации, расположена на северо востоке европейской части России. По названию главной реки Вятки регион нередко называют Вятским краем. Площадь   120,8 тыс.кв.км, население   1,5 млн.человек.\r\nОбластной центр – г. Киров с населением около 500 тыс. человек.\r\nАдминистративно   территориальное устройство  39 районов, 18 городов, в т.ч. 5 городов областного значения: Киров, Кирово Чепецк, Вятские Поляны, Котельнич, Слободской. 12 старинных городов и поселений имеют статус исторических. Это города: Киров, Котельнич, Орлов, Все районы связаны с областным центром регулярным автобусным сообщением , 14 районов   железнодорожным сообщением. Авиасообщение позволяет принимать пассажирские самолеты на аэродроме в пригороде Кирова. Через область проходит транссибирская железнодорожная магистраль и две федеральные автотрассы (  Санкт Петербург – Екатеринбург ,  Вятка  ) Расстояние от Кирова до Москвы – 896 км. Климат умерено континентальный с продолжительной холодной зимой и коротким , но сравнительно теплым летом . Средняя температура января   минус 14 16 градусов, июля – плюс 17 19 градусов. Более половины площадей области занимают леса, в основном хвойных пород, а так же смешанные (ель, береза, осина ) с богатым растительным и животным миром.\r\nОбласть располагает богатыми туристическими ресурсами. На ее территории 188 памятников природы. На государственной охране состоят более 800 объектов культурного наследия, более 30 музеев рассказывают об истории, культуре края и знаменитых земляках.\r\nЕжегодно Кировскую область посещают тысячи российских и иностранных туристов и все находят в ней нечто оригинальное, самобытное и самодостаточное.\r\nКотельнич\r\nПервое летописное упоминание о Котельниче относится к 1181, как Новгородскими племенами был взят город Кокшаров и переименован в Котельнич. Интенсивное заселение территории Котельничского района происходило в 17 веке. Число жителей города Котельнича увеличилось за это время вдвое. Город стоял на важных водных и сухопутных торговых путях. Водные пути связывали Хлынов с Великим Устюгом и Архангельском (по Вятке, Моломе, Юге, Северной Двине, а так же со средним и нижним Поволжьем ( по Вятке, Каме, Волге ). Через Котельнич проходил сухопутный тракт из Москвы и Санкт  Петербурга в Сибирь.\r\n \r\nВ 17 веке возникает ставшая знаменитой далеко за пределами вятской земли Алексеевская ярмарка, названная в честь правившего тогда царя Алексея Михайловича. Она проходила ежегодно в марте в г. Котельниче, оборот ярмарки достигал нескольких миллионов рублей. Весь город на месяц превращался в торг. На ярмарку съезжались купцы из многих городов европейской России и Сибири. Она просуществовала до 1930 года. В 2006 году Алексеевская ярмарка возродилась и проводится ежегодно в марте, но пока не в таких объемах.\r\nВ 1796 году Котельнич стал уездным городом Вятской губернии. Отличительной особенностью Котельничской земли было обилие мельниц, которые и поныне являются символом этих мест. Частые пожары каждое столетие выжигали деревянный город дотла. Последний большой пожар произошел в Котельниче в мае 1926 года. Был поставлен вопрос о строительстве города на другом месте, но это предложение не было принято. Котельнич, как феникс из пепла, возрождался много раз, но планировка города осталась неизменной. Главные улицы шли вдоль реки Вятки , их пересекали второстепенные. В 30 е годы двадцатого века в Котельничском районе, как и во всей стране, происходила коллективизация сельского хозяйства. О жизни крестьянства, ремеслах, традициях, быте рассказывает музей истории крестьянства, организованный в пос. Ленинская Искра, расположенном в 20 км. от Котельнича.\r\nКотельнич   город областного подчинения, административный центр одноименного района, расположен на правом берегу реки Вятки. Расстояние до г.Кирова 124 км. Население   25 тыс.человек . Котельнич   крупная железнодорожная станция на транссибирской магистрали , расстояние до Москвы по железной дороге  896 км , в 1990 году включен в список исторических населенных мест РФ.\r\nКотельнич известен в России и за рубежом благодаря расположенному неподалеку от города местонахождению древних ископаемых позвоночных   парейазавров. Парейазавры   крупные ящеры, имевшие костные выросты в шейной области черепа. Эти животные длиной до 3 х метров обитали в Европе, южной Африке, Азии 250 260 миллионов лет назад. Местонахождение представляет собой крутой обрыв красного цвета правого берега реки Вятки и тянется на 30 км от г.Котельнича до с.Вишкиль. Первые находки здесь были официально сделаны еще в 1933 году. В 80 х , начале 90 х годов развернулись полномасштабные исследования. По мнению специалистов, местонахождение не имеет себе равных в мире. Единственный аналог – плато Кару в южной Африке. Ежегодно на берегу Вятки в районе Котельнича российские и зарубежные ученые находят фрагменты и целые скелеты древних животных пермского периода палеозойской эры, триасового и юрского периодов мезозойской эры.\r\n \r\nВ 1994 году в Котельниче создан палеонтологический музей, в котором экспонируются находки с Котельничского местонахождения, а так же копии известных находок древних рептилий и динозавров, найденных в Германии, США , Монголии. Экспозиция музея рассказывает о глобальных геологических и эволюционных процессах, происходивших на планете Земля более 260 миллионов лет назад.'),
('ygin-menu', 133, 1, 'Наши туры'),
('ygin-menu', 134, 1, 'Это интересно'),
('ygin-menu', 135, 1, 'Сувениры');

-- --------------------------------------------------------

--
-- Структура таблицы `da_search_history`
--

CREATE TABLE IF NOT EXISTS `da_search_history` (
  `id_search_history` int(8) NOT NULL AUTO_INCREMENT,
  `phrase` varchar(255) DEFAULT NULL,
  `query` text,
  `info` varchar(255) DEFAULT NULL,
  `date` int(11) NOT NULL,
  `ip` varchar(32) NOT NULL,
  PRIMARY KEY (`id_search_history`)
) ENGINE=InnoDB DEFAULT CHARSET=utf8 AUTO_INCREMENT=1 ;

-- --------------------------------------------------------

--
-- Структура таблицы `da_site_module`
--

CREATE TABLE IF NOT EXISTS `da_site_module` (
  `id_module` int(8) unsigned NOT NULL AUTO_INCREMENT COMMENT 'id',
  `id_php_script` int(8) DEFAULT NULL COMMENT 'Обработчик',
  `name` varchar(255) NOT NULL COMMENT 'Имя',
  `is_visible` tinyint(1) DEFAULT '1' COMMENT 'Видимость',
  `content` text COMMENT 'Простой текст',
  `html` longtext COMMENT 'Форматированный текст',
  PRIMARY KEY (`id_module`)
) ENGINE=InnoDB  DEFAULT CHARSET=utf8 PACK_KEYS=0 COMMENT='Виджеты сайта' AUTO_INCREMENT=124 ;

--
-- Дамп данных таблицы `da_site_module`
--

INSERT INTO `da_site_module` (`id_module`, `id_php_script`, `name`, `is_visible`, `content`, `html`) VALUES
(108, 1016, 'Авторизация', 1, NULL, NULL),
(119, 1023, 'Левое меню', 1, NULL, NULL),
(121, 1029, 'Последние новости', 1, NULL, NULL),
(122, 1030, 'Случайное фото', 1, NULL, NULL),
(123, 1031, 'Случайное фото', 1, NULL, NULL);

-- --------------------------------------------------------

--
-- Структура таблицы `da_site_module_rel`
--

CREATE TABLE IF NOT EXISTS `da_site_module_rel` (
  `id_module` int(8) NOT NULL DEFAULT '0',
  `place` int(3) NOT NULL DEFAULT '0',
  `sequence` int(3) NOT NULL DEFAULT '1',
  `id_module_template` int(8) NOT NULL,
  PRIMARY KEY (`id_module_template`,`id_module`)
) ENGINE=InnoDB DEFAULT CHARSET=utf8;

-- --------------------------------------------------------

--
-- Структура таблицы `da_site_module_template`
--

CREATE TABLE IF NOT EXISTS `da_site_module_template` (
  `id_module_template` int(8) NOT NULL AUTO_INCREMENT COMMENT 'id',
  `name` varchar(255) NOT NULL COMMENT 'Название шаблона',
  `is_default_template` tinyint(1) NOT NULL DEFAULT '0' COMMENT 'Использовать по умолчанию',
  `sequence` int(8) DEFAULT NULL COMMENT 'п/п',
  PRIMARY KEY (`id_module_template`)
) ENGINE=InnoDB  DEFAULT CHARSET=utf8 COMMENT='Наборы виджетов' AUTO_INCREMENT=2 ;

--
-- Дамп данных таблицы `da_site_module_template`
--

INSERT INTO `da_site_module_template` (`id_module_template`, `name`, `is_default_template`, `sequence`) VALUES
(1, 'Основной', 1, 1);

-- --------------------------------------------------------

--
-- Структура таблицы `da_stat_view`
--

CREATE TABLE IF NOT EXISTS `da_stat_view` (
  `id_object` varchar(255) NOT NULL,
  `id_instance` int(11) NOT NULL,
  `last_date_process` int(11) NOT NULL,
  `view_type` tinyint(2) NOT NULL,
  `view_count` int(11) NOT NULL,
  PRIMARY KEY (`id_object`,`id_instance`,`view_type`,`last_date_process`)
) ENGINE=InnoDB DEFAULT CHARSET=utf8;

-- --------------------------------------------------------

--
-- Структура таблицы `da_system_parameter`
--

CREATE TABLE IF NOT EXISTS `da_system_parameter` (
  `id_system_parameter` varchar(255) NOT NULL COMMENT 'id',
  `id_group_system_parameter` int(8) NOT NULL DEFAULT '0' COMMENT 'Группа параметров',
  `name` varchar(60) NOT NULL COMMENT 'Имя для разработчика',
  `value` varchar(255) DEFAULT NULL COMMENT 'Значение параметра',
  `note` varchar(255) DEFAULT '-' COMMENT 'Описание',
  `id_parameter_type` int(8) DEFAULT '2' COMMENT 'Тип\r\nданных',
  `long_text_value` longtext COMMENT 'Значение для больших текстовых данных (longtext)',
  PRIMARY KEY (`id_system_parameter`)
) ENGINE=InnoDB DEFAULT CHARSET=utf8 COMMENT='Настройки сайта';

--
-- Дамп данных таблицы `da_system_parameter`
--

INSERT INTO `da_system_parameter` (`id_system_parameter`, `id_group_system_parameter`, `name`, `value`, `note`, `id_parameter_type`, `long_text_value`) VALUES
('101', 1, 'translit_uploaded_file_name', '1', 'Выполнять транслитерацию имен загружаемых файлов', 9, NULL),
('12', 1, 'count_day_for_delete_event', '30', 'Срок, который хранятся отосланные события (в днях)', 2, NULL),
('31', 1, 'upload_image_width', '1920', 'Автоматически уменьшать до заданного размера ширину загружаемых изображений', 1, ''),
('32', 1, 'upload_image_height', '1080', 'Автоматически уменьшать до заданного размера высоту загружаемых изображений', 1, ''),
('500', 2, 'phone', '22-13-14', 'Телефон', 2, NULL),
('6', 1, 'id_domain_default', '1', 'ИД основного домена', 1, NULL),
('7', 1, 'count_sent_mail_for_session', '3', 'Количество отсылаемых сообщений за сессию (0 - все)', 2, NULL),
('project-parameter-description-default', 2, 'description_default', NULL, 'Описание по умолчанию', 14, 'Дино Тур, город Котельнич'),
('project-parameter-hash-image-name-convert', 1, 'hash_image_name_convert', '1', 'Преобразовывать имена загружаемых (только картинок) картинок в хеш (ид юзера + микротайм + имя исходной картинки)', 9, ''),
('project-parameter-keywords-default', 2, 'keywords_default', NULL, 'Ключевые слова по умолчанию', 14, 'Тур, дино тур, динотур, котельнич, киров'),
('project-parameter-moneta-merchant-login', 2, 'moneta_merchant_login', '123', 'Номер счета в мерчанте монеты', 2, ''),
('project-parameter-moneta-merchant-pass1', 2, 'moneta_merchant_pass1', '123456789', 'Пароль #1 в мерчанте монеты', 2, ''),
('project-parameter-robokassa-merchant-login', 2, 'robokassa_merchant_login', 'robokass-login', 'Логин в мерчанте робокассы', 2, ''),
('project-parameter-robokassa-merchant-pass1', 2, 'robokassa_merchant_pass1', 'robokass-pass1', 'Пароль #1 в мерчанте робокассы', 2, ''),
('project-parameter-robokassa-merchant-pass2', 2, 'robokassa_merchant_pass2', 'robokass-pass2', 'Пароль #2 в мерчанте робокассы', 2, ''),
('ygin-ext-main-lastChangeDate', 1, 'last_change_project_date', '20140615', 'Последняя дата проектных обновлений', 2, NULL);

-- --------------------------------------------------------

--
-- Структура таблицы `da_users`
--

CREATE TABLE IF NOT EXISTS `da_users` (
  `id_user` int(8) NOT NULL AUTO_INCREMENT COMMENT 'id',
  `name` varchar(100) CHARACTER SET utf8 COLLATE utf8_bin NOT NULL COMMENT 'Логин',
  `user_password` varchar(150) CHARACTER SET utf8 COLLATE utf8_bin DEFAULT NULL COMMENT 'Пароль',
  `mail` varchar(255) NOT NULL COMMENT 'E-mail',
  `full_name` varchar(200) DEFAULT NULL COMMENT 'Имя пользователя',
  `rid` varchar(64) DEFAULT NULL COMMENT 'Регистрационный ИД',
  `create_date` int(10) NOT NULL DEFAULT '0' COMMENT 'Дата регистрации пользователя',
  `count_post` int(8) NOT NULL DEFAULT '0' COMMENT 'count_post',
  `active` tinyint(1) DEFAULT '1' COMMENT 'Активен',
  `requires_new_password` tinyint(1) NOT NULL DEFAULT '0' COMMENT 'Необходимо сменить пароль',
  `salt` varchar(255) DEFAULT NULL COMMENT 'Соль для пароля',
  `password_strategy` varchar(255) DEFAULT NULL COMMENT 'Стратегия для формирования пароля',
  PRIMARY KEY (`id_user`),
  UNIQUE KEY `name` (`name`)
) ENGINE=InnoDB  DEFAULT CHARSET=utf8 PACK_KEYS=0 COMMENT='Пользователи' AUTO_INCREMENT=108 ;

--
-- Дамп данных таблицы `da_users`
--

INSERT INTO `da_users` (`id_user`, `name`, `user_password`, `mail`, `full_name`, `rid`, `create_date`, `count_post`, `active`, `requires_new_password`, `salt`, `password_strategy`) VALUES
(106, 'admin', '8f706591b87303d50b805199c6c98fa9d222356c', 'krvdns@mail.ru', 'Денис', NULL, 1408711608, 0, 1, 0, 'aa18eee2cea91125e1bcd5015fbe41c6db63bb63', 'sha1'),
(107, 'editor', '1e7dfa2aec3dfe8b77f9d6dc578dfcb26f170fd2', 'kraevnet@mail.ru', 'Михаил', NULL, 1412233243, 0, 1, 0, '3e56b70904fcbcd9fb11fe368f7b5bc58d127389', 'sha1');

-- --------------------------------------------------------

--
-- Структура таблицы `da_visit_site`
--

CREATE TABLE IF NOT EXISTS `da_visit_site` (
  `id_instance` int(8) NOT NULL DEFAULT '0',
  `id_object` varchar(255) NOT NULL DEFAULT '0',
  `date` int(10) NOT NULL DEFAULT '0',
  `ip` int(10) unsigned NOT NULL,
  `type_visit` int(1) NOT NULL DEFAULT '1',
  PRIMARY KEY (`id_object`,`id_instance`,`type_visit`,`date`)
) ENGINE=InnoDB DEFAULT CHARSET=utf8;

-- --------------------------------------------------------

--
-- Структура таблицы `pr_banner`
--

CREATE TABLE IF NOT EXISTS `pr_banner` (
  `id_banner` int(8) NOT NULL AUTO_INCREMENT COMMENT 'ID',
  `unique_name` varchar(100) NOT NULL COMMENT 'Уникальное название баннера (на английском языке)',
  `link` varchar(255) DEFAULT NULL COMMENT 'Ссылка на сайт',
  `alt` varchar(255) DEFAULT NULL COMMENT 'Текстовое описание',
  `file` int(8) NOT NULL COMMENT 'Файл',
  `id_banner_place` int(11) NOT NULL COMMENT 'Баннерное место',
  `visible` tinyint(1) NOT NULL DEFAULT '1' COMMENT 'Видимость',
  `sequence` int(5) NOT NULL COMMENT 'Порядок',
  PRIMARY KEY (`id_banner`)
) ENGINE=InnoDB DEFAULT CHARSET=utf8 COMMENT='Баннеры' AUTO_INCREMENT=1 ;

-- --------------------------------------------------------

--
-- Структура таблицы `pr_banner_place`
--

CREATE TABLE IF NOT EXISTS `pr_banner_place` (
  `id_banner_place` int(11) NOT NULL AUTO_INCREMENT COMMENT 'ID',
  `id_object` varchar(255) DEFAULT NULL COMMENT 'id_object',
  `id_instance` int(11) DEFAULT NULL COMMENT 'id_instance',
  `title` varchar(255) NOT NULL COMMENT 'Название',
  `showing` tinyint(2) NOT NULL COMMENT 'Тип показа баннеров',
  `sequence` smallint(11) DEFAULT '1' COMMENT 'Порядок',
  `id_parent` int(11) DEFAULT NULL COMMENT 'Родительский ключ',
  `width` int(8) DEFAULT NULL COMMENT 'Ширина',
  `height` int(8) DEFAULT NULL COMMENT 'Высота',
  PRIMARY KEY (`id_banner_place`),
  KEY `id_module` (`id_instance`,`sequence`)
) ENGINE=InnoDB  DEFAULT CHARSET=utf8 COMMENT='Баннерные места' AUTO_INCREMENT=4 ;

--
-- Дамп данных таблицы `pr_banner_place`
--

INSERT INTO `pr_banner_place` (`id_banner_place`, `id_object`, `id_instance`, `title`, `showing`, `sequence`, `id_parent`, `width`, `height`) VALUES
(3, '-1', NULL, 'Баннер слева', 3, 1, NULL, NULL, NULL);

-- --------------------------------------------------------

--
-- Структура таблицы `pr_client_review`
--

CREATE TABLE IF NOT EXISTS `pr_client_review` (
  `id_client_review` int(8) NOT NULL AUTO_INCREMENT COMMENT 'id',
  `name` varchar(255) NOT NULL COMMENT 'ФИО',
  `create_date` int(10) NOT NULL COMMENT 'Дата',
  `review` longtext NOT NULL COMMENT 'Текст отзыва',
  `ip` varchar(255) NOT NULL COMMENT 'ip',
  `visible` tinyint(1) DEFAULT NULL COMMENT 'Видимость на сайте',
  `contact` varchar(255) DEFAULT NULL COMMENT 'Контакты клиента',
  PRIMARY KEY (`id_client_review`)
) ENGINE=InnoDB DEFAULT CHARSET=utf8 COMMENT='Отзывы клиентов' AUTO_INCREMENT=1 ;

-- --------------------------------------------------------

--
-- Структура таблицы `pr_comment`
--

CREATE TABLE IF NOT EXISTS `pr_comment` (
  `id_comment` int(8) NOT NULL AUTO_INCREMENT COMMENT 'id',
  `id_object` varchar(255) NOT NULL COMMENT 'Объект',
  `id_instance` int(10) NOT NULL COMMENT 'Экземпляр',
  `comment_name` varchar(255) DEFAULT NULL COMMENT 'Автор',
  `id_user` int(8) DEFAULT NULL COMMENT 'Пользователь',
  `comment_theme` varchar(255) DEFAULT NULL COMMENT 'Тема',
  `comment_date` int(10) NOT NULL COMMENT 'Дата',
  `comment_text` text NOT NULL COMMENT 'Комментарий',
  `moderation` int(8) NOT NULL COMMENT 'Отмодерировано',
  `ip` varchar(50) DEFAULT NULL COMMENT 'IP',
  `id_parent` int(11) DEFAULT NULL COMMENT 'id_parent',
  `token` varchar(255) NOT NULL COMMENT 'Токен',
  PRIMARY KEY (`id_comment`)
) ENGINE=InnoDB DEFAULT CHARSET=utf8 COMMENT='Комментарии' AUTO_INCREMENT=1 ;

-- --------------------------------------------------------

--
-- Структура таблицы `pr_consultation_answer`
--

CREATE TABLE IF NOT EXISTS `pr_consultation_answer` (
  `id_consultation_answer` int(8) NOT NULL COMMENT 'id',
  `id_consultation_ask` int(8) NOT NULL COMMENT 'На вопрос',
  `id_consultation_answerer` int(8) NOT NULL COMMENT 'Отвечающий',
  `answerer` varchar(255) DEFAULT NULL COMMENT 'Отвечающий (ручной ввод)',
  `answer_date` int(10) unsigned DEFAULT NULL COMMENT 'Дата ответа',
  `answer` text NOT NULL COMMENT 'Ответ',
  `ip` varchar(255) DEFAULT NULL COMMENT 'IP отвечающего',
  PRIMARY KEY (`id_consultation_answer`)
) ENGINE=InnoDB DEFAULT CHARSET=utf8 COMMENT='Ответ';

-- --------------------------------------------------------

--
-- Структура таблицы `pr_consultation_answerer`
--

CREATE TABLE IF NOT EXISTS `pr_consultation_answerer` (
  `id_consultation_answerer` int(8) NOT NULL COMMENT 'id',
  `name` varchar(255) NOT NULL COMMENT 'ФИО отвечающего',
  `email` varchar(255) DEFAULT NULL COMMENT 'e-mail',
  `photo` int(8) DEFAULT NULL COMMENT 'Фото',
  `caption_before` varchar(255) DEFAULT NULL COMMENT 'Подпись перед ФИО',
  `caption_after` varchar(255) DEFAULT NULL COMMENT 'Подпись после ФИО',
  `short_info` text COMMENT 'Краткое описание',
  `full_info` text COMMENT 'Полное описание',
  PRIMARY KEY (`id_consultation_answerer`)
) ENGINE=InnoDB DEFAULT CHARSET=utf8 COMMENT='Отвечающий';

-- --------------------------------------------------------

--
-- Структура таблицы `pr_consultation_answerer_specialization`
--

CREATE TABLE IF NOT EXISTS `pr_consultation_answerer_specialization` (
  `id_consultation_answerer` int(8) NOT NULL,
  `id_consultation_specialization` int(8) NOT NULL
) ENGINE=InnoDB DEFAULT CHARSET=utf8;

-- --------------------------------------------------------

--
-- Структура таблицы `pr_consultation_ask`
--

CREATE TABLE IF NOT EXISTS `pr_consultation_ask` (
  `id_consultation_ask` int(8) NOT NULL COMMENT 'id',
  `user_fio` varchar(255) NOT NULL COMMENT 'ФИО спрашивающего',
  `email` varchar(255) DEFAULT NULL COMMENT 'E-mail спрашивающего',
  `ask_date` int(10) unsigned DEFAULT NULL COMMENT 'Дата вопроса',
  `ask` text NOT NULL COMMENT 'Вопрос',
  `ip` varchar(255) DEFAULT NULL COMMENT 'IP спрашивающего',
  `is_visible` tinyint(1) DEFAULT NULL COMMENT 'Видимость',
  `attachment` int(8) DEFAULT NULL COMMENT 'Приложение',
  PRIMARY KEY (`id_consultation_ask`)
) ENGINE=InnoDB DEFAULT CHARSET=utf8 COMMENT='Вопрос';

-- --------------------------------------------------------

--
-- Структура таблицы `pr_consultation_ask_specialization`
--

CREATE TABLE IF NOT EXISTS `pr_consultation_ask_specialization` (
  `id_consultation_ask` int(8) NOT NULL,
  `id_consultation_specialization` int(8) NOT NULL
) ENGINE=InnoDB DEFAULT CHARSET=utf8;

-- --------------------------------------------------------

--
-- Структура таблицы `pr_consultation_specialization`
--

CREATE TABLE IF NOT EXISTS `pr_consultation_specialization` (
  `id_consultation_specialization` int(8) NOT NULL COMMENT 'id',
  `specialization` varchar(255) NOT NULL COMMENT 'Специализация',
  `description` text COMMENT 'Описание',
  PRIMARY KEY (`id_consultation_specialization`)
) ENGINE=InnoDB DEFAULT CHARSET=utf8 COMMENT='Специализация отвечающего';

-- --------------------------------------------------------

--
-- Структура таблицы `pr_feedback`
--

CREATE TABLE IF NOT EXISTS `pr_feedback` (
  `id_feedback` int(8) NOT NULL AUTO_INCREMENT COMMENT 'id',
  `fio` varchar(255) NOT NULL COMMENT 'ФИО',
  `phone` varchar(255) DEFAULT NULL COMMENT 'Телефон',
  `mail` varchar(255) DEFAULT NULL COMMENT 'e-mail',
  `message` longtext NOT NULL COMMENT 'Сообщение',
  `date` int(10) NOT NULL COMMENT 'Дата сообщения',
  `ip` varchar(255) NOT NULL COMMENT 'ip',
  PRIMARY KEY (`id_feedback`)
) ENGINE=InnoDB DEFAULT CHARSET=utf8 COMMENT='Обратная связь' AUTO_INCREMENT=1 ;

-- --------------------------------------------------------

--
-- Структура таблицы `pr_invoice`
--

CREATE TABLE IF NOT EXISTS `pr_invoice` (
  `id_invoice` int(8) NOT NULL AUTO_INCREMENT,
  `create_date` int(10) unsigned NOT NULL COMMENT 'Дата создания',
  `pay_date` int(10) unsigned DEFAULT NULL COMMENT 'Дата оплаты',
  `amount` int(8) NOT NULL COMMENT 'Сумма',
  `id_offer` int(8) NOT NULL COMMENT 'Заказ',
  PRIMARY KEY (`id_invoice`)
) ENGINE=InnoDB DEFAULT CHARSET=utf8 COMMENT='Счета' AUTO_INCREMENT=1 ;

-- --------------------------------------------------------

--
-- Структура таблицы `pr_link_offer_product`
--

CREATE TABLE IF NOT EXISTS `pr_link_offer_product` (
  `id_offer` int(8) NOT NULL,
  `id_product` int(8) NOT NULL,
  `amount` int(11) NOT NULL,
  PRIMARY KEY (`id_offer`,`id_product`)
) ENGINE=InnoDB DEFAULT CHARSET=utf8;

-- --------------------------------------------------------

--
-- Структура таблицы `pr_news`
--

CREATE TABLE IF NOT EXISTS `pr_news` (
  `id_news` int(8) NOT NULL AUTO_INCREMENT COMMENT 'ID',
  `title_ru` varchar(255) NOT NULL COMMENT 'Заголовок',
  `date` int(10) unsigned NOT NULL COMMENT 'Дата',
  `id_news_category` int(8) DEFAULT NULL COMMENT 'Категория',
  `short_ru` longtext COMMENT 'Краткое содержание',
  `content_ru` longtext NOT NULL COMMENT 'Содержание',
  `photo` int(8) DEFAULT NULL COMMENT 'Картинка',
  `is_visible` tinyint(1) DEFAULT '1' COMMENT 'Видимость',
  `title_en` varchar(255) DEFAULT NULL COMMENT 'Заголовок (по английски)',
  `short_en` longtext COMMENT 'Кратное содержание (по английски)',
  `content_en` longtext COMMENT 'Полное содержание (по английски)',
  `page_title` varchar(255) DEFAULT NULL COMMENT 'Заголовок <title>',
  `meta_keywords` longtext COMMENT 'Ключевые слова <meta name="keywords">',
  `meta_description` longtext COMMENT 'Описание <meta name="description">',
  PRIMARY KEY (`id_news`)
) ENGINE=InnoDB  DEFAULT CHARSET=utf8 COMMENT='Новости' AUTO_INCREMENT=4 ;

--
-- Дамп данных таблицы `pr_news`
--

INSERT INTO `pr_news` (`id_news`, `title_ru`, `date`, `id_news_category`, `short_ru`, `content_ru`, `photo`, `is_visible`, `title_en`, `short_en`, `content_en`, `page_title`, `meta_keywords`, `meta_description`) VALUES
(3, 'Кембрийскую бактерию вернули к жизни', 1416859435, NULL, 'В ходе одного из экспериментов астробиологической программы NASA ученые встроили в современную бактерию ген возрастом 500 миллионов лет.\r\n', '<p>В ходе одного из экспериментов астробиологической программы NASA ученые встроили в современную бактерию ген возрастом 500 миллионов лет.</p>\r\n<p><img src="/useruploads/files//full//nem_21.jpg" width="460" height="300" class="post-image-img" /></p>\r\n<p><img src="/useruploads/files//Layer-46.jpg" width="460" height="300" alt="Кембрийскую бактерию вернули к жизни" title="Кембрийскую бактерию вернули к жизни" class="post-image-img" /></p>\r\n<p>Биологам университета американского штата Джорджия удалось внедрить в геном современной бактерии кишечной палочки (Escherichia coli) генетическую последовательность EF-Tu, отвечающую за производство одного из самых распространенных белков. В этом эксперименте не было бы ничего необычного, если бы имплантируемый материал не принадлежал бактерии из кембрийского периода.</p>\r\n<p>Докторант технического центра NASA Бетул Качар и ее научный руководитель в проекте "Происхождение и эволюция рибосом" Эрик Гоше подготовили восемь идентичных штаммов химерической бактерии и пронаблюдали за их эволюцией в течение тысячи поколений.</p>\r\n<p>Все штаммы выжили, и на протяжении примерно 500 поколений их рост и развитие оказались задержанными примерно в два раза по сравнению с нынешней E.coli. Однако затем бактерии адаптировались к новому гену и принялись активно развиваться. Некоторые штаммы при этом оказались более жизнеспособными, чем исходная форма.</p>\r\n<p>К удивлению исследователей, внедренный в кишечную палочку "кембрийский" ген оказался очень устойчивым, и в процессе эволюции прослеженных тысячи поколений изменения затронули не его, а другие, современные гены. Иными словами, адаптироваться пришлось не архаичному гену, а его новым, современным соседям.</p>\r\n<p>Как пояснила Качар порталу Wired, целью ее исследования является установить, будет ли эволюция постоянна в своих путях, или каждая проблема может иметь несколько эволюционных решений. "Это похоже на обратную перемотку молекулярной видеокассеты. Наблюдая судьбу древних генов в современном организме мы ищем ответ на вопрос, повторится ли эволюционная траектория или направится по другому пути", &ndash; рассказала исследователь.</p>\r\n<p>Стоит напомнить, что примерно такую технологию создания генов&ndash;"франкенштейнов" использовал в своем романе "Парк юрского периода" известный писатель Майкл Крайтон. Правда, он воскрешал не крохотных бактерий, а гигантских динозавров, но что из них будет опаснее для человечества &ndash; пока большой вопрос.</p>\r\n<p>Еще одним вопросом остается появление у американских биологов настолько хорошо сохранившихся за полмиллиарда лет бактерий, что из них можно извлечь полноценный генетический материал.</p>', 2079, 1, 'Cambrian bacteria brought back to life', 'During one of the experiments astrobiologically program NASA scientists have built in a modern bacterium gene age of 500 million years.', '', NULL, '', '');

-- --------------------------------------------------------

--
-- Структура таблицы `pr_news_category`
--

CREATE TABLE IF NOT EXISTS `pr_news_category` (
  `id_news_category` int(8) NOT NULL AUTO_INCREMENT COMMENT 'id',
  `name` varchar(255) NOT NULL COMMENT 'Название',
  `seq` int(8) NOT NULL DEFAULT '1' COMMENT 'п/п',
  `is_visible` tinyint(1) DEFAULT '1' COMMENT 'Видимость',
  PRIMARY KEY (`id_news_category`)
) ENGINE=InnoDB DEFAULT CHARSET=utf8 COMMENT='Категории новостей' AUTO_INCREMENT=1 ;

-- --------------------------------------------------------

--
-- Структура таблицы `pr_offer`
--

CREATE TABLE IF NOT EXISTS `pr_offer` (
  `id_offer` int(8) NOT NULL AUTO_INCREMENT COMMENT 'id',
  `fio` varchar(255) NOT NULL COMMENT 'ФИО',
  `phone` varchar(255) DEFAULT NULL COMMENT 'Телефон',
  `mail` varchar(255) NOT NULL COMMENT 'e-mail',
  `comment` longtext COMMENT 'Пожелания',
  `offer_text` longtext NOT NULL COMMENT 'Заказ',
  `create_date` int(10) NOT NULL COMMENT 'Дата заказа',
  `is_process` tinyint(1) DEFAULT NULL COMMENT 'Обработано',
  `ip` varchar(255) NOT NULL COMMENT 'ip',
  `is_send` tinyint(1) DEFAULT NULL COMMENT 'Отправлено ли уведомление',
  `status` int(8) NOT NULL COMMENT 'Статус',
  `amount` int(8) NOT NULL COMMENT 'Сумма',
  `id_invoice` int(8) DEFAULT NULL COMMENT 'Счет',
  PRIMARY KEY (`id_offer`)
) ENGINE=InnoDB DEFAULT CHARSET=utf8 COMMENT='Заказы пользователей' AUTO_INCREMENT=1 ;

-- --------------------------------------------------------

--
-- Структура таблицы `pr_photogallery`
--

CREATE TABLE IF NOT EXISTS `pr_photogallery` (
  `id_photogallery` int(8) NOT NULL AUTO_INCREMENT COMMENT 'ID',
  `name` varchar(255) NOT NULL COMMENT 'Название',
  `text_in_gallery` text COMMENT 'Текст в галерее',
  `sequence` int(8) DEFAULT NULL COMMENT 'п/п',
  `id_parent` int(8) DEFAULT NULL COMMENT 'Родительский раздел',
  PRIMARY KEY (`id_photogallery`)
) ENGINE=InnoDB DEFAULT CHARSET=utf8 COMMENT='Фотогалереи' AUTO_INCREMENT=1 ;

-- --------------------------------------------------------

--
-- Структура таблицы `pr_photogallery_photo`
--

CREATE TABLE IF NOT EXISTS `pr_photogallery_photo` (
  `id_photogallery_photo` int(8) NOT NULL AUTO_INCREMENT COMMENT 'ID',
  `name_ru` varchar(255) DEFAULT NULL COMMENT 'Название',
  `id_photogallery_object` varchar(255) NOT NULL COMMENT 'Объект',
  `id_photogallery_instance` int(8) NOT NULL COMMENT 'Экземпляр-фотогалерея',
  `file` int(8) NOT NULL COMMENT 'Файл',
  `sequence` int(8) DEFAULT NULL COMMENT 'п/п',
  `name_en` varchar(255) DEFAULT NULL COMMENT 'Название (по английски)',
  `visible` tinyint(1) NOT NULL DEFAULT '1' COMMENT 'Видимость',
  PRIMARY KEY (`id_photogallery_photo`)
) ENGINE=InnoDB  DEFAULT CHARSET=utf8 COMMENT='Фотографии' AUTO_INCREMENT=98 ;

--
-- Дамп данных таблицы `pr_photogallery_photo`
--

INSERT INTO `pr_photogallery_photo` (`id_photogallery_photo`, `name_ru`, `id_photogallery_object`, `id_photogallery_instance`, `file`, `sequence`, `name_en`, `visible`) VALUES
(4, NULL, 'project-fotoalbomy', 3, 630, NULL, NULL, 1),
(5, NULL, 'project-fotoalbomy', 3, 632, NULL, NULL, 1),
(6, NULL, 'project-fotoalbomy', 3, 634, NULL, NULL, 1),
(7, NULL, 'project-fotoalbomy', 3, 636, NULL, NULL, 1),
(8, NULL, 'project-fotoalbomy', 3, 638, NULL, NULL, 1),
(9, NULL, 'project-fotoalbomy', 3, 640, NULL, NULL, 1),
(10, NULL, 'project-fotoalbomy', 3, 642, NULL, NULL, 1),
(11, NULL, 'project-fotoalbomy', 3, 644, NULL, NULL, 1),
(12, NULL, 'project-fotoalbomy', 3, 646, NULL, NULL, 1),
(13, NULL, 'project-fotoalbomy', 3, 648, NULL, NULL, 1),
(14, NULL, 'project-fotoalbomy', 3, 650, NULL, NULL, 1),
(15, NULL, 'project-fotoalbomy', 3, 652, NULL, NULL, 1),
(16, NULL, 'project-fotoalbomy', 3, 654, NULL, NULL, 1),
(17, NULL, 'project-fotoalbomy', 3, 656, NULL, NULL, 1),
(18, NULL, 'project-fotoalbomy', 3, 0, NULL, NULL, 1),
(19, NULL, 'project-fotoalbomy', 3, 658, NULL, NULL, 1),
(20, NULL, 'project-fotoalbomy', 3, 660, NULL, NULL, 1),
(21, NULL, 'project-fotoalbomy', 3, 662, NULL, NULL, 1),
(22, NULL, 'project-fotoalbomy', 3, 664, NULL, NULL, 1),
(23, NULL, 'project-fotoalbomy', 3, 666, NULL, NULL, 1),
(24, NULL, 'project-fotoalbomy', 3, 668, NULL, NULL, 1),
(25, NULL, 'project-fotoalbomy', 4, 686, NULL, NULL, 1),
(26, NULL, 'project-fotoalbomy', 4, 688, NULL, NULL, 1),
(27, NULL, 'project-fotoalbomy', 4, 690, NULL, NULL, 1),
(28, NULL, 'project-fotoalbomy', 4, 692, NULL, NULL, 1),
(29, NULL, 'project-fotoalbomy', 4, 694, NULL, NULL, 1),
(30, NULL, 'project-fotoalbomy', 4, 696, NULL, NULL, 1),
(31, NULL, 'project-fotoalbomy', 4, 698, NULL, NULL, 1),
(32, NULL, 'project-fotoalbomy', 4, 700, NULL, NULL, 1),
(33, NULL, 'project-fotoalbomy', 4, 702, NULL, NULL, 1),
(34, NULL, 'project-fotoalbomy', 4, 704, NULL, NULL, 1),
(35, NULL, 'project-fotoalbomy', 4, 706, NULL, NULL, 1),
(36, NULL, 'project-fotoalbomy', 4, 708, NULL, NULL, 1),
(37, NULL, 'project-fotoalbomy', 4, 710, NULL, NULL, 1),
(38, NULL, 'project-fotoalbomy', 4, 712, NULL, NULL, 1),
(39, NULL, 'project-fotoalbomy', 4, 714, NULL, NULL, 1),
(40, NULL, 'project-fotoalbomy', 4, 716, NULL, NULL, 1),
(41, NULL, 'project-fotoalbomy', 4, 718, NULL, NULL, 1),
(42, NULL, 'project-fotoalbomy', 4, 720, NULL, NULL, 1),
(43, NULL, 'project-fotoalbomy', 4, 722, NULL, NULL, 1),
(44, NULL, 'project-fotoalbomy', 4, 724, NULL, NULL, 1),
(45, NULL, 'project-fotoalbomy', 4, 726, NULL, NULL, 1),
(46, NULL, 'project-fotoalbomy', 4, 728, NULL, NULL, 1),
(47, NULL, 'project-fotoalbomy', 4, 730, NULL, NULL, 1),
(48, NULL, 'project-fotoalbomy', 4, 732, NULL, NULL, 1),
(49, NULL, 'project-fotoalbomy', 4, 734, NULL, NULL, 1),
(50, NULL, 'project-fotoalbomy', 4, 736, NULL, NULL, 1),
(51, NULL, 'project-fotoalbomy', 4, 738, NULL, NULL, 1),
(52, NULL, 'project-fotoalbomy', 4, 740, NULL, NULL, 1),
(53, NULL, 'project-fotoalbomy', 4, 742, NULL, NULL, 1),
(54, NULL, 'project-fotoalbomy', 4, 744, NULL, NULL, 1),
(55, NULL, 'project-fotoalbomy', 4, 746, NULL, NULL, 1),
(56, NULL, 'project-fotoalbomy', 4, 748, NULL, NULL, 1),
(57, NULL, 'project-fotoalbomy', 4, 750, NULL, NULL, 1),
(58, NULL, 'project-fotoalbomy', 4, 752, NULL, NULL, 1),
(59, NULL, 'project-fotoalbomy', 4, 754, NULL, NULL, 1),
(60, NULL, 'project-fotoalbomy', 4, 756, NULL, NULL, 1),
(61, NULL, 'project-fotoalbomy', 4, 758, NULL, NULL, 1),
(62, NULL, 'project-fotoalbomy', 4, 760, NULL, NULL, 1),
(63, NULL, 'project-fotoalbomy', 4, 762, NULL, NULL, 1),
(64, NULL, 'project-fotoalbomy', 4, 764, NULL, NULL, 1),
(65, NULL, 'project-fotoalbomy', 4, 766, NULL, NULL, 1),
(66, NULL, 'project-fotoalbomy', 4, 768, NULL, NULL, 1),
(67, NULL, 'project-fotoalbomy', 4, 770, NULL, NULL, 1),
(68, NULL, 'project-fotoalbomy', 4, 772, NULL, NULL, 1),
(69, NULL, 'project-fotoalbomy', 4, 774, NULL, NULL, 1),
(70, NULL, 'project-fotoalbomy', 4, 776, NULL, NULL, 1),
(71, NULL, 'project-fotoalbomy', 4, 778, NULL, NULL, 1),
(72, NULL, 'project-fotoalbomy', 4, 780, NULL, NULL, 1),
(73, NULL, 'project-fotoalbomy', 4, 782, NULL, NULL, 1),
(74, NULL, 'project-fotoalbomy', 4, 784, NULL, NULL, 1),
(75, NULL, 'project-fotoalbomy', 4, 786, NULL, NULL, 1),
(76, NULL, 'project-fotoalbomy', 4, 788, NULL, NULL, 1),
(77, NULL, 'project-fotoalbomy', 4, 790, NULL, NULL, 1),
(78, NULL, 'project-fotoalbomy', 4, 792, NULL, NULL, 1),
(79, NULL, 'project-fotoalbomy', 4, 794, NULL, NULL, 1),
(80, NULL, 'project-fotoalbomy', 4, 796, NULL, NULL, 1),
(81, NULL, 'project-fotoalbomy', 4, 798, NULL, NULL, 1),
(82, NULL, 'project-fotoalbomy', 4, 800, NULL, NULL, 1),
(83, NULL, 'project-fotoalbomy', 4, 802, NULL, NULL, 1),
(84, NULL, 'project-fotoalbomy', 4, 804, NULL, NULL, 1),
(85, NULL, 'project-fotoalbomy', 4, 806, NULL, NULL, 1),
(86, NULL, 'project-fotoalbomy', 4, 808, NULL, NULL, 1),
(87, NULL, 'project-fotoalbomy', 4, 810, NULL, NULL, 1),
(88, NULL, 'project-fotoalbomy', 4, 812, NULL, NULL, 1),
(89, NULL, 'project-fotoalbomy', 4, 814, NULL, NULL, 1),
(90, NULL, 'project-fotoalbomy', 4, 816, NULL, NULL, 1),
(91, NULL, 'project-fotoalbomy', 4, 818, NULL, NULL, 1),
(92, NULL, 'project-fotoalbomy', 4, 820, NULL, NULL, 1),
(93, NULL, 'project-fotoalbomy', 4, 822, NULL, NULL, 1),
(94, NULL, 'project-fotoalbomy', 4, 824, NULL, NULL, 1),
(95, NULL, 'project-fotoalbomy', 4, 826, NULL, NULL, 1),
(96, NULL, 'project-fotoalbomy', 4, 828, NULL, NULL, 1),
(97, NULL, 'project-fotoalbomy', 4, 830, NULL, NULL, 1);

-- --------------------------------------------------------

--
-- Структура таблицы `pr_product`
--

CREATE TABLE IF NOT EXISTS `pr_product` (
  `id_product` int(8) NOT NULL AUTO_INCREMENT COMMENT 'id',
  `id_product_category` int(8) NOT NULL COMMENT 'Каталог продукции',
  `code` varchar(255) DEFAULT NULL COMMENT 'Артикул',
  `name` varchar(255) NOT NULL COMMENT 'Название',
  `trade_price` decimal(8,2) NOT NULL COMMENT 'Оптовая цена',
  `sm_trade_price` decimal(8,2) NOT NULL COMMENT 'Мал. оптовая цена',
  `retail_price` decimal(8,2) NOT NULL COMMENT 'Розничная цена',
  `unit` varchar(255) DEFAULT NULL COMMENT 'Единица измерения',
  `quanList` varchar(255) DEFAULT NULL,
  `remain` varchar(255) DEFAULT NULL COMMENT 'Остаток',
  `description` longtext COMMENT 'Описание товара',
  `deleted` tinyint(1) NOT NULL COMMENT 'Удален',
  `image` int(8) DEFAULT NULL COMMENT 'Изображение',
  `properties` longtext COMMENT 'Характеристики',
  `additional_desc` longtext COMMENT 'Монтаж',
  `visible` tinyint(1) DEFAULT '1' COMMENT 'Видимость',
  `id_brand` int(8) DEFAULT NULL COMMENT 'Брэнд',
  `video` longtext COMMENT 'Видео',
  PRIMARY KEY (`id_product`)
) ENGINE=InnoDB DEFAULT CHARSET=utf8 COMMENT='Продукция' AUTO_INCREMENT=1 ;

-- --------------------------------------------------------

--
-- Структура таблицы `pr_product_brand`
--

CREATE TABLE IF NOT EXISTS `pr_product_brand` (
  `id_brand` int(8) NOT NULL AUTO_INCREMENT COMMENT 'id',
  `name` varchar(255) NOT NULL COMMENT 'Название',
  `id_parent` int(8) DEFAULT NULL COMMENT 'Родительский брэнд',
  `image` int(8) DEFAULT NULL COMMENT 'Логотип брэнда',
  `sequence` int(8) DEFAULT NULL COMMENT 'п/п',
  PRIMARY KEY (`id_brand`)
) ENGINE=InnoDB DEFAULT CHARSET=utf8 COMMENT='Брэнды' AUTO_INCREMENT=1 ;

-- --------------------------------------------------------

--
-- Структура таблицы `pr_product_category`
--

CREATE TABLE IF NOT EXISTS `pr_product_category` (
  `id_product_category` int(8) NOT NULL AUTO_INCREMENT COMMENT 'id',
  `name` varchar(255) NOT NULL COMMENT 'Название',
  `id_parent` int(8) DEFAULT NULL COMMENT 'Родитель',
  `image` int(8) DEFAULT NULL COMMENT 'Изображение',
  `price_markup` int(8) NOT NULL DEFAULT '0' COMMENT 'Наценка',
  `sequence` int(8) DEFAULT NULL COMMENT 'п/п',
  `visible` tinyint(1) DEFAULT '1' COMMENT 'Видимость',
  PRIMARY KEY (`id_product_category`)
) ENGINE=InnoDB DEFAULT CHARSET=utf8 COMMENT='Категории продукции' AUTO_INCREMENT=1 ;

-- --------------------------------------------------------

--
-- Структура таблицы `pr_question`
--

CREATE TABLE IF NOT EXISTS `pr_question` (
  `id_question` int(8) NOT NULL AUTO_INCREMENT COMMENT 'id',
  `name` varchar(255) NOT NULL COMMENT 'Спрашивающий',
  `email` varchar(255) DEFAULT NULL COMMENT 'E-mail',
  `ask_date` int(10) NOT NULL COMMENT 'Дата',
  `question` longtext NOT NULL COMMENT 'Вопрос',
  `answer` text COMMENT 'Ответ',
  `visible` tinyint(1) DEFAULT NULL COMMENT 'Видимость',
  `ip` varchar(100) NOT NULL,
  `category` int(8) NOT NULL DEFAULT '1' COMMENT 'Категория',
  `send` tinyint(1) NOT NULL DEFAULT '0' COMMENT 'Отправить ответ на email',
  PRIMARY KEY (`id_question`)
) ENGINE=InnoDB DEFAULT CHARSET=utf8 COMMENT='Вопрос-ответ' AUTO_INCREMENT=1 ;

-- --------------------------------------------------------

--
-- Структура таблицы `pr_quiz`
--

CREATE TABLE IF NOT EXISTS `pr_quiz` (
  `id_quiz` int(8) NOT NULL AUTO_INCREMENT COMMENT 'id',
  `name` varchar(255) NOT NULL COMMENT 'name',
  `description` text COMMENT 'description',
  `active` tinyint(1) NOT NULL DEFAULT '1' COMMENT 'active',
  PRIMARY KEY (`id_quiz`)
) ENGINE=InnoDB DEFAULT CHARSET=utf8 COMMENT='Викторины' AUTO_INCREMENT=1 ;

-- --------------------------------------------------------

--
-- Структура таблицы `pr_quiz_answer`
--

CREATE TABLE IF NOT EXISTS `pr_quiz_answer` (
  `id_quiz_answer` int(8) NOT NULL AUTO_INCREMENT COMMENT 'id',
  `id_quiz_question` int(8) NOT NULL COMMENT 'Вопрос',
  `answer` varchar(255) NOT NULL COMMENT 'Текст ответа',
  `is_right` tinyint(1) DEFAULT NULL COMMENT 'Правильный ли ответ',
  `sequence` int(8) NOT NULL DEFAULT '1' COMMENT 'п/п',
  PRIMARY KEY (`id_quiz_answer`)
) ENGINE=InnoDB DEFAULT CHARSET=utf8 COMMENT='Варианты ответов' AUTO_INCREMENT=1 ;

-- --------------------------------------------------------

--
-- Структура таблицы `pr_quiz_answer_user`
--

CREATE TABLE IF NOT EXISTS `pr_quiz_answer_user` (
  `id_quiz_answer_user` int(8) NOT NULL AUTO_INCREMENT COMMENT 'id',
  `id_quiz` int(8) NOT NULL COMMENT 'Викторина',
  `name` varchar(255) NOT NULL COMMENT 'ФИО',
  `mail` varchar(255) NOT NULL COMMENT 'mail',
  `library_card` varchar(255) DEFAULT NULL COMMENT 'Читательский билет',
  `contact` varchar(255) DEFAULT NULL COMMENT 'Контактная информация',
  `answer` text NOT NULL COMMENT 'Ответ',
  `create_date` int(10) unsigned NOT NULL COMMENT 'Дата',
  `ip` varchar(255) NOT NULL COMMENT 'ip',
  PRIMARY KEY (`id_quiz_answer_user`)
) ENGINE=InnoDB DEFAULT CHARSET=utf8 COMMENT='Ответ пользователя' AUTO_INCREMENT=1 ;

-- --------------------------------------------------------

--
-- Структура таблицы `pr_quiz_question`
--

CREATE TABLE IF NOT EXISTS `pr_quiz_question` (
  `id_quiz_question` int(8) NOT NULL AUTO_INCREMENT COMMENT 'id',
  `id_quiz` int(8) NOT NULL COMMENT 'Викторина',
  `question` text NOT NULL COMMENT 'Текст вопроса',
  `type` int(8) NOT NULL DEFAULT '1' COMMENT 'Тип ответов',
  `sequence` int(8) NOT NULL DEFAULT '1' COMMENT 'п/п',
  PRIMARY KEY (`id_quiz_question`)
) ENGINE=InnoDB DEFAULT CHARSET=utf8 COMMENT='Вопросы викторины' AUTO_INCREMENT=1 ;

-- --------------------------------------------------------

--
-- Структура таблицы `pr_remain_status`
--

CREATE TABLE IF NOT EXISTS `pr_remain_status` (
  `id_remain_status` int(8) NOT NULL AUTO_INCREMENT COMMENT 'id',
  `name` varchar(255) NOT NULL COMMENT 'Название',
  `min_value` int(8) NOT NULL COMMENT 'Мин. значение по-умолчанию',
  `max_value` int(8) NOT NULL COMMENT 'Макс. значение по-умолчанию',
  `icon` varchar(255) DEFAULT NULL COMMENT 'Иконка',
  PRIMARY KEY (`id_remain_status`)
) ENGINE=InnoDB  DEFAULT CHARSET=utf8 COMMENT='Статусы остатка продукции' AUTO_INCREMENT=6 ;

--
-- Дамп данных таблицы `pr_remain_status`
--

INSERT INTO `pr_remain_status` (`id_remain_status`, `name`, `min_value`, `max_value`, `icon`) VALUES
(1, 'под заказ', -999999999, 0, NULL),
(2, 'последняя штука', 0, 1, 'icon-red'),
(3, 'мало', 1, 5, 'icon-yellow'),
(4, 'средне', 5, 10, NULL),
(5, 'много', 10, 999999999, 'icon-green');

-- --------------------------------------------------------

--
-- Структура таблицы `pr_vitrine`
--

CREATE TABLE IF NOT EXISTS `pr_vitrine` (
  `id_vitrine` int(8) NOT NULL AUTO_INCREMENT COMMENT 'id',
  `link` varchar(255) DEFAULT NULL COMMENT 'Ссылка на переход',
  `title` varchar(255) DEFAULT NULL COMMENT 'Заголовок',
  `text` longtext COMMENT 'Дополнительный текст',
  `image` int(8) DEFAULT NULL COMMENT 'Фото',
  `sequence` int(8) DEFAULT NULL COMMENT 'п/п',
  PRIMARY KEY (`id_vitrine`)
) ENGINE=InnoDB  DEFAULT CHARSET=utf8 COMMENT='Витрина' AUTO_INCREMENT=4 ;

--
-- Дамп данных таблицы `pr_vitrine`
--

INSERT INTO `pr_vitrine` (`id_vitrine`, `link`, `title`, `text`, `image`, `sequence`) VALUES
(1, '/catalog/', 'Товары', '<h1>Лучшие товары в регионе!</h1>\r\n<p>Наши услуги настолько качественны, а товары дёшевы, что мы не могли не поделиться этим со всем миром и для этого создаём замечательный сайт.</p>', NULL, 1),
(2, '/news/', 'Услуги', '<h1>Лучшие услуги в регионе!</h1>\r\n<p>Наши услуги настолько качественны, а товары дёшевы, что мы не могли не поделиться этим со всем миром и для этого создаём замечательный сайт.</p>', NULL, 2),
(3, '/feedback/', 'Компания', '<h1>Лучшая компания в регионе!</h1>\r\n<p>Наши услуги настолько качественны, а товары дёшевы, что мы не могли не поделиться этим со всем миром и для этого создаём замечательный сайт.</p>', NULL, 3);

-- --------------------------------------------------------

--
-- Структура таблицы `pr_voting`
--

CREATE TABLE IF NOT EXISTS `pr_voting` (
  `id_voting` int(8) NOT NULL AUTO_INCREMENT COMMENT 'ID',
  `name` varchar(60) NOT NULL COMMENT 'Название голосования',
  `create_date` int(10) NOT NULL DEFAULT '0' COMMENT 'Дата создания голосования',
  `is_active` int(1) NOT NULL DEFAULT '1' COMMENT 'Активное',
  `is_checkbox` int(1) NOT NULL DEFAULT '0' COMMENT 'Множество ответов',
  `in_module` int(1) NOT NULL DEFAULT '1' COMMENT 'Показать в модуле',
  PRIMARY KEY (`id_voting`)
) ENGINE=InnoDB DEFAULT CHARSET=utf8 COMMENT='Голосование' AUTO_INCREMENT=1 ;

-- --------------------------------------------------------

--
-- Структура таблицы `pr_voting_answer`
--

CREATE TABLE IF NOT EXISTS `pr_voting_answer` (
  `id_voting_answer` int(8) NOT NULL AUTO_INCREMENT COMMENT 'id',
  `id_voting` int(8) NOT NULL DEFAULT '0' COMMENT 'Голосование',
  `name` varchar(60) NOT NULL COMMENT 'Вариант ответа',
  `count` int(8) NOT NULL DEFAULT '0' COMMENT 'Количество голосов',
  PRIMARY KEY (`id_voting_answer`,`id_voting`)
) ENGINE=InnoDB DEFAULT CHARSET=utf8 COMMENT='Ответы на голосование' AUTO_INCREMENT=1 ;

--
-- Ограничения внешнего ключа сохраненных таблиц
--

--
-- Ограничения внешнего ключа таблицы `da_auth_assignment`
--
ALTER TABLE `da_auth_assignment`
  ADD CONSTRAINT `da_auth_assignment_ibfk_1` FOREIGN KEY (`itemname`) REFERENCES `da_auth_item` (`name`) ON DELETE CASCADE ON UPDATE CASCADE;

--
-- Ограничения внешнего ключа таблицы `da_auth_item_child`
--
ALTER TABLE `da_auth_item_child`
  ADD CONSTRAINT `da_auth_item_child_ibfk_1` FOREIGN KEY (`parent`) REFERENCES `da_auth_item` (`name`) ON DELETE CASCADE ON UPDATE CASCADE,
  ADD CONSTRAINT `da_auth_item_child_ibfk_2` FOREIGN KEY (`child`) REFERENCES `da_auth_item` (`name`) ON DELETE CASCADE ON UPDATE CASCADE;

/*!40101 SET CHARACTER_SET_CLIENT=@OLD_CHARACTER_SET_CLIENT */;
/*!40101 SET CHARACTER_SET_RESULTS=@OLD_CHARACTER_SET_RESULTS */;
/*!40101 SET COLLATION_CONNECTION=@OLD_COLLATION_CONNECTION */;
